timestamp,vehicles,is_weekend,is_dark,sunrise_hour,sunset_hour,has_event,electricity_kwh
2026-01-04 01:32:20.334471,4,1,1,6,18,0,15.5
2026-01-04 02:32:20.334471,5,1,1,6,18,0,15.07
2026-01-04 03:32:20.334471,5,1,1,6,18,0,15.24
2026-01-04 04:32:20.334471,3,1,1,6,18,0,15.98
2026-01-04 05:32:20.334471,5,1,1,6,18,0,15.62
2026-01-04 06:32:20.334471,5,1,0,6,18,0,3.78
2026-01-04 07:32:20.334471,5,1,0,6,18,0,3.83
2026-01-04 08:32:20.334471,5,1,0,6,18,0,3.43
2026-01-04 09:32:20.334471,4,1,0,6,18,0,3.7
2026-01-04 10:32:20.334471,17,1,0,6,18,0,3.18
2026-01-04 11:32:20.334471,13,1,0,6,18,0,3.51
2026-01-04 12:32:20.334471,16,1,0,6,18,0,3.57
2026-01-04 13:32:20.334471,12,1,0,6,18,0,3.07
2026-01-04 14:32:20.334471,14,1,0,6,18,0,3.59
2026-01-04 15:32:20.334471,12,1,0,6,18,0,3.12
2026-01-04 16:32:20.334471,15,1,0,6,18,0,3.64
2026-01-04 17:32:20.334471,5,1,0,6,18,0,3.45
2026-01-04 18:32:20.334471,5,1,1,6,18,0,15.13
2026-01-04 19:32:20.334471,4,1,1,6,18,0,15.6
2026-01-04 20:32:20.334471,4,1,1,6,18,0,15.28
2026-01-04 21:32:20.334471,5,1,1,6,18,0,15.56
2026-01-04 22:32:20.334471,5,1,1,6,18,0,15.38
2026-01-04 23:32:20.334471,5,1,1,6,18,0,15.41
2026-01-05 00:32:20.334471,8,0,1,6,18,0,15.75
2026-01-05 01:32:20.334471,8,0,1,6,18,0,15.3
2026-01-05 02:32:20.334471,8,0,1,6,18,0,15.73
2026-01-05 03:32:20.334471,8,0,1,6,18,0,15.6
2026-01-05 04:32:20.334471,8,0,1,6,18,0,15.41
2026-01-05 05:32:20.334471,7,0,1,6,18,0,15.73
2026-01-05 06:32:20.334471,7,0,0,6,18,0,3.58
2026-01-05 07:32:20.334471,8,0,0,6,18,0,3.74
2026-01-05 08:32:20.334471,69,0,0,6,18,0,4.5
2026-01-05 09:32:20.334471,109,0,0,6,18,0,4.9
2026-01-05 10:32:20.334471,121,0,0,6,18,0,5.75
2026-01-05 11:32:20.334471,127,0,0,6,18,0,5.54
2026-01-05 12:32:20.334471,104,0,0,6,18,0,4.69
2026-01-05 13:32:20.334471,123,0,0,6,18,0,5.14
2026-01-05 14:32:20.334471,152,0,0,6,18,0,5.48
2026-01-05 15:32:20.334471,128,0,0,6,18,0,5.07
2026-01-05 16:32:20.334471,121,0,0,6,18,0,5.65
2026-01-05 17:32:20.334471,79,0,0,6,18,0,4.22
2026-01-05 18:32:20.334471,41,0,1,6,18,0,16.09
2026-01-05 19:32:20.334471,34,0,1,6,18,0,16.26
2026-01-05 20:32:20.334471,36,0,1,6,18,0,15.91
2026-01-05 21:32:20.334471,9,0,1,6,18,0,15.44
2026-01-05 22:32:20.334471,8,0,1,6,18,0,15.36
2026-01-05 23:32:20.334471,6,0,1,6,18,0,16.01
2026-01-06 00:32:20.334471,8,0,1,6,18,0,15.62
2026-01-06 01:32:20.334471,7,0,1,6,18,0,15.32
2026-01-06 02:32:20.334471,6,0,1,6,18,0,15.49
2026-01-06 03:32:20.334471,7,0,1,6,18,0,15.83
2026-01-06 04:32:20.334471,7,0,1,6,18,0,15.68
2026-01-06 05:32:20.334471,8,0,1,6,18,0,15.51
2026-01-06 06:32:20.334471,8,0,0,6,18,0,3.0
2026-01-06 07:32:20.334471,8,0,0,6,18,0,3.41
2026-01-06 08:32:20.334471,84,0,0,6,18,0,5.37
2026-01-06 09:32:20.334471,116,0,0,6,18,0,4.96
2026-01-06 10:32:20.334471,140,0,0,6,18,0,5.44
2026-01-06 11:32:20.334471,110,0,0,6,18,0,4.56
2026-01-06 12:32:20.334471,115,0,0,6,18,0,4.89
2026-01-06 13:32:20.334471,104,0,0,6,18,0,4.87
2026-01-06 14:32:20.334471,141,0,0,6,18,0,5.77
2026-01-06 15:32:20.334471,122,0,0,6,18,0,5.08
2026-01-06 16:32:20.334471,124,0,0,6,18,0,5.27
2026-01-06 17:32:20.334471,79,0,0,6,18,0,4.77
2026-01-06 18:32:20.334471,41,0,1,6,18,0,16.06
2026-01-06 19:32:20.334471,36,0,1,6,18,0,16.28
2026-01-06 20:32:20.334471,40,0,1,6,18,0,16.02
2026-01-06 21:32:20.334471,9,0,1,6,18,0,15.78
2026-01-06 22:32:20.334471,8,0,1,6,18,0,15.61
2026-01-06 23:32:20.334471,8,0,1,6,18,0,15.65
2026-01-07 00:32:20.334471,8,0,1,6,18,0,15.66
2026-01-07 01:32:20.334471,8,0,1,6,18,0,15.54
2026-01-07 02:32:20.334471,8,0,1,6,18,0,15.23
2026-01-07 03:32:20.334471,8,0,1,6,18,0,15.25
2026-01-07 04:32:20.334471,6,0,1,6,18,0,15.48
2026-01-07 05:32:20.334471,8,0,1,6,18,0,15.43
2026-01-07 06:32:20.334471,8,0,0,6,18,0,4.14
2026-01-07 07:32:20.334471,8,0,0,6,18,0,3.58
2026-01-07 08:32:20.334471,67,0,0,6,18,0,3.79
2026-01-07 09:32:20.334471,132,0,0,6,18,0,5.58
2026-01-07 10:32:20.334471,123,0,0,6,18,0,5.0
2026-01-07 11:32:20.334471,129,0,0,6,18,0,5.16
2026-01-07 12:32:20.334471,110,0,0,6,18,0,5.34
2026-01-07 13:32:20.334471,123,0,0,6,18,0,5.03
2026-01-07 14:32:20.334471,119,0,0,6,18,0,4.79
2026-01-07 15:32:20.334471,119,0,0,6,18,0,4.6
2026-01-07 16:32:20.334471,132,0,0,6,18,0,5.68
2026-01-07 17:32:20.334471,60,0,0,6,18,0,3.96
2026-01-07 18:32:20.334471,44,0,1,6,18,0,15.7
2026-01-07 19:32:20.334471,36,0,1,6,18,0,15.52
2026-01-07 20:32:20.334471,45,0,1,6,18,0,16.76
2026-01-07 21:32:20.334471,6,0,1,6,18,0,15.08
2026-01-07 22:32:20.334471,7,0,1,6,18,0,15.22
2026-01-07 23:32:20.334471,9,0,1,6,18,0,15.57
2026-01-08 00:32:20.334471,8,0,1,6,18,0,15.72
2026-01-08 01:32:20.334471,7,0,1,6,18,0,15.71
2026-01-08 02:32:20.334471,8,0,1,6,18,0,15.74
2026-01-08 03:32:20.334471,7,0,1,6,18,0,15.25
2026-01-08 04:32:20.334471,8,0,1,6,18,0,15.92
2026-01-08 05:32:20.334471,6,0,1,6,18,0,15.92
2026-01-08 06:32:20.334471,8,0,0,6,18,0,3.29
2026-01-08 07:32:20.334471,9,0,0,6,18,0,3.99
2026-01-08 08:32:20.334471,63,0,0,6,18,0,4.11
2026-01-08 09:32:20.334471,116,0,0,6,18,0,4.83
2026-01-08 10:32:20.334471,117,0,0,6,18,0,4.84
2026-01-08 11:32:20.334471,106,0,0,6,18,0,4.83
2026-01-08 12:32:20.334471,111,0,0,6,18,0,4.97
2026-01-08 13:32:20.334471,136,0,0,6,18,0,5.91
2026-01-08 14:32:20.334471,111,0,0,6,18,0,5.21
2026-01-08 15:32:20.334471,135,0,0,6,18,0,5.19
2026-01-08 16:32:20.334471,130,0,0,6,18,0,5.18
2026-01-08 17:32:20.334471,63,0,0,6,18,0,4.41
2026-01-08 18:32:20.334471,42,0,1,6,18,0,16.41
2026-01-08 19:32:20.334471,38,0,1,6,18,0,16.05
2026-01-08 20:32:20.334471,41,0,1,6,18,0,16.19
2026-01-08 21:32:20.334471,8,0,1,6,18,0,15.57
2026-01-08 22:32:20.334471,7,0,1,6,18,0,16.02
2026-01-08 23:32:20.334471,8,0,1,6,18,0,15.24
2026-01-09 00:32:20.334471,7,0,1,6,18,0,15.03
2026-01-09 01:32:20.334471,8,0,1,6,18,0,15.65
2026-01-09 02:32:20.334471,6,0,1,6,18,0,15.72
2026-01-09 03:32:20.334471,7,0,1,6,18,0,15.65
2026-01-09 04:32:20.334471,8,0,1,6,18,0,15.49
2026-01-09 05:32:20.334471,7,0,1,6,18,0,15.53
2026-01-09 06:32:20.334471,7,0,0,6,18,0,3.45
2026-01-09 07:32:20.334471,7,0,0,6,18,0,3.72
2026-01-09 08:32:20.334471,71,0,0,6,18,0,4.58
2026-01-09 09:32:20.334471,123,0,0,6,18,0,5.02
2026-01-09 10:32:20.334471,130,0,0,6,18,0,5.39
2026-01-09 11:32:20.334471,110,0,0,6,18,0,5.02
2026-01-09 12:32:20.334471,117,0,0,6,18,0,5.14
2026-01-09 13:32:20.334471,112,0,0,6,18,0,5.01
2026-01-09 14:32:20.334471,127,0,0,6,18,0,4.93
2026-01-09 15:32:20.334471,119,0,0,6,18,0,4.87
2026-01-09 16:32:20.334471,132,0,0,6,18,0,5.11
2026-01-09 17:32:20.334471,58,0,0,6,18,0,3.93
2026-01-09 18:32:20.334471,42,0,1,6,18,0,16.07
2026-01-09 19:32:20.334471,36,0,1,6,18,0,16.4
2026-01-09 20:32:20.334471,45,0,1,6,18,0,16.36
2026-01-09 21:32:20.334471,7,0,1,6,18,0,15.77
2026-01-09 22:32:20.334471,7,0,1,6,18,0,15.91
2026-01-09 23:32:20.334471,7,0,1,6,18,0,15.17
2026-01-10 00:32:20.334471,4,1,1,6,18,0,15.57
2026-01-10 01:32:20.334471,5,1,1,6,18,0,15.91
2026-01-10 02:32:20.334471,5,1,1,6,18,0,15.61
2026-01-10 03:32:20.334471,5,1,1,6,18,0,15.73
2026-01-10 04:32:20.334471,5,1,1,6,18,0,15.32
2026-01-10 05:32:20.334471,5,1,1,6,18,0,15.32
2026-01-10 06:32:20.334471,4,1,0,6,18,0,3.29
2026-01-10 07:32:20.334471,4,1,0,6,18,0,3.67
2026-01-10 08:32:20.334471,5,1,0,6,18,0,3.59
2026-01-10 09:32:20.334471,4,1,0,6,18,0,2.95
2026-01-10 10:32:20.334471,14,1,0,6,18,0,3.92
2026-01-10 11:32:20.334471,16,1,0,6,18,0,3.77
2026-01-10 12:32:20.334471,16,1,0,6,18,0,3.87
2026-01-10 13:32:20.334471,13,1,0,6,18,0,3.5
2026-01-10 14:32:20.334471,15,1,0,6,18,0,3.92
2026-01-10 15:32:20.334471,13,1,0,6,18,0,3.59
2026-01-10 16:32:20.334471,14,1,0,6,18,0,3.39
2026-01-10 17:32:20.334471,5,1,0,6,18,0,4.29
2026-01-10 18:32:20.334471,4,1,1,6,18,0,15.39
2026-01-10 19:32:20.334471,4,1,1,6,18,0,16.03
2026-01-10 20:32:20.334471,4,1,1,6,18,0,15.98
2026-01-10 21:32:20.334471,4,1,1,6,18,0,15.72
2026-01-10 22:32:20.334471,4,1,1,6,18,0,15.27
2026-01-10 23:32:20.334471,5,1,1,6,18,0,16.0
2026-01-11 00:32:20.334471,5,1,1,6,18,0,15.6
2026-01-11 01:32:20.334471,5,1,1,6,18,0,15.13
2026-01-11 02:32:20.334471,5,1,1,6,18,0,15.93
2026-01-11 03:32:20.334471,5,1,1,6,18,0,15.09
2026-01-11 04:32:20.334471,4,1,1,6,18,0,14.96
2026-01-11 05:32:20.334471,5,1,1,6,18,0,15.82
2026-01-11 06:32:20.334471,4,1,0,6,18,0,3.13
2026-01-11 07:32:20.334471,5,1,0,6,18,0,3.43
2026-01-11 08:32:20.334471,4,1,0,6,18,0,3.59
2026-01-11 09:32:20.334471,4,1,0,6,18,0,3.17
2026-01-11 10:32:20.334471,14,1,0,6,18,0,3.71
2026-01-11 11:32:20.334471,14,1,0,6,18,0,3.33
2026-01-11 12:32:20.334471,12,1,0,6,18,0,3.1
2026-01-11 13:32:20.334471,17,1,0,6,18,0,3.56
2026-01-11 14:32:20.334471,13,1,0,6,18,0,3.64
2026-01-11 15:32:20.334471,13,1,0,6,18,0,3.52
2026-01-11 16:32:20.334471,15,1,0,6,18,0,3.77
2026-01-11 17:32:20.334471,4,1,0,6,18,0,2.87
2026-01-11 18:32:20.334471,4,1,1,6,18,0,15.6
2026-01-11 19:32:20.334471,4,1,1,6,18,0,15.58
2026-01-11 20:32:20.334471,4,1,1,6,18,0,15.78
2026-01-11 21:32:20.334471,4,1,1,6,18,0,15.65
2026-01-11 22:32:20.334471,5,1,1,6,18,0,15.65
2026-01-11 23:32:20.334471,5,1,1,6,18,0,15.6
2026-01-12 00:32:20.334471,7,0,1,6,18,0,15.75
2026-01-12 01:32:20.334471,9,0,1,6,18,0,15.94
2026-01-12 02:32:20.334471,8,0,1,6,18,0,15.0
2026-01-12 03:32:20.334471,7,0,1,6,18,0,15.5
2026-01-12 04:32:20.334471,5,0,1,6,18,0,15.95
2026-01-12 05:32:20.334471,10,0,1,6,18,0,15.75
2026-01-12 06:32:20.334471,7,0,0,6,18,0,3.24
2026-01-12 07:32:20.334471,8,0,0,6,18,0,3.06
2026-01-12 08:32:20.334471,80,0,0,6,18,0,4.63
2026-01-12 09:32:20.334471,122,0,0,6,18,0,4.85
2026-01-12 10:32:20.334471,96,0,0,6,18,0,4.68
2026-01-12 11:32:20.334471,121,0,0,6,18,0,5.03
2026-01-12 12:32:20.334471,134,0,0,6,18,0,5.48
2026-01-12 13:32:20.334471,102,0,0,6,18,0,5.14
2026-01-12 14:32:20.334471,123,0,0,6,18,0,5.19
2026-01-12 15:32:20.334471,117,0,0,6,18,0,5.2
2026-01-12 16:32:20.334471,112,0,0,6,18,0,4.79
2026-01-12 17:32:20.334471,59,0,0,6,18,0,4.06
2026-01-12 18:32:20.334471,37,0,1,6,18,0,15.73
2026-01-12 19:32:20.334471,42,0,1,6,18,0,15.56
2026-01-12 20:32:20.334471,37,0,1,6,18,0,16.48
2026-01-12 21:32:20.334471,8,0,1,6,18,0,15.69
2026-01-12 22:32:20.334471,7,0,1,6,18,0,15.32
2026-01-12 23:32:20.334471,8,0,1,6,18,0,15.65
2026-01-13 00:32:20.334471,8,0,1,6,18,0,15.55
2026-01-13 01:32:20.334471,7,0,1,6,18,0,15.25
2026-01-13 02:32:20.334471,7,0,1,6,18,0,16.38
2026-01-13 03:32:20.334471,7,0,1,6,18,0,15.37
2026-01-13 04:32:20.334471,8,0,1,6,18,0,15.55
2026-01-13 05:32:20.334471,7,0,1,6,18,0,15.72
2026-01-13 06:32:20.334471,7,0,0,6,18,0,3.19
2026-01-13 07:32:20.334471,7,0,0,6,18,0,3.51
2026-01-13 08:32:20.334471,75,0,0,6,18,0,4.93
2026-01-13 09:32:20.334471,133,0,0,6,18,0,5.15
2026-01-13 10:32:20.334471,133,0,0,6,18,0,5.02
2026-01-13 11:32:20.334471,148,0,0,6,18,0,5.3
2026-01-13 12:32:20.334471,120,0,0,6,18,0,4.9
2026-01-13 13:32:20.334471,114,0,0,6,18,0,4.78
2026-01-13 14:32:20.334471,99,0,0,6,18,0,4.56
2026-01-13 15:32:20.334471,112,0,0,6,18,0,5.36
2026-01-13 16:32:20.334471,130,0,0,6,18,0,5.46
2026-01-13 17:32:20.334471,68,0,0,6,18,0,4.08
2026-01-13 18:32:20.334471,42,0,1,6,18,0,16.19
2026-01-13 19:32:20.334471,45,0,1,6,18,0,15.7
2026-01-13 20:32:20.334471,41,0,1,6,18,0,15.99
2026-01-13 21:32:20.334471,8,0,1,6,18,0,15.54
2026-01-13 22:32:20.334471,7,0,1,6,18,0,15.64
2026-01-13 23:32:20.334471,7,0,1,6,18,0,15.49
2026-01-14 00:32:20.334471,8,0,1,6,18,0,16.04
2026-01-14 01:32:20.334471,8,0,1,6,18,0,15.7
2026-01-14 02:32:20.334471,7,0,1,6,18,0,15.66
2026-01-14 03:32:20.334471,8,0,1,6,18,0,14.83
2026-01-14 04:32:20.334471,8,0,1,6,18,0,15.54
2026-01-14 05:32:20.334471,8,0,1,6,18,0,15.41
2026-01-14 06:32:20.334471,8,0,0,6,18,0,3.77
2026-01-14 07:32:20.334471,7,0,0,6,18,0,3.74
2026-01-14 08:32:20.334471,69,0,0,6,18,0,4.22
2026-01-14 09:32:20.334471,121,0,0,6,18,0,5.0
2026-01-14 10:32:20.334471,133,0,0,6,18,0,5.61
2026-01-14 11:32:20.334471,130,0,0,6,18,0,5.5
2026-01-14 12:32:20.334471,120,0,0,6,18,0,5.35
2026-01-14 13:32:20.334471,125,0,0,6,18,0,5.4
2026-01-14 14:32:20.334471,106,0,0,6,18,0,4.5
2026-01-14 15:32:20.334471,122,0,0,6,18,0,5.01
2026-01-14 16:32:20.334471,130,0,0,6,18,0,5.12
2026-01-14 17:32:20.334471,76,0,0,6,18,0,4.33
2026-01-14 18:32:20.334471,37,0,1,6,18,0,15.8
2026-01-14 19:32:20.334471,36,0,1,6,18,0,16.45
2026-01-14 20:32:20.334471,41,0,1,6,18,0,15.91
2026-01-14 21:32:20.334471,7,0,1,6,18,0,15.84
2026-01-14 22:32:20.334471,8,0,1,6,18,0,16.0
2026-01-14 23:32:20.334471,7,0,1,6,18,0,15.66
2026-01-15 00:32:20.334471,7,0,1,6,18,0,15.9
2026-01-15 01:32:20.334471,8,0,1,6,18,0,15.52
2026-01-15 02:32:20.334471,7,0,1,6,18,0,15.68
2026-01-15 03:32:20.334471,6,0,1,6,18,0,15.71
2026-01-15 04:32:20.334471,8,0,1,6,18,0,15.53
2026-01-15 05:32:20.334471,8,0,1,6,18,0,15.73
2026-01-15 06:32:20.334471,9,0,0,6,18,0,3.05
2026-01-15 07:32:20.334471,7,0,0,6,18,0,3.4
2026-01-15 08:32:20.334471,61,0,0,6,18,0,4.52
2026-01-15 09:32:20.334471,121,0,0,6,18,0,5.21
2026-01-15 10:32:20.334471,128,0,0,6,18,0,5.33
2026-01-15 11:32:20.334471,123,0,0,6,18,0,5.15
2026-01-15 12:32:20.334471,112,0,0,6,18,0,4.9
2026-01-15 13:32:20.334471,109,0,0,6,18,0,4.97
2026-01-15 14:32:20.334471,106,0,0,6,18,0,4.86
2026-01-15 15:32:20.334471,123,0,0,6,18,0,5.16
2026-01-15 16:32:20.334471,149,0,0,6,18,0,5.55
2026-01-15 17:32:20.334471,75,0,0,6,18,0,4.37
2026-01-15 18:32:20.334471,44,0,1,6,18,0,15.6
2026-01-15 19:32:20.334471,41,0,1,6,18,0,15.97
2026-01-15 20:32:20.334471,35,0,1,6,18,0,16.02
2026-01-15 21:32:20.334471,8,0,1,6,18,0,15.71
2026-01-15 22:32:20.334471,7,0,1,6,18,0,15.41
2026-01-15 23:32:20.334471,7,0,1,6,18,0,15.98
2026-01-16 00:32:20.334471,8,0,1,6,18,0,15.38
2026-01-16 01:32:20.334471,8,0,1,6,18,0,15.5
2026-01-16 02:32:20.334471,8,0,1,6,18,0,15.42
2026-01-16 03:32:20.334471,7,0,1,6,18,0,14.77
2026-01-16 04:32:20.334471,8,0,1,6,18,0,15.94
2026-01-16 05:32:20.334471,8,0,1,6,18,0,15.4
2026-01-16 06:32:20.334471,8,0,0,6,18,0,3.43
2026-01-16 07:32:20.334471,7,0,0,6,18,0,3.28
2026-01-16 08:32:20.334471,70,0,0,6,18,0,4.12
2026-01-16 09:32:20.334471,121,0,0,6,18,0,5.17
2026-01-16 10:32:20.334471,125,0,0,6,18,0,5.42
2026-01-16 11:32:20.334471,144,0,0,6,18,0,5.45
2026-01-16 12:32:20.334471,104,0,0,6,18,0,5.11
2026-01-16 13:32:20.334471,123,0,0,6,18,0,5.41
2026-01-16 14:32:20.334471,114,0,0,6,18,0,4.94
2026-01-16 15:32:20.334471,134,0,0,6,18,0,5.2
2026-01-16 16:32:20.334471,119,0,0,6,18,0,5.0
2026-01-16 17:32:20.334471,76,0,0,6,18,0,4.57
2026-01-16 18:32:20.334471,36,0,1,6,18,0,15.79
2026-01-16 19:32:20.334471,43,0,1,6,18,0,16.22
2026-01-16 20:32:20.334471,41,0,1,6,18,0,16.31
2026-01-16 21:32:20.334471,7,0,1,6,18,0,15.7
2026-01-16 22:32:20.334471,7,0,1,6,18,0,15.9
2026-01-16 23:32:20.334471,6,0,1,6,18,0,15.69
2026-01-17 00:32:20.334471,5,1,1,6,18,0,16.13
2026-01-17 01:32:20.334471,5,1,1,6,18,0,15.65
2026-01-17 02:32:20.334471,6,1,1,6,18,0,16.2
2026-01-17 03:32:20.334471,4,1,1,6,18,0,15.57
2026-01-17 04:32:20.334471,4,1,1,6,18,0,16.04
2026-01-17 05:32:20.334471,5,1,1,6,18,0,16.38
2026-01-17 06:32:20.334471,4,1,0,6,18,0,3.72
2026-01-17 07:32:20.334471,4,1,0,6,18,0,3.13
2026-01-17 08:32:20.334471,5,1,0,6,18,0,3.23
2026-01-17 09:32:20.334471,4,1,0,6,18,0,3.3
2026-01-17 10:32:20.334471,17,1,0,6,18,0,3.79
2026-01-17 11:32:20.334471,16,1,0,6,18,0,3.28
2026-01-17 12:32:20.334471,14,1,0,6,18,0,3.4
2026-01-17 13:32:20.334471,15,1,0,6,18,0,3.38
2026-01-17 14:32:20.334471,18,1,0,6,18,0,3.76
2026-01-17 15:32:20.334471,15,1,0,6,18,0,3.84
2026-01-17 16:32:20.334471,16,1,0,6,18,0,3.58
2026-01-17 17:32:20.334471,4,1,0,6,18,0,3.37
2026-01-17 18:32:20.334471,5,1,1,6,18,0,14.79
2026-01-17 19:32:20.334471,5,1,1,6,18,0,15.36
2026-01-17 20:32:20.334471,4,1,1,6,18,0,15.8
2026-01-17 21:32:20.334471,4,1,1,6,18,0,15.09
2026-01-17 22:32:20.334471,4,1,1,6,18,0,15.61
2026-01-17 23:32:20.334471,5,1,1,6,18,0,16.16
2026-01-18 00:32:20.334471,5,1,1,6,18,0,15.25
2026-01-18 01:32:20.334471,5,1,1,6,18,0,16.06
2026-01-18 02:32:20.334471,5,1,1,6,18,0,14.93
2026-01-18 03:32:20.334471,4,1,1,6,18,0,15.19
2026-01-18 04:32:20.334471,5,1,1,6,18,0,15.27
2026-01-18 05:32:20.334471,5,1,1,6,18,0,15.78
2026-01-18 06:32:20.334471,5,1,0,6,18,0,3.09
2026-01-18 07:32:20.334471,4,1,0,6,18,0,3.33
2026-01-18 08:32:20.334471,4,1,0,6,18,0,3.92
2026-01-18 09:32:20.334471,5,1,0,6,18,0,3.46
2026-01-18 10:32:20.334471,16,1,0,6,18,0,2.88
2026-01-18 11:32:20.334471,15,1,0,6,18,0,2.87
2026-01-18 12:32:20.334471,17,1,0,6,18,0,3.21
2026-01-18 13:32:20.334471,16,1,0,6,18,0,3.69
2026-01-18 14:32:20.334471,15,1,0,6,18,0,3.29
2026-01-18 15:32:20.334471,14,1,0,6,18,0,3.76
2026-01-18 16:32:20.334471,16,1,0,6,18,0,3.58
2026-01-18 17:32:20.334471,4,1,0,6,18,0,3.64
2026-01-18 18:32:20.334471,5,1,1,6,18,0,15.24
2026-01-18 19:32:20.334471,4,1,1,6,18,0,15.91
2026-01-18 20:32:20.334471,4,1,1,6,18,0,16.12
2026-01-18 21:32:20.334471,4,1,1,6,18,0,15.9
2026-01-18 22:32:20.334471,6,1,1,6,18,0,15.49
2026-01-18 23:32:20.334471,5,1,1,6,18,0,15.76
2026-01-19 00:32:20.334471,7,0,1,6,18,0,15.8
2026-01-19 01:32:20.334471,5,0,1,6,18,0,15.58
2026-01-19 02:32:20.334471,8,0,1,6,18,0,15.67
2026-01-19 03:32:20.334471,6,0,1,6,18,0,15.97
2026-01-19 04:32:20.334471,6,0,1,6,18,0,15.31
2026-01-19 05:32:20.334471,7,0,1,6,18,0,16.02
2026-01-19 06:32:20.334471,9,0,0,6,18,0,3.28
2026-01-19 07:32:20.334471,7,0,0,6,18,0,3.71
2026-01-19 08:32:20.334471,65,0,0,6,18,0,4.37
2026-01-19 09:32:20.334471,115,0,0,6,18,0,5.14
2026-01-19 10:32:20.334471,122,0,0,6,18,0,5.16
2026-01-19 11:32:20.334471,108,0,0,6,18,0,4.93
2026-01-19 12:32:20.334471,116,0,0,6,18,0,5.39
2026-01-19 13:32:20.334471,112,0,0,6,18,0,4.6
2026-01-19 14:32:20.334471,109,0,0,6,18,0,5.16
2026-01-19 15:32:20.334471,110,0,0,6,18,0,4.68
2026-01-19 16:32:20.334471,126,0,0,6,18,0,5.65
2026-01-19 17:32:20.334471,57,0,0,6,18,0,4.59
2026-01-19 18:32:20.334471,45,0,1,6,18,0,16.1
2026-01-19 19:32:20.334471,37,0,1,6,18,0,16.12
2026-01-19 20:32:20.334471,36,0,1,6,18,0,16.28
2026-01-19 21:32:20.334471,8,0,1,6,18,0,15.97
2026-01-19 22:32:20.334471,8,0,1,6,18,0,16.04
2026-01-19 23:32:20.334471,7,0,1,6,18,0,15.4
2026-01-20 00:32:20.334471,7,0,1,6,18,0,15.68
2026-01-20 01:32:20.334471,8,0,1,6,18,0,15.64
2026-01-20 02:32:20.334471,9,0,1,6,18,0,15.58
2026-01-20 03:32:20.334471,8,0,1,6,18,0,15.84
2026-01-20 04:32:20.334471,7,0,1,6,18,0,15.7
2026-01-20 05:32:20.334471,7,0,1,6,18,0,15.72
2026-01-20 06:32:20.334471,9,0,0,6,18,0,3.53
2026-01-20 07:32:20.334471,7,0,0,6,18,0,3.37
2026-01-20 08:32:20.334471,77,0,0,6,18,0,4.66
2026-01-20 09:32:20.334471,125,0,0,6,18,0,6.13
2026-01-20 10:32:20.334471,138,0,0,6,18,0,5.28
2026-01-20 11:32:20.334471,105,0,0,6,18,0,5.31
2026-01-20 12:32:20.334471,135,0,0,6,18,0,4.77
2026-01-20 13:32:20.334471,133,0,0,6,18,0,4.97
2026-01-20 14:32:20.334471,124,0,0,6,18,0,4.91
2026-01-20 15:32:20.334471,110,0,0,6,18,0,4.84
2026-01-20 16:32:20.334471,116,0,0,6,18,0,4.89
2026-01-20 17:32:20.334471,62,0,0,6,18,0,4.34
2026-01-20 18:32:20.334471,38,0,1,6,18,0,16.01
2026-01-20 19:32:20.334471,41,0,1,6,18,0,16.15
2026-01-20 20:32:20.334471,39,0,1,6,18,0,16.01
2026-01-20 21:32:20.334471,8,0,1,6,18,0,15.34
2026-01-20 22:32:20.334471,9,0,1,6,18,0,15.77
2026-01-20 23:32:20.334471,8,0,1,6,18,0,15.59
2026-01-21 00:32:20.334471,8,0,1,6,18,0,14.86
2026-01-21 01:32:20.334471,8,0,1,6,18,0,16.04
2026-01-21 02:32:20.334471,8,0,1,6,18,0,15.23
2026-01-21 03:32:20.334471,8,0,1,6,18,0,15.26
2026-01-21 04:32:20.334471,8,0,1,6,18,0,16.19
2026-01-21 05:32:20.334471,8,0,1,6,18,0,15.4
2026-01-21 06:32:20.334471,8,0,0,6,18,0,3.26
2026-01-21 07:32:20.334471,7,0,0,6,18,0,3.73
2026-01-21 08:32:20.334471,75,0,0,6,18,0,4.94
2026-01-21 09:32:20.334471,129,0,0,6,18,0,5.1
2026-01-21 10:32:20.334471,129,0,0,6,18,0,5.43
2026-01-21 11:32:20.334471,106,0,0,6,18,0,4.95
2026-01-21 12:32:20.334471,123,0,0,6,18,0,5.31
2026-01-21 13:32:20.334471,95,0,0,6,18,0,4.08
2026-01-21 14:32:20.334471,111,0,0,6,18,0,4.68
2026-01-21 15:32:20.334471,106,0,0,6,18,0,4.65
2026-01-21 16:32:20.334471,134,0,0,6,18,0,5.26
2026-01-21 17:32:20.334471,64,0,0,6,18,0,3.86
2026-01-21 18:32:20.334471,43,0,1,6,18,0,16.34
2026-01-21 19:32:20.334471,33,0,1,6,18,0,16.49
2026-01-21 20:32:20.334471,41,0,1,6,18,0,16.13
2026-01-21 21:32:20.334471,8,0,1,6,18,0,15.86
2026-01-21 22:32:20.334471,8,0,1,6,18,0,15.44
2026-01-21 23:32:20.334471,8,0,1,6,18,0,15.86
2026-01-22 00:32:20.334471,7,0,1,6,18,0,16.33
2026-01-22 01:32:20.334471,8,0,1,6,18,0,15.41
2026-01-22 02:32:20.334471,8,0,1,6,18,0,15.24
2026-01-22 03:32:20.334471,8,0,1,6,18,0,15.89
2026-01-22 04:32:20.334471,8,0,1,6,18,0,15.64
2026-01-22 05:32:20.334471,7,0,1,6,18,0,15.31
2026-01-22 06:32:20.334471,7,0,0,6,18,0,3.25
2026-01-22 07:32:20.334471,8,0,0,6,18,0,3.76
2026-01-22 08:32:20.334471,70,0,0,6,18,0,5.04
2026-01-22 09:32:20.334471,116,0,0,6,18,0,5.03
2026-01-22 10:32:20.334471,110,0,0,6,18,0,5.01
2026-01-22 11:32:20.334471,121,0,0,6,18,0,5.17
2026-01-22 12:32:20.334471,123,0,0,6,18,0,4.68
2026-01-22 13:32:20.334471,121,0,0,6,18,0,5.22
2026-01-22 14:32:20.334471,117,0,0,6,18,0,5.13
2026-01-22 15:32:20.334471,113,0,0,6,18,0,5.51
2026-01-22 16:32:20.334471,119,0,0,6,18,0,5.17
2026-01-22 17:32:20.334471,71,0,0,6,18,0,4.21
2026-01-22 18:32:20.334471,41,0,1,6,18,0,16.37
2026-01-22 19:32:20.334471,37,0,1,6,18,0,15.95
2026-01-22 20:32:20.334471,41,0,1,6,18,0,16.43
2026-01-22 21:32:20.334471,8,0,1,6,18,0,15.45
2026-01-22 22:32:20.334471,8,0,1,6,18,0,15.37
2026-01-22 23:32:20.334471,8,0,1,6,18,0,14.6
2026-01-23 00:32:20.334471,8,0,1,6,18,0,15.45
2026-01-23 01:32:20.334471,8,0,1,6,18,0,15.8
2026-01-23 02:32:20.334471,8,0,1,6,18,0,15.84
2026-01-23 03:32:20.334471,9,0,1,6,18,0,15.7
2026-01-23 04:32:20.334471,7,0,1,6,18,0,15.53
2026-01-23 05:32:20.334471,8,0,1,6,18,0,15.65
2026-01-23 06:32:20.334471,7,0,0,6,18,0,3.5
2026-01-23 07:32:20.334471,8,0,0,6,18,0,3.37
2026-01-23 08:32:20.334471,65,0,0,6,18,0,4.09
2026-01-23 09:32:20.334471,140,0,0,6,18,0,5.19
2026-01-23 10:32:20.334471,118,0,0,6,18,0,4.89
2026-01-23 11:32:20.334471,122,0,0,6,18,0,5.52
2026-01-23 12:32:20.334471,96,0,0,6,18,0,4.51
2026-01-23 13:32:20.334471,115,0,0,6,18,0,5.29
2026-01-23 14:32:20.334471,138,0,0,6,18,0,5.72
2026-01-23 15:32:20.334471,112,0,0,6,18,0,5.58
2026-01-23 16:32:20.334471,98,0,0,6,18,0,5.23
2026-01-23 17:32:20.334471,74,0,0,6,18,0,4.69
2026-01-23 18:32:20.334471,38,0,1,6,18,0,16.06
2026-01-23 19:32:20.334471,35,0,1,6,18,0,16.28
2026-01-23 20:32:20.334471,44,0,1,6,18,0,16.57
2026-01-23 21:32:20.334471,7,0,1,6,18,0,15.89
2026-01-23 22:32:20.334471,8,0,1,6,18,0,15.34
2026-01-23 23:32:20.334471,7,0,1,6,18,0,15.25
2026-01-24 00:32:20.334471,5,1,1,6,18,0,15.25
2026-01-24 01:32:20.334471,4,1,1,6,18,0,15.47
2026-01-24 02:32:20.334471,4,1,1,6,18,0,15.63
2026-01-24 03:32:20.334471,4,1,1,6,18,0,15.46
2026-01-24 04:32:20.334471,4,1,1,6,18,0,14.99
2026-01-24 05:32:20.334471,5,1,1,6,18,0,15.69
2026-01-24 06:32:20.334471,4,1,0,6,18,0,3.3
2026-01-24 07:32:20.334471,5,1,0,6,18,0,3.0
2026-01-24 08:32:20.334471,4,1,0,6,18,0,3.36
2026-01-24 09:32:20.334471,5,1,0,6,18,0,2.74
2026-01-24 10:32:20.334471,15,1,0,6,18,0,3.44
2026-01-24 11:32:20.334471,14,1,0,6,18,0,3.44
2026-01-24 12:32:20.334471,15,1,0,6,18,0,3.45
2026-01-24 13:32:20.334471,15,1,0,6,18,0,3.21
2026-01-24 14:32:20.334471,16,1,0,6,18,0,3.76
2026-01-24 15:32:20.334471,16,1,0,6,18,0,3.99
2026-01-24 16:32:20.334471,17,1,0,6,18,0,3.71
2026-01-24 17:32:20.334471,5,1,0,6,18,0,3.41
2026-01-24 18:32:20.334471,5,1,1,6,18,0,15.56
2026-01-24 19:32:20.334471,5,1,1,6,18,0,15.29
2026-01-24 20:32:20.334471,4,1,1,6,18,0,15.95
2026-01-24 21:32:20.334471,5,1,1,6,18,0,15.42
2026-01-24 22:32:20.334471,5,1,1,6,18,0,15.49
2026-01-24 23:32:20.334471,5,1,1,6,18,0,15.93
2026-01-25 00:32:20.334471,5,1,1,6,18,0,15.77
2026-01-25 01:32:20.334471,4,1,1,6,18,0,15.57
2026-01-25 02:32:20.334471,5,1,1,6,18,0,15.41
2026-01-25 03:32:20.334471,5,1,1,6,18,0,15.98
2026-01-25 04:32:20.334471,5,1,1,6,18,0,15.81
2026-01-25 05:32:20.334471,5,1,1,6,18,0,15.2
2026-01-25 06:32:20.334471,4,1,0,6,18,0,3.35
2026-01-25 07:32:20.334471,4,1,0,6,18,0,3.54
2026-01-25 08:32:20.334471,5,1,0,6,18,0,3.59
2026-01-25 09:32:20.334471,4,1,0,6,18,0,3.28
2026-01-25 10:32:20.334471,12,1,0,6,18,0,3.45
2026-01-25 11:32:20.334471,14,1,0,6,18,0,3.42
2026-01-25 12:32:20.334471,14,1,0,6,18,0,3.47
2026-01-25 13:32:20.334471,14,1,0,6,18,0,3.77
2026-01-25 14:32:20.334471,15,1,0,6,18,0,4.07
2026-01-25 15:32:20.334471,14,1,0,6,18,0,3.45
2026-01-25 16:32:20.334471,15,1,0,6,18,0,3.95
2026-01-25 17:32:20.334471,4,1,0,6,18,0,3.15
2026-01-25 18:32:20.334471,4,1,1,6,18,0,15.59
2026-01-25 19:32:20.334471,5,1,1,6,18,0,15.49
2026-01-25 20:32:20.334471,4,1,1,6,18,0,15.37
2026-01-25 21:32:20.334471,4,1,1,6,18,0,15.57
2026-01-25 22:32:20.334471,4,1,1,6,18,0,15.89
2026-01-25 23:32:20.334471,4,1,1,6,18,0,15.18
2026-01-26 00:32:20.334471,8,0,1,6,18,0,15.59
2026-01-26 01:32:20.334471,6,0,1,6,18,0,15.64
2026-01-26 02:32:20.334471,7,0,1,6,18,0,15.52
2026-01-26 03:32:20.334471,7,0,1,6,18,0,15.12
2026-01-26 04:32:20.334471,10,0,1,6,18,0,15.59
2026-01-26 05:32:20.334471,7,0,1,6,18,0,15.27
2026-01-26 06:32:20.334471,7,0,0,6,18,0,3.41
2026-01-26 07:32:20.334471,8,0,0,6,18,0,3.65
2026-01-26 08:32:20.334471,75,0,0,6,18,0,4.42
2026-01-26 09:32:20.334471,126,0,0,6,18,0,5.16
2026-01-26 10:32:20.334471,129,0,0,6,18,0,5.41
2026-01-26 11:32:20.334471,119,0,0,6,18,0,4.91
2026-01-26 12:32:20.334471,117,0,0,6,18,0,5.37
2026-01-26 13:32:20.334471,124,0,0,6,18,0,5.6
2026-01-26 14:32:20.334471,128,0,0,6,18,0,5.24
2026-01-26 15:32:20.334471,115,0,0,6,18,0,5.2
2026-01-26 16:32:20.334471,122,0,0,6,18,0,4.98
2026-01-26 17:32:20.334471,65,0,0,6,18,0,4.63
2026-01-26 18:32:20.334471,48,0,1,6,18,0,17.03
2026-01-26 19:32:20.334471,38,0,1,6,18,0,15.66
2026-01-26 20:32:20.334471,34,0,1,6,18,0,15.78
2026-01-26 21:32:20.334471,8,0,1,6,18,0,15.45
2026-01-26 22:32:20.334471,8,0,1,6,18,0,15.73
2026-01-26 23:32:20.334471,9,0,1,6,18,0,15.64
2026-01-27 00:32:20.334471,7,0,1,6,18,0,15.41
2026-01-27 01:32:20.334471,9,0,1,6,18,0,15.43
2026-01-27 02:32:20.334471,8,0,1,6,18,0,15.25
2026-01-27 03:32:20.334471,8,0,1,6,18,0,15.99
2026-01-27 04:32:20.334471,8,0,1,6,18,0,15.35
2026-01-27 05:32:20.334471,7,0,1,6,18,0,15.62
2026-01-27 06:32:20.334471,5,0,0,6,18,0,3.43
2026-01-27 07:32:20.334471,7,0,0,6,18,0,3.48
2026-01-27 08:32:20.334471,69,0,0,6,18,0,3.92
2026-01-27 09:32:20.334471,101,0,0,6,18,0,5.08
2026-01-27 10:32:20.334471,114,0,0,6,18,0,4.94
2026-01-27 11:32:20.334471,112,0,0,6,18,0,4.72
2026-01-27 12:32:20.334471,114,0,0,6,18,0,5.15
2026-01-27 13:32:20.334471,141,0,0,6,18,0,5.53
2026-01-27 14:32:20.334471,126,0,0,6,18,0,5.29
2026-01-27 15:32:20.334471,132,0,0,6,18,0,4.63
2026-01-27 16:32:20.334471,149,0,0,6,18,0,5.38
2026-01-27 17:32:20.334471,72,0,0,6,18,0,4.63
2026-01-27 18:32:20.334471,34,0,1,6,18,0,16.29
2026-01-27 19:32:20.334471,47,0,1,6,18,0,16.17
2026-01-27 20:32:20.334471,40,0,1,6,18,0,16.02
2026-01-27 21:32:20.334471,7,0,1,6,18,0,15.37
2026-01-27 22:32:20.334471,6,0,1,6,18,0,15.86
2026-01-27 23:32:20.334471,8,0,1,6,18,0,15.3
2026-01-28 00:32:20.334471,8,0,1,6,18,0,15.57
2026-01-28 01:32:20.334471,7,0,1,6,18,0,15.07
2026-01-28 02:32:20.334471,6,0,1,6,18,0,15.87
2026-01-28 03:32:20.334471,6,0,1,6,18,0,16.17
2026-01-28 04:32:20.334471,8,0,1,6,18,0,15.48
2026-01-28 05:32:20.334471,7,0,1,6,18,0,15.63
2026-01-28 06:32:20.334471,7,0,0,6,18,0,3.48
2026-01-28 07:32:20.334471,7,0,0,6,18,0,2.71
2026-01-28 08:32:20.334471,74,0,0,6,18,0,3.9
2026-01-28 09:32:20.334471,125,0,0,6,18,0,5.08
2026-01-28 10:32:20.334471,131,0,0,6,18,0,5.07
2026-01-28 11:32:20.334471,105,0,0,6,18,0,4.94
2026-01-28 12:32:20.334471,125,0,0,6,18,0,5.31
2026-01-28 13:32:20.334471,126,0,0,6,18,0,5.44
2026-01-28 14:32:20.334471,116,0,0,6,18,0,5.2
2026-01-28 15:32:20.334471,128,0,0,6,18,0,5.44
2026-01-28 16:32:20.334471,144,0,0,6,18,0,5.42
2026-01-28 17:32:20.334471,65,0,0,6,18,0,4.46
2026-01-28 18:32:20.334471,38,0,1,6,18,0,15.67
2026-01-28 19:32:20.334471,36,0,1,6,18,0,16.16
2026-01-28 20:32:20.334471,36,0,1,6,18,0,15.76
2026-01-28 21:32:20.334471,8,0,1,6,18,0,15.88
2026-01-28 22:32:20.334471,7,0,1,6,18,0,15.13
2026-01-28 23:32:20.334471,7,0,1,6,18,0,15.35
2026-01-29 00:32:20.334471,8,0,1,6,18,0,15.66
2026-01-29 01:32:20.334471,9,0,1,6,18,0,15.34
2026-01-29 02:32:20.334471,7,0,1,6,18,0,16.05
2026-01-29 03:32:20.334471,8,0,1,6,18,0,15.52
2026-01-29 04:32:20.334471,7,0,1,6,18,0,15.25
2026-01-29 05:32:20.334471,7,0,1,6,18,0,15.39
2026-01-29 06:32:20.334471,8,0,0,6,18,0,3.65
2026-01-29 07:32:20.334471,8,0,0,6,18,0,3.27
2026-01-29 08:32:20.334471,69,0,0,6,18,0,4.44
2026-01-29 09:32:20.334471,118,0,0,6,18,0,4.44
2026-01-29 10:32:20.334471,112,0,0,6,18,0,5.1
2026-01-29 11:32:20.334471,126,0,0,6,18,0,5.37
2026-01-29 12:32:20.334471,121,0,0,6,18,0,4.18
2026-01-29 13:32:20.334471,124,0,0,6,18,0,5.32
2026-01-29 14:32:20.334471,139,0,0,6,18,0,5.48
2026-01-29 15:32:20.334471,125,0,0,6,18,0,5.05
2026-01-29 16:32:20.334471,103,0,0,6,18,0,4.81
2026-01-29 17:32:20.334471,75,0,0,6,18,0,3.97
2026-01-29 18:32:20.334471,42,0,1,6,18,0,16.13
2026-01-29 19:32:20.334471,38,0,1,6,18,0,16.39
2026-01-29 20:32:20.334471,42,0,1,6,18,0,15.84
2026-01-29 21:32:20.334471,7,0,1,6,18,0,15.56
2026-01-29 22:32:20.334471,8,0,1,6,18,0,15.83
2026-01-29 23:32:20.334471,7,0,1,6,18,0,15.82
2026-01-30 00:32:20.334471,7,0,1,6,18,0,15.54
2026-01-30 01:32:20.334471,7,0,1,6,18,0,15.59
2026-01-30 02:32:20.334471,8,0,1,6,18,0,15.81
2026-01-30 03:32:20.334471,7,0,1,6,18,0,15.15
2026-01-30 04:32:20.334471,8,0,1,6,18,0,15.52
2026-01-30 05:32:20.334471,7,0,1,6,18,0,15.42
2026-01-30 06:32:20.334471,6,0,0,6,18,0,3.37
2026-01-30 07:32:20.334471,8,0,0,6,18,0,3.38
2026-01-30 08:32:20.334471,77,0,0,6,18,0,3.77
2026-01-30 09:32:20.334471,114,0,0,6,18,0,4.69
2026-01-30 10:32:20.334471,95,0,0,6,18,0,4.4
2026-01-30 11:32:20.334471,111,0,0,6,18,0,4.68
2026-01-30 12:32:20.334471,92,0,0,6,18,0,4.49
2026-01-30 13:32:20.334471,133,0,0,6,18,0,5.17
2026-01-30 14:32:20.334471,125,0,0,6,18,0,4.46
2026-01-30 15:32:20.334471,99,0,0,6,18,0,4.99
2026-01-30 16:32:20.334471,116,0,0,6,18,0,4.59
2026-01-30 17:32:20.334471,67,0,0,6,18,0,4.51
2026-01-30 18:32:20.334471,39,0,1,6,18,0,15.99
2026-01-30 19:32:20.334471,42,0,1,6,18,0,16.12
2026-01-30 20:32:20.334471,47,0,1,6,18,0,15.96
2026-01-30 21:32:20.334471,9,0,1,6,18,0,15.3
2026-01-30 22:32:20.334471,8,0,1,6,18,0,15.71
2026-01-30 23:32:20.334471,7,0,1,6,18,0,15.61
2026-01-31 00:32:20.334471,5,1,1,6,18,0,15.49
2026-01-31 01:32:20.334471,5,1,1,6,18,0,15.73
2026-01-31 02:32:20.334471,5,1,1,6,18,0,15.87
2026-01-31 03:32:20.334471,4,1,1,6,18,0,15.89
2026-01-31 04:32:20.334471,5,1,1,6,18,0,15.54
2026-01-31 05:32:20.334471,5,1,1,6,18,0,15.69
2026-01-31 06:32:20.334471,5,1,0,6,18,0,3.26
2026-01-31 07:32:20.334471,4,1,0,6,18,0,3.28
2026-01-31 08:32:20.334471,5,1,0,6,18,0,3.36
2026-01-31 09:32:20.334471,4,1,0,6,18,0,2.97
2026-01-31 10:32:20.334471,15,1,0,6,18,0,3.0
2026-01-31 11:32:20.334471,14,1,0,6,18,0,3.72
2026-01-31 12:32:20.334471,16,1,0,6,18,0,3.78
2026-01-31 13:32:20.334471,14,1,0,6,18,0,3.9
2026-01-31 14:32:20.334471,17,1,0,6,18,0,3.41
2026-01-31 15:32:20.334471,15,1,0,6,18,0,3.59
2026-01-31 16:32:20.334471,14,1,0,6,18,0,4.04
2026-01-31 17:32:20.334471,5,1,0,6,18,0,3.6
2026-01-31 18:32:20.334471,4,1,1,6,18,0,15.61
2026-01-31 19:32:20.334471,5,1,1,6,18,0,15.42
2026-01-31 20:32:20.334471,4,1,1,6,18,0,15.45
2026-01-31 21:32:20.334471,4,1,1,6,18,0,15.42
2026-01-31 22:32:20.334471,4,1,1,6,18,0,15.16
2026-01-31 23:32:20.334471,5,1,1,6,18,0,15.67
2026-02-01 00:32:20.334471,4,1,1,6,18,0,15.56
2026-02-01 01:32:20.334471,5,1,1,6,18,0,15.76
2026-02-01 02:32:20.334471,5,1,1,6,18,0,16.06
2026-02-01 03:32:20.334471,4,1,1,6,18,0,15.45
2026-02-01 04:32:20.334471,5,1,1,6,18,0,14.75
2026-02-01 05:32:20.334471,5,1,1,6,18,0,15.0
2026-02-01 06:32:20.334471,4,1,0,6,18,0,2.85
2026-02-01 07:32:20.334471,5,1,0,6,18,0,3.54
2026-02-01 08:32:20.334471,4,1,0,6,18,0,3.56
2026-02-01 09:32:20.334471,4,1,0,6,18,0,3.37
2026-02-01 10:32:20.334471,16,1,0,6,18,0,3.44
2026-02-01 11:32:20.334471,16,1,0,6,18,0,3.82
2026-02-01 12:32:20.334471,17,1,0,6,18,0,3.15
2026-02-01 13:32:20.334471,14,1,0,6,18,0,3.22
2026-02-01 14:32:20.334471,13,1,0,6,18,0,3.55
2026-02-01 15:32:20.334471,14,1,0,6,18,0,3.01
2026-02-01 16:32:20.334471,15,1,0,6,18,0,3.67
2026-02-01 17:32:20.334471,4,1,0,6,18,0,3.1
2026-02-01 18:32:20.334471,4,1,1,6,18,0,15.74
2026-02-01 19:32:20.334471,4,1,1,6,18,0,15.86
2026-02-01 20:32:20.334471,4,1,1,6,18,0,15.73
2026-02-01 21:32:20.334471,4,1,1,6,18,0,14.71
2026-02-01 22:32:20.334471,5,1,1,6,18,0,15.78
2026-02-01 23:32:20.334471,4,1,1,6,18,0,15.6
2026-02-02 00:32:20.334471,8,0,1,6,18,0,15.5
2026-02-02 01:32:20.334471,8,0,1,6,18,0,15.45
2026-02-02 02:32:20.334471,7,0,1,6,18,0,15.47
2026-02-02 03:32:20.334471,8,0,1,6,18,0,16.16
2026-02-02 04:32:20.334471,7,0,1,6,18,0,16.09
2026-02-02 05:32:20.334471,8,0,1,6,18,0,15.34
2026-02-02 06:32:20.334471,8,0,0,6,18,0,3.55
2026-02-02 07:32:20.334471,6,0,0,6,18,0,3.14
2026-02-02 08:32:20.334471,60,0,0,6,18,0,4.04
2026-02-02 09:32:20.334471,123,0,0,6,18,0,5.5
2026-02-02 10:32:20.334471,138,0,0,6,18,0,5.11
2026-02-02 11:32:20.334471,139,0,0,6,18,0,5.73
2026-02-02 12:32:20.334471,126,0,0,6,18,0,5.47
2026-02-02 13:32:20.334471,122,0,0,6,18,0,5.03
2026-02-02 14:32:20.334471,124,0,0,6,18,0,5.04
2026-02-02 15:32:20.334471,119,0,0,6,18,0,4.89
2026-02-02 16:32:20.334471,126,0,0,6,18,0,4.85
2026-02-02 17:32:20.334471,69,0,0,6,18,0,4.27
2026-02-02 18:32:20.334471,44,0,1,6,18,0,16.3
2026-02-02 19:32:20.334471,43,0,1,6,18,0,16.59
2026-02-02 20:32:20.334471,41,0,1,6,18,0,16.06
2026-02-02 21:32:20.334471,7,0,1,6,18,0,15.76
2026-02-02 22:32:20.334471,6,0,1,6,18,0,15.85
2026-02-02 23:32:20.334471,9,0,1,6,18,0,15.16
2026-02-03 00:32:20.334471,8,0,1,6,18,0,15.58
2026-02-03 01:32:20.334471,8,0,1,6,18,0,15.58
2026-02-03 02:32:20.334471,8,0,1,6,18,0,16.03
2026-02-03 03:32:20.334471,9,0,1,6,18,0,15.82
2026-02-03 04:32:20.334471,8,0,1,6,18,0,15.32
2026-02-03 05:32:20.334471,8,0,1,6,18,0,15.2
2026-02-03 06:32:20.334471,8,0,0,6,18,0,3.22
2026-02-03 07:32:20.334471,8,0,0,6,18,0,3.56
2026-02-03 08:32:20.334471,74,0,0,6,18,0,4.96
2026-02-03 09:32:20.334471,127,0,0,6,18,0,5.27
2026-02-03 10:32:20.334471,114,0,0,6,18,0,4.25
2026-02-03 11:32:20.334471,109,0,0,6,18,0,5.03
2026-02-03 12:32:20.334471,140,0,0,6,18,0,5.08
2026-02-03 13:32:20.334471,101,0,0,6,18,0,4.82
2026-02-03 14:32:20.334471,101,0,0,6,18,0,4.54
2026-02-03 15:32:20.334471,134,0,0,6,18,0,5.56
2026-02-03 16:32:20.334471,110,0,0,6,18,0,4.29
2026-02-03 17:32:20.334471,80,0,0,6,18,0,4.33
2026-02-03 18:32:20.334471,42,0,1,6,18,0,16.22
2026-02-03 19:32:20.334471,41,0,1,6,18,0,15.75
2026-02-03 20:32:20.334471,46,0,1,6,18,0,16.28
2026-02-03 21:32:20.334471,8,0,1,6,18,0,15.77
2026-02-03 22:32:20.334471,8,0,1,6,18,0,15.19
2026-02-03 23:32:20.334471,8,0,1,6,18,0,15.41
2026-02-04 00:32:20.334471,8,0,1,6,18,0,15.96
2026-02-04 01:32:20.334471,7,0,1,6,18,0,15.43
2026-02-04 02:32:20.334471,7,0,1,6,18,0,15.56
2026-02-04 03:32:20.334471,8,0,1,6,18,0,15.19
2026-02-04 04:32:20.334471,8,0,1,6,18,0,15.37
2026-02-04 05:32:20.334471,7,0,1,6,18,0,15.51
2026-02-04 06:32:20.334471,8,0,0,6,18,0,3.11
2026-02-04 07:32:20.334471,7,0,0,6,18,0,3.17
2026-02-04 08:32:20.334471,79,0,0,6,18,0,4.57
2026-02-04 09:32:20.334471,87,0,0,6,18,0,4.52
2026-02-04 10:32:20.334471,113,0,0,6,18,0,5.79
2026-02-04 11:32:20.334471,120,0,0,6,18,0,4.6
2026-02-04 12:32:20.334471,135,0,0,6,18,0,5.43
2026-02-04 13:32:20.334471,124,0,0,6,18,0,5.27
2026-02-04 14:32:20.334471,136,0,0,6,18,0,5.67
2026-02-04 15:32:20.334471,117,0,0,6,18,0,4.7
2026-02-04 16:32:20.334471,116,0,0,6,18,0,5.21
2026-02-04 17:32:20.334471,49,0,0,6,18,0,3.73
2026-02-04 18:32:20.334471,41,0,1,6,18,0,15.79
2026-02-04 19:32:20.334471,39,0,1,6,18,0,16.35
2026-02-04 20:32:20.334471,37,0,1,6,18,0,16.13
2026-02-04 21:32:20.334471,6,0,1,6,18,0,15.48
2026-02-04 22:32:20.334471,7,0,1,6,18,0,15.64
2026-02-04 23:32:20.334471,8,0,1,6,18,0,15.72
2026-02-05 00:32:20.334471,7,0,1,6,18,0,15.42
2026-02-05 01:32:20.334471,7,0,1,6,18,0,15.57
2026-02-05 02:32:20.334471,7,0,1,6,18,0,15.3
2026-02-05 03:32:20.334471,8,0,1,6,18,0,15.22
2026-02-05 04:32:20.334471,7,0,1,6,18,0,15.71
2026-02-05 05:32:20.334471,8,0,1,6,18,0,15.67
2026-02-05 06:32:20.334471,6,0,0,6,18,0,2.97
2026-02-05 07:32:20.334471,8,0,0,6,18,0,3.37
2026-02-05 08:32:20.334471,82,0,0,6,18,0,4.31
2026-02-05 09:32:20.334471,117,0,0,6,18,0,4.84
2026-02-05 10:32:20.334471,122,0,0,6,18,0,5.63
2026-02-05 11:32:20.334471,118,0,0,6,18,0,4.85
2026-02-05 12:32:20.334471,128,0,0,6,18,0,5.49
2026-02-05 13:32:20.334471,102,0,0,6,18,0,4.79
2026-02-05 14:32:20.334471,110,0,0,6,18,0,4.72
2026-02-05 15:32:20.334471,124,0,0,6,18,0,5.5
2026-02-05 16:32:20.334471,116,0,0,6,18,0,5.28
2026-02-05 17:32:20.334471,81,0,0,6,18,0,4.42
2026-02-05 18:32:20.334471,37,0,1,6,18,0,16.16
2026-02-05 19:32:20.334471,45,0,1,6,18,0,16.65
2026-02-05 20:32:20.334471,36,0,1,6,18,0,16.02
2026-02-05 21:32:20.334471,6,0,1,6,18,0,14.84
2026-02-05 22:32:20.334471,7,0,1,6,18,0,15.36
2026-02-05 23:32:20.334471,6,0,1,6,18,0,16.18
2026-02-06 00:32:20.334471,6,0,1,6,18,0,15.61
2026-02-06 01:32:20.334471,7,0,1,6,18,0,15.73
2026-02-06 02:32:20.334471,7,0,1,6,18,0,15.61
2026-02-06 03:32:20.334471,7,0,1,6,18,0,15.76
2026-02-06 04:32:20.334471,9,0,1,6,18,0,15.13
2026-02-06 05:32:20.334471,7,0,1,6,18,0,15.18
2026-02-06 06:32:20.334471,8,0,0,6,18,0,3.19
2026-02-06 07:32:20.334471,8,0,0,6,18,0,4.12
2026-02-06 08:32:20.334471,75,0,0,6,18,0,4.31
2026-02-06 09:32:20.334471,133,0,0,6,18,0,5.58
2026-02-06 10:32:20.334471,131,0,0,6,18,0,5.54
2026-02-06 11:32:20.334471,115,0,0,6,18,0,4.7
2026-02-06 12:32:20.334471,110,0,0,6,18,0,4.54
2026-02-06 13:32:20.334471,106,0,0,6,18,0,4.39
2026-02-06 14:32:20.334471,142,0,0,6,18,0,5.16
2026-02-06 15:32:20.334471,105,0,0,6,18,0,4.8
2026-02-06 16:32:20.334471,105,0,0,6,18,0,4.89
2026-02-06 17:32:20.334471,54,0,0,6,18,0,4.33
2026-02-06 18:32:20.334471,42,0,1,6,18,0,16.06
2026-02-06 19:32:20.334471,34,0,1,6,18,0,16.13
2026-02-06 20:32:20.334471,36,0,1,6,18,0,15.64
2026-02-06 21:32:20.334471,8,0,1,6,18,0,15.56
2026-02-06 22:32:20.334471,7,0,1,6,18,0,15.53
2026-02-06 23:32:20.334471,8,0,1,6,18,0,15.93
2026-02-07 00:32:20.334471,4,1,1,6,18,0,15.39
2026-02-07 01:32:20.334471,4,1,1,6,18,0,15.91
2026-02-07 02:32:20.334471,4,1,1,6,18,0,15.68
2026-02-07 03:32:20.334471,4,1,1,6,18,0,15.27
2026-02-07 04:32:20.334471,4,1,1,6,18,0,15.18
2026-02-07 05:32:20.334471,4,1,1,6,18,0,14.95
2026-02-07 06:32:20.334471,4,1,0,6,18,0,3.2
2026-02-07 07:32:20.334471,4,1,0,6,18,0,3.32
2026-02-07 08:32:20.334471,5,1,0,6,18,0,3.39
2026-02-07 09:32:20.334471,5,1,0,6,18,0,3.77
2026-02-07 10:32:20.334471,16,1,0,6,18,0,3.47
2026-02-07 11:32:20.334471,17,1,0,6,18,0,3.81
2026-02-07 12:32:20.334471,14,1,0,6,18,0,3.11
2026-02-07 13:32:20.334471,13,1,0,6,18,0,3.6
2026-02-07 14:32:20.334471,15,1,0,6,18,0,3.54
2026-02-07 15:32:20.334471,13,1,0,6,18,0,3.36
2026-02-07 16:32:20.334471,15,1,0,6,18,0,3.8
2026-02-07 17:32:20.334471,3,1,0,6,18,0,3.34
2026-02-07 18:32:20.334471,5,1,1,6,18,0,15.21
2026-02-07 19:32:20.334471,6,1,1,6,18,0,15.77
2026-02-07 20:32:20.334471,4,1,1,6,18,0,16.02
2026-02-07 21:32:20.334471,4,1,1,6,18,0,15.61
2026-02-07 22:32:20.334471,6,1,1,6,18,0,15.64
2026-02-07 23:32:20.334471,5,1,1,6,18,0,15.04
2026-02-08 00:32:20.334471,4,1,1,6,18,0,15.74
2026-02-08 01:32:20.334471,4,1,1,6,18,0,15.5
2026-02-08 02:32:20.334471,5,1,1,6,18,0,16.03
2026-02-08 03:32:20.334471,4,1,1,6,18,0,15.33
2026-02-08 04:32:20.334471,5,1,1,6,18,0,15.42
2026-02-08 05:32:20.334471,4,1,1,6,18,0,15.46
2026-02-08 06:32:20.334471,5,1,0,6,18,0,2.97
2026-02-08 07:32:20.334471,5,1,0,6,18,0,3.43
2026-02-08 08:32:20.334471,5,1,0,6,18,0,2.71
2026-02-08 09:32:20.334471,4,1,0,6,18,0,3.48
2026-02-08 10:32:20.334471,16,1,0,6,18,0,3.65
2026-02-08 11:32:20.334471,14,1,0,6,18,0,3.47
2026-02-08 12:32:20.334471,13,1,0,6,18,0,3.77
2026-02-08 13:32:20.334471,16,1,0,6,18,0,3.75
2026-02-08 14:32:20.334471,15,1,0,6,18,0,3.6
2026-02-08 15:32:20.334471,14,1,0,6,18,0,3.61
2026-02-08 16:32:20.334471,13,1,0,6,18,0,3.22
2026-02-08 17:32:20.334471,5,1,0,6,18,0,3.11
2026-02-08 18:32:20.334471,4,1,1,6,18,0,15.68
2026-02-08 19:32:20.334471,5,1,1,6,18,0,15.51
2026-02-08 20:32:20.334471,4,1,1,6,18,0,15.6
2026-02-08 21:32:20.334471,4,1,1,6,18,0,15.08
2026-02-08 22:32:20.334471,4,1,1,6,18,0,15.63
2026-02-08 23:32:20.334471,5,1,1,6,18,0,15.87
2026-02-09 00:32:20.334471,7,0,1,6,18,0,15.5
2026-02-09 01:32:20.334471,7,0,1,6,18,0,16.37
2026-02-09 02:32:20.334471,7,0,1,6,18,0,15.51
2026-02-09 03:32:20.334471,7,0,1,6,18,0,15.58
2026-02-09 04:32:20.334471,7,0,1,6,18,0,15.32
2026-02-09 05:32:20.334471,8,0,1,6,18,0,15.45
2026-02-09 06:32:20.334471,8,0,0,6,18,0,3.14
2026-02-09 07:32:20.334471,9,0,0,6,18,0,3.49
2026-02-09 08:32:20.334471,71,0,0,6,18,0,4.37
2026-02-09 09:32:20.334471,104,0,0,6,18,0,4.74
2026-02-09 10:32:20.334471,109,0,0,6,18,0,5.46
2026-02-09 11:32:20.334471,122,0,0,6,18,0,5.03
2026-02-09 12:32:20.334471,98,0,0,6,18,0,5.21
2026-02-09 13:32:20.334471,130,0,0,6,18,0,5.26
2026-02-09 14:32:20.334471,112,0,0,6,18,0,5.15
2026-02-09 15:32:20.334471,123,0,0,6,18,0,4.71
2026-02-09 16:32:20.334471,110,0,0,6,18,0,5.16
2026-02-09 17:32:20.334471,67,0,0,6,18,0,4.09
2026-02-09 18:32:20.334471,43,0,1,6,18,0,16.0
2026-02-09 19:32:20.334471,38,0,1,6,18,0,16.15
2026-02-09 20:32:20.334471,35,0,1,6,18,0,15.68
2026-02-09 21:32:20.334471,8,0,1,6,18,0,15.62
2026-02-09 22:32:20.334471,7,0,1,6,18,0,15.46
2026-02-09 23:32:20.334471,9,0,1,6,18,0,16.54
2026-02-10 00:32:20.334471,8,0,1,6,18,0,15.97
2026-02-10 01:32:20.334471,5,0,1,6,18,0,15.59
2026-02-10 02:32:20.334471,7,0,1,6,18,0,16.17
2026-02-10 03:32:20.334471,9,0,1,6,18,0,15.01
2026-02-10 04:32:20.334471,8,0,1,6,18,0,15.27
2026-02-10 05:32:20.334471,8,0,1,6,18,0,15.57
2026-02-10 06:32:20.334471,7,0,0,6,18,0,3.51
2026-02-10 07:32:20.334471,8,0,0,6,18,0,3.54
2026-02-10 08:32:20.334471,72,0,0,6,18,0,5.27
2026-02-10 09:32:20.334471,112,0,0,6,18,0,5.35
2026-02-10 10:32:20.334471,127,0,0,6,18,0,4.56
2026-02-10 11:32:20.334471,140,0,0,6,18,0,5.3
2026-02-10 12:32:20.334471,115,0,0,6,18,0,4.85
2026-02-10 13:32:20.334471,120,0,0,6,18,0,4.71
2026-02-10 14:32:20.334471,111,0,0,6,18,0,4.84
2026-02-10 15:32:20.334471,122,0,0,6,18,0,4.92
2026-02-10 16:32:20.334471,128,0,0,6,18,0,5.55
2026-02-10 17:32:20.334471,67,0,0,6,18,0,4.57
2026-02-10 18:32:20.334471,48,0,1,6,18,0,16.05
2026-02-10 19:32:20.334471,38,0,1,6,18,0,16.07
2026-02-10 20:32:20.334471,37,0,1,6,18,0,16.15
2026-02-10 21:32:20.334471,7,0,1,6,18,0,15.49
2026-02-10 22:32:20.334471,7,0,1,6,18,0,16.1
2026-02-10 23:32:20.334471,7,0,1,6,18,0,15.52
2026-02-11 00:32:20.334471,7,0,1,6,18,0,15.74
2026-02-11 01:32:20.334471,6,0,1,6,18,0,15.27
2026-02-11 02:32:20.334471,8,0,1,6,18,0,15.61
2026-02-11 03:32:20.334471,7,0,1,6,18,0,16.13
2026-02-11 04:32:20.334471,8,0,1,6,18,0,15.93
2026-02-11 05:32:20.334471,7,0,1,6,18,0,15.42
2026-02-11 06:32:20.334471,9,0,0,6,18,0,3.19
2026-02-11 07:32:20.334471,8,0,0,6,18,0,3.68
2026-02-11 08:32:20.334471,66,0,0,6,18,0,4.46
2026-02-11 09:32:20.334471,111,0,0,6,18,0,5.05
2026-02-11 10:32:20.334471,112,0,0,6,18,0,4.33
2026-02-11 11:32:20.334471,107,0,0,6,18,0,4.68
2026-02-11 12:32:20.334471,138,0,0,6,18,0,5.08
2026-02-11 13:32:20.334471,137,0,0,6,18,0,5.03
2026-02-11 14:32:20.334471,124,0,0,6,18,0,5.58
2026-02-11 15:32:20.334471,127,0,0,6,18,0,5.39
2026-02-11 16:32:20.334471,123,0,0,6,18,0,4.71
2026-02-11 17:32:20.334471,59,0,0,6,18,0,4.28
2026-02-11 18:32:20.334471,33,0,1,6,18,0,15.79
2026-02-11 19:32:20.334471,35,0,1,6,18,0,16.49
2026-02-11 20:32:20.334471,33,0,1,6,18,0,16.76
2026-02-11 21:32:20.334471,8,0,1,6,18,0,15.12
2026-02-11 22:32:20.334471,7,0,1,6,18,0,15.41
2026-02-11 23:32:20.334471,8,0,1,6,18,0,16.09
2026-02-12 00:32:20.334471,8,0,1,6,18,0,15.58
2026-02-12 01:32:20.334471,8,0,1,6,18,0,15.68
2026-02-12 02:32:20.334471,8,0,1,6,18,0,15.71
2026-02-12 03:32:20.334471,7,0,1,6,18,0,15.88
2026-02-12 04:32:20.334471,9,0,1,6,18,0,15.7
2026-02-12 05:32:20.334471,7,0,1,6,18,0,15.41
2026-02-12 06:32:20.334471,9,0,0,6,18,0,3.27
2026-02-12 07:32:20.334471,7,0,0,6,18,0,3.41
2026-02-12 08:32:20.334471,74,0,0,6,18,0,4.09
2026-02-12 09:32:20.334471,118,0,0,6,18,0,4.99
2026-02-12 10:32:20.334471,141,0,0,6,18,0,6.05
2026-02-12 11:32:20.334471,110,0,0,6,18,0,4.88
2026-02-12 12:32:20.334471,119,0,0,6,18,0,5.28
2026-02-12 13:32:20.334471,127,0,0,6,18,0,5.61
2026-02-12 14:32:20.334471,129,0,0,6,18,0,5.33
2026-02-12 15:32:20.334471,117,0,0,6,18,0,4.74
2026-02-12 16:32:20.334471,126,0,0,6,18,0,5.25
2026-02-12 17:32:20.334471,72,0,0,6,18,0,4.42
2026-02-12 18:32:20.334471,44,0,1,6,18,0,15.97
2026-02-12 19:32:20.334471,38,0,1,6,18,0,16.31
2026-02-12 20:32:20.334471,36,0,1,6,18,0,16.72
2026-02-12 21:32:20.334471,8,0,1,6,18,0,15.67
2026-02-12 22:32:20.334471,7,0,1,6,18,0,15.82
2026-02-12 23:32:20.334471,8,0,1,6,18,0,15.38
2026-02-13 00:32:20.334471,8,0,1,6,18,0,15.87
2026-02-13 01:32:20.334471,8,0,1,6,18,0,15.49
2026-02-13 02:32:20.334471,8,0,1,6,18,0,15.48
2026-02-13 03:32:20.334471,7,0,1,6,18,0,16.25
2026-02-13 04:32:20.334471,8,0,1,6,18,0,15.88
2026-02-13 05:32:20.334471,8,0,1,6,18,0,15.36
2026-02-13 06:32:20.334471,7,0,0,6,18,0,3.7
2026-02-13 07:32:20.334471,7,0,0,6,18,0,3.25
2026-02-13 08:32:20.334471,71,0,0,6,18,0,5.21
2026-02-13 09:32:20.334471,119,0,0,6,18,0,4.63
2026-02-13 10:32:20.334471,94,0,0,6,18,0,4.76
2026-02-13 11:32:20.334471,96,0,0,6,18,0,5.14
2026-02-13 12:32:20.334471,113,0,0,6,18,0,4.93
2026-02-13 13:32:20.334471,115,0,0,6,18,0,5.46
2026-02-13 14:32:20.334471,118,0,0,6,18,0,5.15
2026-02-13 15:32:20.334471,112,0,0,6,18,0,5.01
2026-02-13 16:32:20.334471,125,0,0,6,18,0,5.03
2026-02-13 17:32:20.334471,71,0,0,6,18,0,5.08
2026-02-13 18:32:20.334471,32,0,1,6,18,0,15.76
2026-02-13 19:32:20.334471,40,0,1,6,18,0,15.72
2026-02-13 20:32:20.334471,48,0,1,6,18,0,15.95
2026-02-13 21:32:20.334471,8,0,1,6,18,0,14.42
2026-02-13 22:32:20.334471,8,0,1,6,18,0,15.66
2026-02-13 23:32:20.334471,8,0,1,6,18,0,15.26
2026-02-14 00:32:20.334471,5,1,1,6,18,0,15.52
2026-02-14 01:32:20.334471,5,1,1,6,18,0,15.67
2026-02-14 02:32:20.334471,5,1,1,6,18,0,16.25
2026-02-14 03:32:20.334471,4,1,1,6,18,0,15.82
2026-02-14 04:32:20.334471,4,1,1,6,18,0,15.0
2026-02-14 05:32:20.334471,5,1,1,6,18,0,15.22
2026-02-14 06:32:20.334471,4,1,0,6,18,0,3.46
2026-02-14 07:32:20.334471,5,1,0,6,18,0,3.45
2026-02-14 08:32:20.334471,5,1,0,6,18,0,3.53
2026-02-14 09:32:20.334471,4,1,0,6,18,0,3.64
2026-02-14 10:32:20.334471,12,1,0,6,18,0,3.64
2026-02-14 11:32:20.334471,17,1,0,6,18,0,3.22
2026-02-14 12:32:20.334471,15,1,0,6,18,0,3.51
2026-02-14 13:32:20.334471,14,1,0,6,18,0,3.85
2026-02-14 14:32:20.334471,15,1,0,6,18,0,3.46
2026-02-14 15:32:20.334471,11,1,0,6,18,0,3.7
2026-02-14 16:32:20.334471,12,1,0,6,18,0,2.85
2026-02-14 17:32:20.334471,3,1,0,6,18,0,3.25
2026-02-14 18:32:20.334471,5,1,1,6,18,0,15.38
2026-02-14 19:32:20.334471,4,1,1,6,18,0,15.39
2026-02-14 20:32:20.334471,4,1,1,6,18,0,15.32
2026-02-14 21:32:20.334471,4,1,1,6,18,0,15.82
2026-02-14 22:32:20.334471,5,1,1,6,18,0,15.33
2026-02-14 23:32:20.334471,5,1,1,6,18,0,15.31
2026-02-15 00:32:20.334471,4,1,1,6,18,0,15.62
2026-02-15 01:32:20.334471,5,1,1,6,18,0,15.86
2026-02-15 02:32:20.334471,5,1,1,6,18,0,15.17
2026-02-15 03:32:20.334471,5,1,1,6,18,0,14.98
2026-02-15 04:32:20.334471,3,1,1,6,18,0,15.18
2026-02-15 05:32:20.334471,4,1,1,6,18,0,16.16
2026-02-15 06:32:20.334471,4,1,0,6,18,0,3.51
2026-02-15 07:32:20.334471,5,1,0,6,18,0,3.48
2026-02-15 08:32:20.334471,5,1,0,6,18,0,3.25
2026-02-15 09:32:20.334471,4,1,0,6,18,0,3.64
2026-02-15 10:32:20.334471,15,1,0,6,18,0,3.61
2026-02-15 11:32:20.334471,17,1,0,6,18,0,3.68
2026-02-15 12:32:20.334471,14,1,0,6,18,0,3.32
2026-02-15 13:32:20.334471,15,1,0,6,18,0,3.18
2026-02-15 14:32:20.334471,14,1,0,6,18,0,3.79
2026-02-15 15:32:20.334471,12,1,0,6,18,0,3.32
2026-02-15 16:32:20.334471,16,1,0,6,18,0,3.57
2026-02-15 17:32:20.334471,5,1,0,6,18,0,3.11
2026-02-15 18:32:20.334471,4,1,1,6,18,0,15.78
2026-02-15 19:32:20.334471,5,1,1,6,18,0,15.31
2026-02-15 20:32:20.334471,4,1,1,6,18,0,15.35
2026-02-15 21:32:20.334471,4,1,1,6,18,0,15.03
2026-02-15 22:32:20.334471,4,1,1,6,18,0,15.33
2026-02-15 23:32:20.334471,5,1,1,6,18,0,15.34
2026-02-16 00:32:20.334471,8,0,1,6,18,0,15.22
2026-02-16 01:32:20.334471,7,0,1,6,18,0,15.88
2026-02-16 02:32:20.334471,7,0,1,6,18,0,15.32
2026-02-16 03:32:20.334471,8,0,1,6,18,0,15.3
2026-02-16 04:32:20.334471,9,0,1,6,18,0,16.1
2026-02-16 05:32:20.334471,7,0,1,6,18,0,15.96
2026-02-16 06:32:20.334471,7,0,0,6,18,0,2.72
2026-02-16 07:32:20.334471,7,0,0,6,18,0,3.22
2026-02-16 08:32:20.334471,75,0,0,6,18,0,4.01
2026-02-16 09:32:20.334471,118,0,0,6,18,0,5.26
2026-02-16 10:32:20.334471,104,0,0,6,18,0,4.97
2026-02-16 11:32:20.334471,122,0,0,6,18,0,4.85
2026-02-16 12:32:20.334471,127,0,0,6,18,0,5.12
2026-02-16 13:32:20.334471,102,0,0,6,18,0,4.86
2026-02-16 14:32:20.334471,125,0,0,6,18,0,5.64
2026-02-16 15:32:20.334471,105,0,0,6,18,0,4.87
2026-02-16 16:32:20.334471,110,0,0,6,18,0,4.75
2026-02-16 17:32:20.334471,77,0,0,6,18,0,4.3
2026-02-16 18:32:20.334471,39,0,1,6,18,0,16.16
2026-02-16 19:32:20.334471,38,0,1,6,18,0,16.56
2026-02-16 20:32:20.334471,35,0,1,6,18,0,16.03
2026-02-16 21:32:20.334471,7,0,1,6,18,0,15.34
2026-02-16 22:32:20.334471,7,0,1,6,18,0,16.07
2026-02-16 23:32:20.334471,8,0,1,6,18,0,15.87
2026-02-17 00:32:20.334471,9,0,1,6,18,0,15.88
2026-02-17 01:32:20.334471,8,0,1,6,18,0,15.52
2026-02-17 02:32:20.334471,7,0,1,6,18,0,15.68
2026-02-17 03:32:20.334471,9,0,1,6,18,0,15.73
2026-02-17 04:32:20.334471,8,0,1,6,18,0,15.74
2026-02-17 05:32:20.334471,7,0,1,6,18,0,15.44
2026-02-17 06:32:20.334471,8,0,0,6,18,0,3.3
2026-02-17 07:32:20.334471,7,0,0,6,18,0,3.3
2026-02-17 08:32:20.334471,57,0,0,6,18,0,3.85
2026-02-17 09:32:20.334471,96,0,0,6,18,0,4.95
2026-02-17 10:32:20.334471,124,0,0,6,18,0,5.32
2026-02-17 11:32:20.334471,105,0,0,6,18,0,5.39
2026-02-17 12:32:20.334471,97,0,0,6,18,0,4.54
2026-02-17 13:32:20.334471,126,0,0,6,18,0,4.73
2026-02-17 14:32:20.334471,112,0,0,6,18,0,4.78
2026-02-17 15:32:20.334471,119,0,0,6,18,0,4.5
2026-02-17 16:32:20.334471,106,0,0,6,18,0,4.59
2026-02-17 17:32:20.334471,72,0,0,6,18,0,4.53
2026-02-17 18:32:20.334471,44,0,1,6,18,0,16.2
2026-02-17 19:32:20.334471,40,0,1,6,18,0,16.42
2026-02-17 20:32:20.334471,35,0,1,6,18,0,16.33
2026-02-17 21:32:20.334471,7,0,1,6,18,0,15.32
2026-02-17 22:32:20.334471,7,0,1,6,18,0,15.52
2026-02-17 23:32:20.334471,6,0,1,6,18,0,15.34
2026-02-18 00:32:20.334471,8,0,1,6,18,0,15.94
2026-02-18 01:32:20.334471,7,0,1,6,18,0,16.12
2026-02-18 02:32:20.334471,8,0,1,6,18,0,15.6
2026-02-18 03:32:20.334471,8,0,1,6,18,0,14.96
2026-02-18 04:32:20.334471,7,0,1,6,18,0,15.63
2026-02-18 05:32:20.334471,7,0,1,6,18,0,15.57
2026-02-18 06:32:20.334471,9,0,0,6,18,0,3.47
2026-02-18 07:32:20.334471,7,0,0,6,18,0,3.02
2026-02-18 08:32:20.334471,60,0,0,6,18,0,4.64
2026-02-18 09:32:20.334471,98,0,0,6,18,0,4.66
2026-02-18 10:32:20.334471,108,0,0,6,18,0,4.98
2026-02-18 11:32:20.334471,122,0,0,6,18,0,4.38
2026-02-18 12:32:20.334471,124,0,0,6,18,0,4.65
2026-02-18 13:32:20.334471,106,0,0,6,18,0,4.88
2026-02-18 14:32:20.334471,120,0,0,6,18,0,4.72
2026-02-18 15:32:20.334471,125,0,0,6,18,0,5.48
2026-02-18 16:32:20.334471,101,0,0,6,18,0,4.87
2026-02-18 17:32:20.334471,71,0,0,6,18,0,4.79
2026-02-18 18:32:20.334471,40,0,1,6,18,0,16.28
2026-02-18 19:32:20.334471,38,0,1,6,18,0,16.74
2026-02-18 20:32:20.334471,41,0,1,6,18,0,15.46
2026-02-18 21:32:20.334471,8,0,1,6,18,0,15.63
2026-02-18 22:32:20.334471,6,0,1,6,18,0,15.58
2026-02-18 23:32:20.334471,6,0,1,6,18,0,15.65
2026-02-19 00:32:20.334471,7,0,1,6,18,0,16.02
2026-02-19 01:32:20.334471,8,0,1,6,18,0,15.4
2026-02-19 02:32:20.334471,8,0,1,6,18,0,16.1
2026-02-19 03:32:20.334471,6,0,1,6,18,0,16.04
2026-02-19 04:32:20.334471,7,0,1,6,18,0,16.44
2026-02-19 05:32:20.334471,7,0,1,6,18,0,15.59
2026-02-19 06:32:20.334471,7,0,0,6,18,0,3.47
2026-02-19 07:32:20.334471,7,0,0,6,18,0,3.34
2026-02-19 08:32:20.334471,70,0,0,6,18,0,4.33
2026-02-19 09:32:20.334471,119,0,0,6,18,0,5.28
2026-02-19 10:32:20.334471,131,0,0,6,18,0,5.23
2026-02-19 11:32:20.334471,114,0,0,6,18,0,4.98
2026-02-19 12:32:20.334471,97,0,0,6,18,0,4.67
2026-02-19 13:32:20.334471,100,0,0,6,18,0,4.97
2026-02-19 14:32:20.334471,115,0,0,6,18,0,5.14
2026-02-19 15:32:20.334471,108,0,0,6,18,0,4.81
2026-02-19 16:32:20.334471,110,0,0,6,18,0,4.92
2026-02-19 17:32:20.334471,71,0,0,6,18,0,4.44
2026-02-19 18:32:20.334471,34,0,1,6,18,0,15.86
2026-02-19 19:32:20.334471,34,0,1,6,18,0,15.8
2026-02-19 20:32:20.334471,46,0,1,6,18,0,16.28
2026-02-19 21:32:20.334471,9,0,1,6,18,0,15.63
2026-02-19 22:32:20.334471,8,0,1,6,18,0,15.52
2026-02-19 23:32:20.334471,7,0,1,6,18,0,15.61
2026-02-20 00:32:20.334471,7,0,1,6,18,0,15.75
2026-02-20 01:32:20.334471,8,0,1,6,18,0,15.71
2026-02-20 02:32:20.334471,8,0,1,6,18,0,15.67
2026-02-20 03:32:20.334471,7,0,1,6,18,0,15.55
2026-02-20 04:32:20.334471,8,0,1,6,18,0,15.9
2026-02-20 05:32:20.334471,7,0,1,6,18,0,16.07
2026-02-20 06:32:20.334471,7,0,0,6,18,0,3.54
2026-02-20 07:32:20.334471,8,0,0,6,18,0,3.21
2026-02-20 08:32:20.334471,60,0,0,6,18,0,4.43
2026-02-20 09:32:20.334471,98,0,0,6,18,0,4.66
2026-02-20 10:32:20.334471,124,0,0,6,18,0,5.31
2026-02-20 11:32:20.334471,104,0,0,6,18,0,4.8
2026-02-20 12:32:20.334471,119,0,0,6,18,0,5.69
2026-02-20 13:32:20.334471,103,0,0,6,18,0,5.09
2026-02-20 14:32:20.334471,121,0,0,6,18,0,5.44
2026-02-20 15:32:20.334471,132,0,0,6,18,0,4.93
2026-02-20 16:32:20.334471,124,0,0,6,18,0,5.24
2026-02-20 17:32:20.334471,75,0,0,6,18,0,3.58
2026-02-20 18:32:20.334471,36,0,1,6,18,0,16.29
2026-02-20 19:32:20.334471,38,0,1,6,18,0,15.71
2026-02-20 20:32:20.334471,43,0,1,6,18,0,16.3
2026-02-20 21:32:20.334471,8,0,1,6,18,0,15.83
2026-02-20 22:32:20.334471,9,0,1,6,18,0,14.93
2026-02-20 23:32:20.334471,8,0,1,6,18,0,14.97
2026-02-21 00:32:20.334471,5,1,1,6,18,0,15.65
2026-02-21 01:32:20.334471,4,1,1,6,18,0,15.62
2026-02-21 02:32:20.334471,5,1,1,6,18,0,15.63
2026-02-21 03:32:20.334471,4,1,1,6,18,0,15.85
2026-02-21 04:32:20.334471,4,1,1,6,18,0,15.48
2026-02-21 05:32:20.334471,4,1,1,6,18,0,15.44
2026-02-21 06:32:20.334471,5,1,0,6,18,0,2.91
2026-02-21 07:32:20.334471,4,1,0,6,18,0,3.23
2026-02-21 08:32:20.334471,4,1,0,6,18,0,3.27
2026-02-21 09:32:20.334471,5,1,0,6,18,0,3.6
2026-02-21 10:32:20.334471,14,1,0,6,18,0,2.96
2026-02-21 11:32:20.334471,16,1,0,6,18,0,3.71
2026-02-21 12:32:20.334471,12,1,0,6,18,0,3.45
2026-02-21 13:32:20.334471,15,1,0,6,18,0,3.75
2026-02-21 14:32:20.334471,13,1,0,6,18,0,2.9
2026-02-21 15:32:20.334471,19,1,0,6,18,0,4.36
2026-02-21 16:32:20.334471,14,1,0,6,18,0,3.19
2026-02-21 17:32:20.334471,4,1,0,6,18,0,3.17
2026-02-21 18:32:20.334471,5,1,1,6,18,0,15.55
2026-02-21 19:32:20.334471,4,1,1,6,18,0,15.5
2026-02-21 20:32:20.334471,5,1,1,6,18,0,15.4
2026-02-21 21:32:20.334471,4,1,1,6,18,0,15.61
2026-02-21 22:32:20.334471,4,1,1,6,18,0,15.52
2026-02-21 23:32:20.334471,5,1,1,6,18,0,15.26
2026-02-22 00:32:20.334471,5,1,1,6,18,0,15.37
2026-02-22 01:32:20.334471,5,1,1,6,18,0,15.71
2026-02-22 02:32:20.334471,4,1,1,6,18,0,15.22
2026-02-22 03:32:20.334471,4,1,1,6,18,0,15.89
2026-02-22 04:32:20.334471,5,1,1,6,18,0,16.0
2026-02-22 05:32:20.334471,5,1,1,6,18,0,15.41
2026-02-22 06:32:20.334471,4,1,0,6,18,0,3.23
2026-02-22 07:32:20.334471,4,1,0,6,18,0,3.36
2026-02-22 08:32:20.334471,4,1,0,6,18,0,3.32
2026-02-22 09:32:20.334471,5,1,0,6,18,0,3.75
2026-02-22 10:32:20.334471,14,1,0,6,18,0,3.3
2026-02-22 11:32:20.334471,15,1,0,6,18,0,3.43
2026-02-22 12:32:20.334471,14,1,0,6,18,0,2.85
2026-02-22 13:32:20.334471,16,1,0,6,18,0,3.63
2026-02-22 14:32:20.334471,16,1,0,6,18,0,3.4
2026-02-22 15:32:20.334471,15,1,0,6,18,0,3.7
2026-02-22 16:32:20.334471,17,1,0,6,18,0,3.58
2026-02-22 17:32:20.334471,4,1,0,6,18,0,3.5
2026-02-22 18:32:20.334471,4,1,1,6,18,0,15.62
2026-02-22 19:32:20.334471,5,1,1,6,18,0,15.16
2026-02-22 20:32:20.334471,4,1,1,6,18,0,15.27
2026-02-22 21:32:20.334471,5,1,1,6,18,0,15.19
2026-02-22 22:32:20.334471,5,1,1,6,18,0,15.95
2026-02-22 23:32:20.334471,4,1,1,6,18,0,15.16
2026-02-23 00:32:20.334471,8,0,1,6,18,0,16.11
2026-02-23 01:32:20.334471,9,0,1,6,18,0,15.79
2026-02-23 02:32:20.334471,8,0,1,6,18,0,15.49
2026-02-23 03:32:20.334471,7,0,1,6,18,0,15.77
2026-02-23 04:32:20.334471,8,0,1,6,18,0,15.9
2026-02-23 05:32:20.334471,6,0,1,6,18,0,15.46
2026-02-23 06:32:20.334471,8,0,0,6,18,0,3.6
2026-02-23 07:32:20.334471,8,0,0,6,18,0,3.33
2026-02-23 08:32:20.334471,79,0,0,6,18,0,4.68
2026-02-23 09:32:20.334471,101,0,0,6,18,0,5.15
2026-02-23 10:32:20.334471,111,0,0,6,18,0,4.9
2026-02-23 11:32:20.334471,136,0,0,6,18,0,5.56
2026-02-23 12:32:20.334471,149,0,0,6,18,0,5.75
2026-02-23 13:32:20.334471,114,0,0,6,18,0,5.23
2026-02-23 14:32:20.334471,131,0,0,6,18,0,5.11
2026-02-23 15:32:20.334471,123,0,0,6,18,0,5.63
2026-02-23 16:32:20.334471,122,0,0,6,18,0,5.13
2026-02-23 17:32:20.334471,65,0,0,6,18,0,3.82
2026-02-23 18:32:20.334471,40,0,1,6,18,0,15.9
2026-02-23 19:32:20.334471,44,0,1,6,18,0,16.25
2026-02-23 20:32:20.334471,41,0,1,6,18,0,15.96
2026-02-23 21:32:20.334471,6,0,1,6,18,0,15.21
2026-02-23 22:32:20.334471,8,0,1,6,18,0,15.27
2026-02-23 23:32:20.334471,8,0,1,6,18,0,15.57
2026-02-24 00:32:20.334471,8,0,1,6,18,0,16.11
2026-02-24 01:32:20.334471,7,0,1,6,18,0,15.38
2026-02-24 02:32:20.334471,7,0,1,6,18,0,15.47
2026-02-24 03:32:20.334471,7,0,1,6,18,0,15.48
2026-02-24 04:32:20.334471,10,0,1,6,18,0,16.12
2026-02-24 05:32:20.334471,7,0,1,6,18,0,15.7
2026-02-24 06:32:20.334471,6,0,0,6,18,0,3.66
2026-02-24 07:32:20.334471,7,0,0,6,18,0,2.56
2026-02-24 08:32:20.334471,71,0,0,6,18,0,4.36
2026-02-24 09:32:20.334471,125,0,0,6,18,0,5.48
2026-02-24 10:32:20.334471,123,0,0,6,18,0,5.0
2026-02-24 11:32:20.334471,98,0,0,6,18,0,4.55
2026-02-24 12:32:20.334471,124,0,0,6,18,0,5.23
2026-02-24 13:32:20.334471,104,0,0,6,18,0,4.41
2026-02-24 14:32:20.334471,102,0,0,6,18,0,4.73
2026-02-24 15:32:20.334471,109,0,0,6,18,0,5.21
2026-02-24 16:32:20.334471,114,0,0,6,18,0,5.45
2026-02-24 17:32:20.334471,65,0,0,6,18,0,4.48
2026-02-24 18:32:20.334471,46,0,1,6,18,0,16.14
2026-02-24 19:32:20.334471,42,0,1,6,18,0,16.19
2026-02-24 20:32:20.334471,44,0,1,6,18,0,16.28
2026-02-24 21:32:20.334471,7,0,1,6,18,0,15.63
2026-02-24 22:32:20.334471,8,0,1,6,18,0,15.72
2026-02-24 23:32:20.334471,8,0,1,6,18,0,15.9
2026-02-25 00:32:20.334471,9,0,1,6,18,0,15.38
2026-02-25 01:32:20.334471,6,0,1,6,18,0,15.44
2026-02-25 02:32:20.334471,6,0,1,6,18,0,15.62
2026-02-25 03:32:20.334471,8,0,1,6,18,0,15.94
2026-02-25 04:32:20.334471,8,0,1,6,18,0,15.18
2026-02-25 05:32:20.334471,6,0,1,6,18,0,15.58
2026-02-25 06:32:20.334471,8,0,0,6,18,0,3.37
2026-02-25 07:32:20.334471,8,0,0,6,18,0,3.66
2026-02-25 08:32:20.334471,60,0,0,6,18,0,3.69
2026-02-25 09:32:20.334471,117,0,0,6,18,0,4.69
2026-02-25 10:32:20.334471,114,0,0,6,18,0,4.99
2026-02-25 11:32:20.334471,132,0,0,6,18,0,5.01
2026-02-25 12:32:20.334471,147,0,0,6,18,0,5.42
2026-02-25 13:32:20.334471,139,0,0,6,18,0,5.18
2026-02-25 14:32:20.334471,107,0,0,6,18,0,4.94
2026-02-25 15:32:20.334471,127,0,0,6,18,0,5.62
2026-02-25 16:32:20.334471,147,0,0,6,18,0,5.85
2026-02-25 17:32:20.334471,72,0,0,6,18,0,4.14
2026-02-25 18:32:20.334471,42,0,1,6,18,0,16.29
2026-02-25 19:32:20.334471,40,0,1,6,18,0,16.06
2026-02-25 20:32:20.334471,42,0,1,6,18,0,16.3
2026-02-25 21:32:20.334471,7,0,1,6,18,0,15.43
2026-02-25 22:32:20.334471,6,0,1,6,18,0,15.46
2026-02-25 23:32:20.334471,8,0,1,6,18,0,15.57
2026-02-26 00:32:20.334471,8,0,1,6,18,0,15.52
2026-02-26 01:32:20.334471,8,0,1,6,18,0,16.13
2026-02-26 02:32:20.334471,8,0,1,6,18,0,15.85
2026-02-26 03:32:20.334471,7,0,1,6,18,0,15.59
2026-02-26 04:32:20.334471,8,0,1,6,18,0,15.5
2026-02-26 05:32:20.334471,8,0,1,6,18,0,15.87
2026-02-26 06:32:20.334471,7,0,0,6,18,0,3.27
2026-02-26 07:32:20.334471,8,0,0,6,18,0,3.64
2026-02-26 08:32:20.334471,77,0,0,6,18,0,4.19
2026-02-26 09:32:20.334471,129,0,0,6,18,0,5.34
2026-02-26 10:32:20.334471,111,0,0,6,18,0,5.21
2026-02-26 11:32:20.334471,114,0,0,6,18,0,5.28
2026-02-26 12:32:20.334471,121,0,0,6,18,0,5.04
2026-02-26 13:32:20.334471,103,0,0,6,18,0,5.0
2026-02-26 14:32:20.334471,112,0,0,6,18,0,5.5
2026-02-26 15:32:20.334471,133,0,0,6,18,0,5.42
2026-02-26 16:32:20.334471,121,0,0,6,18,0,5.29
2026-02-26 17:32:20.334471,66,0,0,6,18,0,4.53
2026-02-26 18:32:20.334471,45,0,1,6,18,0,16.49
2026-02-26 19:32:20.334471,30,0,1,6,18,0,15.62
2026-02-26 20:32:20.334471,30,0,1,6,18,0,16.36
2026-02-26 21:32:20.334471,8,0,1,6,18,0,15.28
2026-02-26 22:32:20.334471,8,0,1,6,18,0,16.05
2026-02-26 23:32:20.334471,8,0,1,6,18,0,16.24
2026-02-27 00:32:20.334471,7,0,1,6,18,0,15.36
2026-02-27 01:32:20.334471,7,0,1,6,18,0,15.37
2026-02-27 02:32:20.334471,7,0,1,6,18,0,15.46
2026-02-27 03:32:20.334471,8,0,1,6,18,0,16.23
2026-02-27 04:32:20.334471,9,0,1,6,18,0,15.87
2026-02-27 05:32:20.334471,8,0,1,6,18,0,16.01
2026-02-27 06:32:20.334471,6,0,0,6,18,0,3.37
2026-02-27 07:32:20.334471,7,0,0,6,18,0,3.1
2026-02-27 08:32:20.334471,67,0,0,6,18,0,4.69
2026-02-27 09:32:20.334471,118,0,0,6,18,0,5.89
2026-02-27 10:32:20.334471,135,0,0,6,18,0,5.39
2026-02-27 11:32:20.334471,105,0,0,6,18,0,5.19
2026-02-27 12:32:20.334471,123,0,0,6,18,0,4.39
2026-02-27 13:32:20.334471,126,0,0,6,18,0,4.94
2026-02-27 14:32:20.334471,120,0,0,6,18,0,4.86
2026-02-27 15:32:20.334471,127,0,0,6,18,0,5.02
2026-02-27 16:32:20.334471,126,0,0,6,18,0,5.04
2026-02-27 17:32:20.334471,65,0,0,6,18,0,3.94
2026-02-27 18:32:20.334471,39,0,1,6,18,0,15.93
2026-02-27 19:32:20.334471,39,0,1,6,18,0,16.13
2026-02-27 20:32:20.334471,35,0,1,6,18,0,16.1
2026-02-27 21:32:20.334471,8,0,1,6,18,0,15.13
2026-02-27 22:32:20.334471,8,0,1,6,18,0,16.05
2026-02-27 23:32:20.334471,6,0,1,6,18,0,15.64
2026-02-28 00:32:20.334471,4,1,1,6,18,0,15.05
2026-02-28 01:32:20.334471,5,1,1,6,18,0,15.51
2026-02-28 02:32:20.334471,5,1,1,6,18,0,15.65
2026-02-28 03:32:20.334471,5,1,1,6,18,0,15.42
2026-02-28 04:32:20.334471,4,1,1,6,18,0,15.65
2026-02-28 05:32:20.334471,4,1,1,6,18,0,15.49
2026-02-28 06:32:20.334471,4,1,0,6,18,0,2.83
2026-02-28 07:32:20.334471,4,1,0,6,18,0,3.38
2026-02-28 08:32:20.334471,5,1,0,6,18,0,3.31
2026-02-28 09:32:20.334471,4,1,0,6,18,0,3.5
2026-02-28 10:32:20.334471,14,1,0,6,18,0,3.89
2026-02-28 11:32:20.334471,14,1,0,6,18,0,3.35
2026-02-28 12:32:20.334471,15,1,0,6,18,0,3.76
2026-02-28 13:32:20.334471,15,1,0,6,18,0,3.7
2026-02-28 14:32:20.334471,12,1,0,6,18,0,3.54
2026-02-28 15:32:20.334471,15,1,0,6,18,0,3.58
2026-02-28 16:32:20.334471,13,1,0,6,18,0,3.79
2026-02-28 17:32:20.334471,5,1,0,6,18,0,3.68
2026-02-28 18:32:20.334471,5,1,1,6,18,0,15.97
2026-02-28 19:32:20.334471,4,1,1,6,18,0,15.57
2026-02-28 20:32:20.334471,4,1,1,6,18,0,15.54
2026-02-28 21:32:20.334471,5,1,1,6,18,0,15.57
2026-02-28 22:32:20.334471,4,1,1,6,18,0,15.61
2026-02-28 23:32:20.334471,4,1,1,6,18,0,15.63
2026-03-01 00:32:20.334471,6,1,1,6,18,0,15.7
2026-03-01 01:32:20.334471,4,1,1,6,18,0,15.13
2026-03-01 02:32:20.334471,4,1,1,6,18,0,16.0
2026-03-01 03:32:20.334471,4,1,1,6,18,0,15.03
2026-03-01 04:32:20.334471,5,1,1,6,18,0,15.96
2026-03-01 05:32:20.334471,4,1,1,6,18,0,15.56
2026-03-01 06:32:20.334471,4,1,0,6,18,0,3.11
2026-03-01 07:32:20.334471,4,1,0,6,18,0,3.25
2026-03-01 08:32:20.334471,5,1,0,6,18,0,3.73
2026-03-01 09:32:20.334471,5,1,0,6,18,0,3.78
2026-03-01 10:32:20.334471,14,1,0,6,18,0,3.13
2026-03-01 11:32:20.334471,15,1,0,6,18,0,3.75
2026-03-01 12:32:20.334471,14,1,0,6,18,0,3.16
2026-03-01 13:32:20.334471,15,1,0,6,18,0,3.12
2026-03-01 14:32:20.334471,15,1,0,6,18,0,3.33
2026-03-01 15:32:20.334471,15,1,0,6,18,0,3.68
2026-03-01 16:32:20.334471,10,1,0,6,18,0,3.46
2026-03-01 17:32:20.334471,5,1,0,6,18,0,2.97
2026-03-01 18:32:20.334471,5,1,1,6,18,0,15.89
2026-03-01 19:32:20.334471,5,1,1,6,18,0,15.25
2026-03-01 20:32:20.334471,6,1,1,6,18,0,15.93
2026-03-01 21:32:20.334471,4,1,1,6,18,0,15.87
2026-03-01 22:32:20.334471,5,1,1,6,18,0,15.69
2026-03-01 23:32:20.334471,4,1,1,6,18,0,16.06
2026-03-02 00:32:20.334471,9,0,1,6,18,0,15.5
2026-03-02 01:32:20.334471,8,0,1,6,18,0,15.56
2026-03-02 02:32:20.334471,8,0,1,6,18,0,15.93
2026-03-02 03:32:20.334471,7,0,1,6,18,0,15.97
2026-03-02 04:32:20.334471,7,0,1,6,18,0,15.22
2026-03-02 05:32:20.334471,8,0,1,6,18,0,15.25
2026-03-02 06:32:20.334471,9,0,0,6,18,0,3.02
2026-03-02 07:32:20.334471,6,0,0,6,18,0,4.05
2026-03-02 08:32:20.334471,66,0,0,6,18,0,4.31
2026-03-02 09:32:20.334471,141,0,0,6,18,0,5.36
2026-03-02 10:32:20.334471,88,0,0,6,18,0,4.51
2026-03-02 11:32:20.334471,128,0,0,6,18,0,5.23
2026-03-02 12:32:20.334471,141,0,0,6,18,0,4.93
2026-03-02 13:32:20.334471,127,0,0,6,18,0,4.97
2026-03-02 14:32:20.334471,115,0,0,6,18,0,5.19
2026-03-02 15:32:20.334471,127,0,0,6,18,0,5.61
2026-03-02 16:32:20.334471,129,0,0,6,18,0,5.13
2026-03-02 17:32:20.334471,61,0,0,6,18,0,4.09
2026-03-02 18:32:20.334471,44,0,1,6,18,0,16.04
2026-03-02 19:32:20.334471,42,0,1,6,18,0,16.03
2026-03-02 20:32:20.334471,37,0,1,6,18,0,16.06
2026-03-02 21:32:20.334471,7,0,1,6,18,0,15.34
2026-03-02 22:32:20.334471,7,0,1,6,18,0,15.84
2026-03-02 23:32:20.334471,8,0,1,6,18,0,16.01
2026-03-03 00:32:20.334471,7,0,1,6,18,0,15.61
2026-03-03 01:32:20.334471,8,0,1,6,18,0,15.51
2026-03-03 02:32:20.334471,8,0,1,6,18,0,16.24
2026-03-03 03:32:20.334471,8,0,1,6,18,0,15.71
2026-03-03 04:32:20.334471,8,0,1,6,18,0,15.92
2026-03-03 05:32:20.334471,7,0,1,6,18,0,16.04
2026-03-03 06:32:20.334471,6,0,0,6,18,0,3.88
2026-03-03 07:32:20.334471,6,0,0,6,18,0,2.87
2026-03-03 08:32:20.334471,67,0,0,6,18,0,4.26
2026-03-03 09:32:20.334471,145,0,0,6,18,0,5.49
2026-03-03 10:32:20.334471,113,0,0,6,18,0,4.92
2026-03-03 11:32:20.334471,133,0,0,6,18,0,5.95
2026-03-03 12:32:20.334471,106,0,0,6,18,0,5.19
2026-03-03 13:32:20.334471,123,0,0,6,18,0,5.29
2026-03-03 14:32:20.334471,105,0,0,6,18,0,5.0
2026-03-03 15:32:20.334471,101,0,0,6,18,0,4.9
2026-03-03 16:32:20.334471,117,0,0,6,18,0,4.51
2026-03-03 17:32:20.334471,80,0,0,6,18,0,4.52
2026-03-03 18:32:20.334471,44,0,1,6,18,0,16.32
2026-03-03 19:32:20.334471,41,0,1,6,18,0,16.49
2026-03-03 20:32:20.334471,43,0,1,6,18,0,16.13
2026-03-03 21:32:20.334471,8,0,1,6,18,0,15.61
2026-03-03 22:32:20.334471,8,0,1,6,18,0,15.75
2026-03-03 23:32:20.334471,9,0,1,6,18,0,15.42
2026-03-04 00:32:20.334471,8,0,1,6,18,0,16.37
2026-03-04 01:32:20.334471,7,0,1,6,18,0,15.39
2026-03-04 02:32:20.334471,8,0,1,6,18,0,15.1
2026-03-04 03:32:20.334471,8,0,1,6,18,0,16.14
2026-03-04 04:32:20.334471,7,0,1,6,18,0,15.65
2026-03-04 05:32:20.334471,6,0,1,6,18,0,15.88
2026-03-04 06:32:20.334471,8,0,0,6,18,0,3.79
2026-03-04 07:32:20.334471,7,0,0,6,18,0,3.65
2026-03-04 08:32:20.334471,66,0,0,6,18,0,4.06
2026-03-04 09:32:20.334471,121,0,0,6,18,0,5.52
2026-03-04 10:32:20.334471,132,0,0,6,18,0,5.41
2026-03-04 11:32:20.334471,109,0,0,6,18,0,4.54
2026-03-04 12:32:20.334471,114,0,0,6,18,0,4.85
2026-03-04 13:32:20.334471,107,0,0,6,18,0,4.61
2026-03-04 14:32:20.334471,135,0,0,6,18,0,5.41
2026-03-04 15:32:20.334471,131,0,0,6,18,0,6.03
2026-03-04 16:32:20.334471,113,0,0,6,18,0,5.26
2026-03-04 17:32:20.334471,66,0,0,6,18,0,4.52
2026-03-04 18:32:20.334471,37,0,1,6,18,0,15.71
2026-03-04 19:32:20.334471,44,0,1,6,18,0,16.08
2026-03-04 20:32:20.334471,39,0,1,6,18,0,16.31
2026-03-04 21:32:20.334471,8,0,1,6,18,0,15.66
2026-03-04 22:32:20.334471,8,0,1,6,18,0,15.85
2026-03-04 23:32:20.334471,7,0,1,6,18,0,15.97
2026-03-05 00:32:20.334471,8,0,1,6,18,0,16.14
