timestamp,power_kwh,server_temp_c,network_mbps,is_anomaly,anomaly_type
2026-01-04 00:28:56.216956,20.59,18.95,78.4,0,none
2026-01-04 01:28:56.216956,17.87,28.06,79.5,1,random_temp
2026-01-04 02:28:56.216956,18.26,19.23,94.4,0,none
2026-01-04 03:28:56.216956,21.17,19.35,51.0,0,none
2026-01-04 04:28:56.216956,17.4,19.62,64.6,0,none
2026-01-04 05:28:56.216956,18.69,19.74,104.5,0,none
2026-01-04 06:28:56.216956,38.24,20.86,76.9,0,none
2026-01-04 07:28:56.216956,47.46,20.89,104.0,0,none
2026-01-04 08:28:56.216956,55.43,22.45,66.9,0,none
2026-01-04 09:28:56.216956,59.95,22.46,398.1,0,none
2026-01-04 10:28:56.216956,56.71,24.4,477.4,0,none
2026-01-04 11:28:56.216956,63.83,23.06,529.0,0,none
2026-01-04 12:28:56.216956,64.77,24.65,581.4,0,none
2026-01-04 13:28:56.216956,63.95,24.06,598.1,0,none
2026-01-04 14:28:56.216956,59.74,24.57,604.5,0,none
2026-01-04 15:28:56.216956,56.43,25.01,566.5,0,none
2026-01-04 16:28:56.216956,51.45,25.05,484.3,0,none
2026-01-04 17:28:56.216956,47.88,24.66,412.9,0,none
2026-01-04 18:28:56.216956,39.21,25.6,333.3,0,none
2026-01-04 19:28:56.216956,21.55,24.89,294.4,0,none
2026-01-04 20:28:56.216956,22.21,24.97,329.0,0,none
2026-01-04 21:28:56.216956,19.3,23.89,278.9,0,none
2026-01-04 22:28:56.216956,19.67,23.28,280.8,0,none
2026-01-04 23:28:56.216956,18.4,22.44,338.4,0,none
2026-01-05 00:28:56.216956,20.63,18.08,80.2,0,none
2026-01-05 01:28:56.216956,18.93,18.53,64.3,0,none
2026-01-05 02:28:56.216956,21.65,19.33,83.5,0,none
2026-01-05 03:28:56.216956,25.08,19.47,63.8,0,none
2026-01-05 04:28:56.216956,23.08,19.41,91.2,0,none
2026-01-05 05:28:56.216956,22.88,21.01,83.3,0,none
2026-01-05 06:28:56.216956,39.77,20.07,83.5,0,none
2026-01-05 07:28:56.216956,45.37,21.19,41.8,0,none
2026-01-05 08:28:56.216956,52.61,21.41,51.5,0,none
2026-01-05 09:28:56.216956,58.49,22.56,394.4,0,none
2026-01-05 10:28:56.216956,59.66,24.0,484.1,0,none
2026-01-05 11:28:56.216956,63.28,23.73,518.8,0,none
2026-01-05 12:28:56.216956,63.91,24.1,566.1,0,none
2026-01-05 13:28:56.216956,64.33,24.78,617.2,0,none
2026-01-05 14:28:56.216956,61.23,25.87,588.8,0,none
2026-01-05 15:28:56.216956,99.7,25.11,539.9,1,random_power
2026-01-05 16:28:56.216956,54.6,25.25,494.4,0,none
2026-01-05 17:28:56.216956,47.33,25.13,432.8,0,none
2026-01-05 18:28:56.216956,40.57,24.92,323.4,0,none
2026-01-05 19:28:56.216956,18.94,25.07,301.1,0,none
2026-01-05 20:28:56.216956,20.94,23.93,288.3,0,none
2026-01-05 21:28:56.216956,18.3,23.9,312.3,0,none
2026-01-05 22:28:56.216956,22.79,23.26,272.4,0,none
2026-01-05 23:28:56.216956,23.31,23.14,278.8,0,none
2026-01-06 00:28:56.216956,15.46,18.93,82.9,0,none
2026-01-06 01:28:56.216956,19.45,19.27,80.2,0,none
2026-01-06 02:28:56.216956,19.32,20.14,81.2,0,none
2026-01-06 03:28:56.216956,20.4,19.25,88.3,0,none
2026-01-06 04:28:56.216956,21.87,20.37,76.2,0,none
2026-01-06 05:28:56.216956,18.68,19.64,58.9,0,none
2026-01-06 06:28:56.216956,41.96,20.77,69.1,0,none
2026-01-06 07:28:56.216956,48.12,21.09,72.2,0,none
2026-01-06 08:28:56.216956,51.75,22.59,80.1,0,none
2026-01-06 09:28:56.216956,60.98,22.2,392.7,0,none
2026-01-06 10:28:56.216956,61.37,22.63,468.9,0,none
2026-01-06 11:28:56.216956,64.56,23.61,536.8,0,none
2026-01-06 12:28:56.216956,66.4,23.19,600.4,0,none
2026-01-06 13:28:56.216956,65.82,24.09,607.3,0,none
2026-01-06 14:28:56.216956,59.23,25.14,578.5,0,none
2026-01-06 15:28:56.216956,58.08,24.63,517.2,0,none
2026-01-06 16:28:56.216956,50.88,25.72,475.4,0,none
2026-01-06 17:28:56.216956,47.43,24.4,384.1,0,none
2026-01-06 18:28:56.216956,41.49,25.76,318.3,0,none
2026-01-06 19:28:56.216956,24.26,24.26,300.4,0,none
2026-01-06 20:28:56.216956,23.9,24.9,298.2,0,none
2026-01-06 21:28:56.216956,22.62,23.81,286.5,0,none
2026-01-06 22:28:56.216956,20.54,22.33,317.2,0,none
2026-01-06 23:28:56.216956,22.27,22.56,315.9,0,none
2026-01-07 00:28:56.216956,19.22,18.82,17.9,0,none
2026-01-07 01:28:56.216956,20.99,19.73,77.7,0,none
2026-01-07 02:28:56.216956,17.04,20.16,102.6,0,none
2026-01-07 03:28:56.216956,21.17,18.45,64.9,0,none
2026-01-07 04:28:56.216956,24.43,20.17,77.9,0,none
2026-01-07 05:28:56.216956,19.98,20.17,99.3,0,none
2026-01-07 06:28:56.216956,41.71,21.24,84.1,0,none
2026-01-07 07:28:56.216956,46.65,22.03,85.0,0,none
2026-01-07 08:28:56.216956,55.9,21.71,77.5,0,none
2026-01-07 09:28:56.216956,57.98,22.69,402.8,0,none
2026-01-07 10:28:56.216956,61.4,23.79,468.5,0,none
2026-01-07 11:28:56.216956,63.19,24.08,578.3,0,none
2026-01-07 12:28:56.216956,63.87,24.41,596.2,0,none
2026-01-07 13:28:56.216956,64.35,23.87,660.8,0,none
2026-01-07 14:28:56.216956,60.97,25.44,599.6,0,none
2026-01-07 15:28:56.216956,58.0,24.53,548.3,0,none
2026-01-07 16:28:56.216956,51.52,23.78,463.4,0,none
2026-01-07 17:28:56.216956,45.57,25.68,429.7,0,none
2026-01-07 18:28:56.216956,40.67,23.9,282.0,0,none
2026-01-07 19:28:56.216956,18.98,24.54,331.0,0,none
2026-01-07 20:28:56.216956,23.46,23.76,263.3,0,none
2026-01-07 21:28:56.216956,21.71,22.97,317.8,0,none
2026-01-07 22:28:56.216956,16.55,23.34,315.3,0,none
2026-01-07 23:28:56.216956,19.73,22.68,286.6,0,none
2026-01-08 00:28:56.216956,23.72,19.04,56.4,0,none
2026-01-08 01:28:56.216956,20.99,18.28,87.4,0,none
2026-01-08 02:28:56.216956,19.88,19.76,65.6,0,none
2026-01-08 03:28:56.216956,19.54,19.6,75.2,0,none
2026-01-08 04:28:56.216956,21.75,19.76,51.4,0,none
2026-01-08 05:28:56.216956,20.35,20.23,93.8,0,none
2026-01-08 06:28:56.216956,42.23,20.51,96.5,0,none
2026-01-08 07:28:56.216956,48.22,21.44,101.6,0,none
2026-01-08 08:28:56.216956,49.28,21.17,50.9,0,none
2026-01-08 09:28:56.216956,60.48,23.31,406.8,0,none
2026-01-08 10:28:56.216956,57.95,22.49,496.1,0,none
2026-01-08 11:28:56.216956,64.04,23.76,551.6,0,none
2026-01-08 12:28:56.216956,65.53,23.54,571.6,0,none
2026-01-08 13:28:56.216956,63.52,24.07,606.0,0,none
2026-01-08 14:28:56.216956,59.18,24.45,587.5,0,none
2026-01-08 15:28:56.216956,56.36,25.31,519.7,0,none
2026-01-08 16:28:56.216956,53.88,25.1,440.9,0,none
2026-01-08 17:28:56.216956,48.23,25.25,396.8,0,none
2026-01-08 18:28:56.216956,40.11,24.03,304.0,0,none
2026-01-08 19:28:56.216956,21.94,24.7,286.8,0,none
2026-01-08 20:28:56.216956,20.14,23.57,279.4,0,none
2026-01-08 21:28:56.216956,21.14,24.26,327.9,0,none
2026-01-08 22:28:56.216956,21.89,23.15,244.7,0,none
2026-01-08 23:28:56.216956,20.01,22.21,289.0,0,none
2026-01-09 00:28:56.216956,19.71,19.54,69.9,0,none
2026-01-09 01:28:56.216956,20.15,18.81,68.2,0,none
2026-01-09 02:28:56.216956,20.7,18.86,97.6,0,none
2026-01-09 03:28:56.216956,22.61,19.46,65.9,0,none
2026-01-09 04:28:56.216956,15.24,20.3,74.1,0,none
2026-01-09 05:28:56.216956,14.53,19.52,116.0,0,none
2026-01-09 06:28:56.216956,41.21,21.53,89.8,0,none
2026-01-09 07:28:56.216956,46.9,21.44,85.2,0,none
2026-01-09 08:28:56.216956,56.67,22.29,114.3,0,none
2026-01-09 09:28:56.216956,59.49,22.36,383.6,0,none
2026-01-09 10:28:56.216956,61.98,23.64,496.0,0,none
2026-01-09 11:28:56.216956,62.61,23.42,524.0,0,none
2026-01-09 12:28:56.216956,64.06,23.91,560.2,0,none
2026-01-09 13:28:56.216956,67.85,25.01,612.2,0,none
2026-01-09 14:28:56.216956,61.54,24.93,581.1,0,none
2026-01-09 15:28:56.216956,58.26,25.11,538.2,0,none
2026-01-09 16:28:56.216956,52.9,25.43,475.9,0,none
2026-01-09 17:28:56.216956,47.49,24.58,400.8,0,none
2026-01-09 18:28:56.216956,39.64,25.05,319.1,0,none
2026-01-09 19:28:56.216956,18.72,25.23,303.1,0,none
2026-01-09 20:28:56.216956,22.27,23.61,277.6,0,none
2026-01-09 21:28:56.216956,20.61,24.02,299.2,0,none
2026-01-09 22:28:56.216956,20.64,22.73,307.8,0,none
2026-01-09 23:28:56.216956,19.07,22.57,307.8,0,none
2026-01-10 00:28:56.216956,18.94,19.31,94.8,0,none
2026-01-10 01:28:56.216956,23.19,18.22,60.0,0,none
2026-01-10 02:28:56.216956,22.2,18.97,68.1,0,none
2026-01-10 03:28:56.216956,21.59,19.47,91.5,0,none
2026-01-10 04:28:56.216956,19.29,19.95,64.4,0,none
2026-01-10 05:28:56.216956,16.56,19.21,87.8,0,none
2026-01-10 06:28:56.216956,37.69,20.56,62.7,0,none
2026-01-10 07:28:56.216956,48.47,21.04,58.2,0,none
2026-01-10 08:28:56.216956,54.96,22.02,82.1,0,none
2026-01-10 09:28:56.216956,58.29,23.82,422.5,0,none
2026-01-10 10:28:56.216956,63.53,22.1,455.7,0,none
2026-01-10 11:28:56.216956,64.83,23.67,527.2,0,none
2026-01-10 12:28:56.216956,67.31,24.0,580.7,0,none
2026-01-10 13:28:56.216956,62.79,24.68,589.3,0,none
2026-01-10 14:28:56.216956,61.04,24.82,532.6,0,none
2026-01-10 15:28:56.216956,59.83,24.02,549.9,0,none
2026-01-10 16:28:56.216956,51.01,24.88,458.5,0,none
2026-01-10 17:28:56.216956,44.99,24.25,412.5,0,none
2026-01-10 18:28:56.216956,38.18,24.21,296.4,0,none
2026-01-10 19:28:56.216956,19.62,24.94,337.7,0,none
2026-01-10 20:28:56.216956,20.3,24.42,253.9,0,none
2026-01-10 21:28:56.216956,18.34,23.16,296.3,0,none
2026-01-10 22:28:56.216956,20.58,23.5,289.8,0,none
2026-01-10 23:28:56.216956,22.18,22.13,294.4,0,none
2026-01-11 00:28:56.216956,21.45,19.86,81.1,0,none
2026-01-11 01:28:56.216956,18.93,18.39,98.9,0,none
2026-01-11 02:28:56.216956,21.59,19.52,83.6,0,none
2026-01-11 03:28:56.216956,17.63,19.72,68.1,0,none
2026-01-11 04:28:56.216956,21.61,19.56,85.2,0,none
2026-01-11 05:28:56.216956,21.27,20.75,98.2,0,none
2026-01-11 06:28:56.216956,38.72,19.83,53.9,0,none
2026-01-11 07:28:56.216956,50.26,21.27,102.8,0,none
2026-01-11 08:28:56.216956,54.32,21.99,81.3,0,none
2026-01-11 09:28:56.216956,59.69,22.68,368.2,0,none
2026-01-11 10:28:56.216956,62.56,22.48,489.7,0,none
2026-01-11 11:28:56.216956,64.09,23.63,545.2,0,none
2026-01-11 12:28:56.216956,66.22,24.29,597.1,0,none
2026-01-11 13:28:56.216956,62.04,24.47,602.5,0,none
2026-01-11 14:28:56.216956,64.86,24.38,620.0,0,none
2026-01-11 15:28:56.216956,59.99,25.87,537.8,0,none
2026-01-11 16:28:56.216956,51.79,24.91,473.0,0,none
2026-01-11 17:28:56.216956,45.88,24.68,422.9,0,none
2026-01-11 18:28:56.216956,39.74,24.62,272.5,0,none
2026-01-11 19:28:56.216956,19.28,24.69,297.7,0,none
2026-01-11 20:28:56.216956,22.39,23.53,317.2,0,none
2026-01-11 21:28:56.216956,20.91,24.57,246.1,0,none
2026-01-11 22:28:56.216956,20.75,22.42,306.2,0,none
2026-01-11 23:28:56.216956,21.87,22.81,310.9,0,none
2026-01-12 00:28:56.216956,17.08,19.26,64.4,0,none
2026-01-12 01:28:56.216956,19.64,18.0,105.7,0,none
2026-01-12 02:28:56.216956,18.6,19.96,64.2,0,none
2026-01-12 03:28:56.216956,20.99,19.69,101.0,0,none
2026-01-12 04:28:56.216956,15.89,19.51,18.9,0,none
2026-01-12 05:28:56.216956,18.73,19.94,94.6,0,none
2026-01-12 06:28:56.216956,38.97,21.26,48.8,0,none
2026-01-12 07:28:56.216956,48.05,21.0,88.4,0,none
2026-01-12 08:28:56.216956,51.46,22.24,80.4,0,none
2026-01-12 09:28:56.216956,54.99,22.28,379.2,0,none
2026-01-12 10:28:56.216956,57.11,23.71,465.2,0,none
2026-01-12 11:28:56.216956,63.98,23.84,551.2,0,none
2026-01-12 12:28:56.216956,61.5,24.73,584.6,0,none
2026-01-12 13:28:56.216956,66.6,24.56,605.9,0,none
2026-01-12 14:28:56.216956,60.33,24.39,596.0,0,none
2026-01-12 15:28:56.216956,59.06,25.02,561.9,0,none
2026-01-12 16:28:56.216956,53.04,25.45,473.4,0,none
2026-01-12 17:28:56.216956,47.8,24.92,375.2,0,none
2026-01-12 18:28:56.216956,40.87,25.35,300.2,0,none
2026-01-12 19:28:56.216956,16.58,23.91,337.7,0,none
2026-01-12 20:28:56.216956,23.73,24.12,295.0,0,none
2026-01-12 21:28:56.216956,24.22,23.52,300.2,0,none
2026-01-12 22:28:56.216956,18.92,23.32,308.0,0,none
2026-01-12 23:28:56.216956,20.79,22.76,311.2,0,none
2026-01-13 00:28:56.216956,20.0,18.77,82.2,0,none
2026-01-13 01:28:56.216956,23.52,18.6,73.8,0,none
2026-01-13 02:28:56.216956,19.45,18.88,62.4,0,none
2026-01-13 03:28:56.216956,18.16,19.66,63.5,0,none
2026-01-13 04:28:56.216956,20.69,19.84,94.8,0,none
2026-01-13 05:28:56.216956,21.21,19.59,115.6,0,none
2026-01-13 06:28:56.216956,42.69,19.91,64.2,0,none
2026-01-13 07:28:56.216956,44.33,22.12,101.5,0,none
2026-01-13 08:28:56.216956,54.15,21.53,58.4,0,none
2026-01-13 09:28:56.216956,57.44,23.11,413.6,0,none
2026-01-13 10:28:56.216956,62.42,23.25,448.6,0,none
2026-01-13 11:28:56.216956,62.01,24.37,581.4,0,none
2026-01-13 12:28:56.216956,65.02,24.07,603.1,0,none
2026-01-13 13:28:56.216956,63.68,24.26,595.1,0,none
2026-01-13 14:28:56.216956,60.34,24.81,570.2,0,none
2026-01-13 15:28:56.216956,58.82,25.2,536.8,0,none
2026-01-13 16:28:56.216956,53.01,24.71,529.2,0,none
2026-01-13 17:28:56.216956,45.5,25.61,424.7,0,none
2026-01-13 18:28:56.216956,36.23,25.01,311.2,0,none
2026-01-13 19:28:56.216956,21.25,24.02,300.0,0,none
2026-01-13 20:28:56.216956,19.77,24.4,293.4,0,none
2026-01-13 21:28:56.216956,18.71,23.59,314.3,0,none
2026-01-13 22:28:56.216956,21.37,23.18,311.6,0,none
2026-01-13 23:28:56.216956,19.28,22.61,327.8,0,none
2026-01-14 00:28:56.216956,18.82,19.33,80.4,0,none
2026-01-14 01:28:56.216956,21.28,19.41,103.4,0,none
2026-01-14 02:28:56.216956,18.85,19.87,99.3,0,none
2026-01-14 03:28:56.216956,17.82,19.0,96.0,0,none
2026-01-14 04:28:56.216956,18.83,20.31,60.2,0,none
2026-01-14 05:28:56.216956,16.7,20.3,51.4,0,none
2026-01-14 06:28:56.216956,40.81,20.09,86.1,0,none
2026-01-14 07:28:56.216956,46.01,21.49,54.8,0,none
2026-01-14 08:28:56.216956,52.74,22.22,64.0,0,none
2026-01-14 09:28:56.216956,58.35,23.29,386.3,0,none
2026-01-14 10:28:56.216956,59.6,22.91,465.4,0,none
2026-01-14 11:28:56.216956,65.22,23.95,526.0,0,none
2026-01-14 12:28:56.216956,64.09,23.99,564.2,0,none
2026-01-14 13:28:56.216956,96.09,24.19,615.9,1,random_power
2026-01-14 14:28:56.216956,59.98,25.09,589.2,0,none
2026-01-14 15:28:56.216956,61.12,25.09,546.2,0,none
2026-01-14 16:28:56.216956,52.38,24.3,519.1,0,none
2026-01-14 17:28:56.216956,44.61,24.95,380.5,0,none
2026-01-14 18:28:56.216956,40.96,24.68,297.6,0,none
2026-01-14 19:28:56.216956,21.42,23.85,328.2,0,none
2026-01-14 20:28:56.216956,16.86,23.95,293.6,0,none
2026-01-14 21:28:56.216956,15.03,24.16,277.6,0,none
2026-01-14 22:28:56.216956,20.89,24.54,297.4,0,none
2026-01-14 23:28:56.216956,23.28,22.25,277.8,0,none
2026-01-15 00:28:56.216956,16.97,19.55,97.7,0,none
2026-01-15 01:28:56.216956,20.99,17.49,54.7,0,none
2026-01-15 02:28:56.216956,18.73,18.61,98.9,0,none
2026-01-15 03:28:56.216956,19.96,19.17,57.5,0,none
2026-01-15 04:28:56.216956,21.13,19.46,70.0,0,none
2026-01-15 05:28:56.216956,19.36,20.58,64.5,0,none
2026-01-15 06:28:56.216956,37.53,20.88,82.9,0,none
2026-01-15 07:28:56.216956,46.62,21.23,83.3,0,none
2026-01-15 08:28:56.216956,56.59,21.38,96.3,0,none
2026-01-15 09:28:56.216956,60.09,22.76,393.0,0,none
2026-01-15 10:28:56.216956,60.94,24.11,497.1,0,none
2026-01-15 11:28:56.216956,65.24,23.96,522.7,0,none
2026-01-15 12:28:56.216956,65.4,24.87,581.0,0,none
2026-01-15 13:28:56.216956,66.97,24.34,624.4,0,none
2026-01-15 14:28:56.216956,62.2,25.21,587.7,0,none
2026-01-15 15:28:56.216956,58.57,24.95,565.6,0,none
2026-01-15 16:28:56.216956,52.21,25.3,506.3,0,none
2026-01-15 17:28:56.216956,44.16,24.32,376.9,0,none
2026-01-15 18:28:56.216956,43.27,24.79,317.5,0,none
2026-01-15 19:28:56.216956,17.82,23.64,301.8,0,none
2026-01-15 20:28:56.216956,20.33,23.16,305.5,0,none
2026-01-15 21:28:56.216956,17.84,23.98,325.9,0,none
2026-01-15 22:28:56.216956,20.36,23.42,321.9,0,none
2026-01-15 23:28:56.216956,19.69,23.31,42.1,1,random_network
2026-01-16 00:28:56.216956,18.41,18.71,87.5,0,none
2026-01-16 01:28:56.216956,21.02,19.41,132.7,0,none
2026-01-16 02:28:56.216956,17.33,19.5,70.4,0,none
2026-01-16 03:28:56.216956,20.48,19.31,83.8,0,none
2026-01-16 04:28:56.216956,20.14,19.28,65.2,0,none
2026-01-16 05:28:56.216956,20.46,30.87,78.2,1,random_temp
2026-01-16 06:28:56.216956,38.74,20.83,68.0,0,none
2026-01-16 07:28:56.216956,47.59,21.59,103.2,0,none
2026-01-16 08:28:56.216956,50.29,21.17,124.3,0,none
2026-01-16 09:28:56.216956,55.1,22.43,416.2,0,none
2026-01-16 10:28:56.216956,60.81,22.76,490.4,0,none
2026-01-16 11:28:56.216956,62.56,24.24,519.5,0,none
2026-01-16 12:28:56.216956,64.57,23.16,594.2,0,none
2026-01-16 13:28:56.216956,62.38,23.69,609.6,0,none
2026-01-16 14:28:56.216956,56.87,25.22,551.1,0,none
2026-01-16 15:28:56.216956,54.26,25.03,544.2,0,none
2026-01-16 16:28:56.216956,53.67,26.01,495.6,0,none
2026-01-16 17:28:56.216956,45.37,24.25,412.0,0,none
2026-01-16 18:28:56.216956,38.04,24.66,286.0,0,none
2026-01-16 19:28:56.216956,19.22,24.06,309.3,0,none
2026-01-16 20:28:56.216956,20.83,24.56,252.7,0,none
2026-01-16 21:28:56.216956,24.7,23.28,307.9,0,none
2026-01-16 22:28:56.216956,16.78,23.19,311.9,0,none
2026-01-16 23:28:56.216956,18.67,22.85,291.6,0,none
2026-01-17 00:28:56.216956,19.0,19.45,69.4,0,none
2026-01-17 01:28:56.216956,22.25,19.7,60.1,0,none
2026-01-17 02:28:56.216956,22.35,18.38,61.8,0,none
2026-01-17 03:28:56.216956,20.82,18.48,19.8,1,random_network
2026-01-17 04:28:56.216956,19.15,19.82,102.4,0,none
2026-01-17 05:28:56.216956,49.11,20.4,71.7,1,random_power
2026-01-17 06:28:56.216956,38.96,20.69,57.2,0,none
2026-01-17 07:28:56.216956,44.63,20.0,111.4,0,none
2026-01-17 08:28:56.216956,50.09,21.92,89.8,0,none
2026-01-17 09:28:56.216956,59.74,23.09,400.4,0,none
2026-01-17 10:28:56.216956,62.58,23.78,489.5,0,none
2026-01-17 11:28:56.216956,65.71,23.72,528.3,0,none
2026-01-17 12:28:56.216956,65.58,23.68,577.8,0,none
2026-01-17 13:28:56.216956,63.84,24.83,629.2,0,none
2026-01-17 14:28:56.216956,63.35,25.19,561.2,0,none
2026-01-17 15:28:56.216956,57.58,24.35,537.7,0,none
2026-01-17 16:28:56.216956,49.05,25.3,458.8,0,none
2026-01-17 17:28:56.216956,47.0,25.69,400.2,0,none
2026-01-17 18:28:56.216956,39.87,24.76,306.8,0,none
2026-01-17 19:28:56.216956,19.07,24.04,335.4,0,none
2026-01-17 20:28:56.216956,20.69,24.08,331.8,0,none
2026-01-17 21:28:56.216956,22.69,23.54,305.8,0,none
2026-01-17 22:28:56.216956,24.2,23.13,265.0,0,none
2026-01-17 23:28:56.216956,17.54,22.99,275.3,0,none
2026-01-18 00:28:56.216956,17.62,18.43,90.8,0,none
2026-01-18 01:28:56.216956,18.6,19.42,52.6,0,none
2026-01-18 02:28:56.216956,15.92,19.7,114.5,0,none
2026-01-18 03:28:56.216956,17.06,19.07,72.3,0,none
2026-01-18 04:28:56.216956,19.69,20.59,96.7,0,none
2026-01-18 05:28:56.216956,17.97,20.86,53.4,0,none
2026-01-18 06:28:56.216956,39.65,21.97,71.1,0,none
2026-01-18 07:28:56.216956,45.19,21.49,66.2,0,none
2026-01-18 08:28:56.216956,55.59,21.52,117.0,0,none
2026-01-18 09:28:56.216956,59.52,23.01,424.7,0,none
2026-01-18 10:28:56.216956,59.8,22.92,502.7,0,none
2026-01-18 11:28:56.216956,66.22,24.47,532.2,0,none
2026-01-18 12:28:56.216956,66.85,24.79,585.7,0,none
2026-01-18 13:28:56.216956,64.02,25.26,585.1,0,none
2026-01-18 14:28:56.216956,60.9,24.62,585.7,0,none
2026-01-18 15:28:56.216956,55.26,25.61,536.4,0,none
2026-01-18 16:28:56.216956,53.08,25.34,465.0,0,none
2026-01-18 17:28:56.216956,50.27,24.01,394.2,0,none
2026-01-18 18:28:56.216956,39.41,25.22,309.4,0,none
2026-01-18 19:28:56.216956,21.76,23.92,291.5,0,none
2026-01-18 20:28:56.216956,20.09,23.35,275.4,0,none
2026-01-18 21:28:56.216956,16.9,23.69,303.1,0,none
2026-01-18 22:28:56.216956,19.68,23.34,279.4,0,none
2026-01-18 23:28:56.216956,18.21,23.34,319.5,0,none
2026-01-19 00:28:56.216956,20.7,18.36,64.7,0,none
2026-01-19 01:28:56.216956,19.16,19.92,113.5,0,none
2026-01-19 02:28:56.216956,19.83,19.95,59.5,0,none
2026-01-19 03:28:56.216956,20.91,31.17,98.8,1,temp_surge
2026-01-19 04:28:56.216956,18.92,19.6,63.9,0,none
2026-01-19 05:28:56.216956,17.53,19.74,67.6,0,none
2026-01-19 06:28:56.216956,41.0,20.63,99.7,0,none
2026-01-19 07:28:56.216956,42.98,21.69,101.4,0,none
2026-01-19 08:28:56.216956,48.98,22.24,89.0,0,none
2026-01-19 09:28:56.216956,54.61,22.49,417.1,0,none
2026-01-19 10:28:56.216956,61.68,23.24,493.8,0,none
2026-01-19 11:28:56.216956,61.01,23.67,90.4,1,network_drop
2026-01-19 12:28:56.216956,65.24,24.23,585.3,0,none
2026-01-19 13:28:56.216956,64.83,24.35,612.8,0,none
2026-01-19 14:28:56.216956,108.51,25.19,600.4,1,power_spike
2026-01-19 15:28:56.216956,58.91,25.44,547.4,0,none
2026-01-19 16:28:56.216956,53.2,24.21,458.9,0,none
2026-01-19 17:28:56.216956,49.4,25.47,410.3,0,none
2026-01-19 18:28:56.216956,38.34,23.99,337.0,0,none
2026-01-19 19:28:56.216956,19.47,23.81,260.7,0,none
2026-01-19 20:28:56.216956,17.89,24.32,290.4,0,none
2026-01-19 21:28:56.216956,21.34,25.05,301.8,0,none
2026-01-19 22:28:56.216956,19.27,22.41,294.1,0,none
2026-01-19 23:28:56.216956,22.82,22.73,302.8,0,none
2026-01-20 00:28:56.216956,17.84,19.49,48.9,0,none
2026-01-20 01:28:56.216956,21.47,18.79,68.0,0,none
2026-01-20 02:28:56.216956,20.9,19.39,72.6,0,none
2026-01-20 03:28:56.216956,17.43,19.75,57.0,0,none
2026-01-20 04:28:56.216956,22.91,20.46,86.8,0,none
2026-01-20 05:28:56.216956,22.56,20.74,68.8,0,none
2026-01-20 06:28:56.216956,38.02,21.26,77.6,0,none
2026-01-20 07:28:56.216956,47.54,21.05,80.1,0,none
2026-01-20 08:28:56.216956,52.32,22.13,117.3,0,none
2026-01-20 09:28:56.216956,61.07,22.4,371.3,0,none
2026-01-20 10:28:56.216956,60.84,22.98,454.1,0,none
2026-01-20 11:28:56.216956,67.44,23.16,535.7,0,none
2026-01-20 12:28:56.216956,64.7,24.06,585.4,0,none
2026-01-20 13:28:56.216956,64.64,25.4,598.4,0,none
2026-01-20 14:28:56.216956,56.08,25.28,594.7,0,none
2026-01-20 15:28:56.216956,57.01,25.4,516.5,0,none
2026-01-20 16:28:56.216956,53.74,23.89,458.1,0,none
2026-01-20 17:28:56.216956,47.27,25.14,381.6,0,none
2026-01-20 18:28:56.216956,41.09,24.72,319.0,0,none
2026-01-20 19:28:56.216956,20.87,24.33,303.7,0,none
2026-01-20 20:28:56.216956,17.47,23.84,311.6,0,none
2026-01-20 21:28:56.216956,20.77,24.59,350.5,0,none
2026-01-20 22:28:56.216956,19.6,23.55,303.0,0,none
2026-01-20 23:28:56.216956,21.3,21.67,325.0,0,none
2026-01-21 00:28:56.216956,18.4,19.48,99.8,0,none
2026-01-21 01:28:56.216956,23.21,19.82,78.1,0,none
2026-01-21 02:28:56.216956,17.48,19.75,61.8,0,none
2026-01-21 03:28:56.216956,17.28,28.13,81.2,1,temp_surge
2026-01-21 04:28:56.216956,17.61,19.54,77.5,0,none
2026-01-21 05:28:56.216956,20.73,20.24,55.9,0,none
2026-01-21 06:28:56.216956,38.53,21.12,63.9,0,none
2026-01-21 07:28:56.216956,50.98,21.77,37.7,0,none
2026-01-21 08:28:56.216956,53.44,20.96,71.7,0,none
2026-01-21 09:28:56.216956,61.22,22.38,464.6,0,none
2026-01-21 10:28:56.216956,62.97,23.32,511.4,0,none
2026-01-21 11:28:56.216956,60.15,23.86,79.7,1,network_drop
2026-01-21 12:28:56.216956,65.51,24.24,602.3,0,none
2026-01-21 13:28:56.216956,63.23,23.67,617.9,0,none
2026-01-21 14:28:56.216956,94.11,25.42,596.2,1,power_spike
2026-01-21 15:28:56.216956,59.39,24.21,534.9,0,none
2026-01-21 16:28:56.216956,50.97,24.66,454.7,0,none
2026-01-21 17:28:56.216956,47.36,24.83,380.9,0,none
2026-01-21 18:28:56.216956,38.96,24.56,310.8,0,none
2026-01-21 19:28:56.216956,64.21,23.97,271.2,1,random_power
2026-01-21 20:28:56.216956,20.81,24.34,281.3,0,none
2026-01-21 21:28:56.216956,21.03,23.3,275.4,0,none
2026-01-21 22:28:56.216956,20.66,23.68,287.7,0,none
2026-01-21 23:28:56.216956,21.43,22.35,295.7,0,none
2026-01-22 00:28:56.216956,20.09,18.76,70.0,0,none
2026-01-22 01:28:56.216956,20.89,19.41,84.2,0,none
2026-01-22 02:28:56.216956,18.74,18.8,79.4,0,none
2026-01-22 03:28:56.216956,19.51,19.92,108.4,0,none
2026-01-22 04:28:56.216956,21.96,20.88,91.8,0,none
2026-01-22 05:28:56.216956,23.22,20.71,63.1,0,none
2026-01-22 06:28:56.216956,40.15,20.56,98.9,0,none
2026-01-22 07:28:56.216956,46.78,20.7,86.7,0,none
2026-01-22 08:28:56.216956,50.23,21.84,50.9,0,none
2026-01-22 09:28:56.216956,58.2,23.23,346.6,0,none
2026-01-22 10:28:56.216956,60.98,24.32,478.7,0,none
2026-01-22 11:28:56.216956,65.8,23.81,549.4,0,none
2026-01-22 12:28:56.216956,62.39,23.47,585.2,0,none
2026-01-22 13:28:56.216956,66.09,24.58,617.2,0,none
2026-01-22 14:28:56.216956,59.87,23.74,572.4,0,none
2026-01-22 15:28:56.216956,58.32,24.75,501.9,0,none
2026-01-22 16:28:56.216956,50.19,25.04,482.8,0,none
2026-01-22 17:28:56.216956,46.6,26.35,399.4,0,none
2026-01-22 18:28:56.216956,37.95,24.58,324.6,0,none
2026-01-22 19:28:56.216956,17.93,24.83,325.9,0,none
2026-01-22 20:28:56.216956,18.89,23.81,267.4,0,none
2026-01-22 21:28:56.216956,19.68,24.16,295.3,0,none
2026-01-22 22:28:56.216956,17.73,22.94,286.8,0,none
2026-01-22 23:28:56.216956,17.79,22.45,349.9,0,none
2026-01-23 00:28:56.216956,18.75,18.82,92.2,0,none
2026-01-23 01:28:56.216956,18.88,18.06,88.8,0,none
2026-01-23 02:28:56.216956,16.96,18.84,71.1,0,none
2026-01-23 03:28:56.216956,19.73,20.73,108.4,0,none
2026-01-23 04:28:56.216956,19.86,19.48,90.7,0,none
2026-01-23 05:28:56.216956,20.01,20.2,68.4,0,none
2026-01-23 06:28:56.216956,37.61,20.31,68.3,0,none
2026-01-23 07:28:56.216956,45.93,21.62,97.4,0,none
2026-01-23 08:28:56.216956,50.47,22.21,72.3,0,none
2026-01-23 09:28:56.216956,55.42,21.36,368.8,0,none
2026-01-23 10:28:56.216956,61.88,22.34,469.5,0,none
2026-01-23 11:28:56.216956,63.2,23.94,568.5,0,none
2026-01-23 12:28:56.216956,60.69,24.83,558.1,0,none
2026-01-23 13:28:56.216956,63.1,23.91,634.1,0,none
2026-01-23 14:28:56.216956,61.4,25.16,562.4,0,none
2026-01-23 15:28:56.216956,62.09,24.88,522.7,0,none
2026-01-23 16:28:56.216956,55.86,25.49,490.5,0,none
2026-01-23 17:28:56.216956,44.53,23.57,407.4,0,none
2026-01-23 18:28:56.216956,44.37,25.28,285.7,0,none
2026-01-23 19:28:56.216956,21.09,23.94,315.1,0,none
2026-01-23 20:28:56.216956,21.02,23.55,314.9,0,none
2026-01-23 21:28:56.216956,17.66,23.06,303.3,0,none
2026-01-23 22:28:56.216956,22.49,23.57,293.7,0,none
2026-01-23 23:28:56.216956,20.64,23.29,281.4,0,none
2026-01-24 00:28:56.216956,17.91,19.34,85.2,0,none
2026-01-24 01:28:56.216956,21.58,18.49,67.8,0,none
2026-01-24 02:28:56.216956,21.06,19.5,92.8,0,none
2026-01-24 03:28:56.216956,22.06,19.36,111.6,0,none
2026-01-24 04:28:56.216956,20.43,19.69,63.3,0,none
2026-01-24 05:28:56.216956,20.69,19.93,88.7,0,none
2026-01-24 06:28:56.216956,40.79,20.09,92.3,0,none
2026-01-24 07:28:56.216956,47.53,20.64,158.9,0,none
2026-01-24 08:28:56.216956,52.2,21.45,59.9,0,none
2026-01-24 09:28:56.216956,56.33,22.66,389.2,0,none
2026-01-24 10:28:56.216956,59.77,22.7,527.6,0,none
2026-01-24 11:28:56.216956,63.81,23.21,543.8,0,none
2026-01-24 12:28:56.216956,64.62,24.32,533.4,0,none
2026-01-24 13:28:56.216956,64.39,24.84,588.2,0,none
2026-01-24 14:28:56.216956,60.36,24.82,614.2,0,none
2026-01-24 15:28:56.216956,54.97,25.48,528.1,0,none
2026-01-24 16:28:56.216956,49.27,24.86,469.9,0,none
2026-01-24 17:28:56.216956,45.89,25.53,415.7,0,none
2026-01-24 18:28:56.216956,37.63,23.85,272.5,0,none
2026-01-24 19:28:56.216956,20.2,24.82,322.6,0,none
2026-01-24 20:28:56.216956,20.48,24.08,332.7,0,none
2026-01-24 21:28:56.216956,18.17,22.98,302.9,0,none
2026-01-24 22:28:56.216956,23.64,23.77,308.3,0,none
2026-01-24 23:28:56.216956,19.37,23.88,294.9,0,none
2026-01-25 00:28:56.216956,21.62,19.07,95.5,0,none
2026-01-25 01:28:56.216956,15.84,19.11,58.3,0,none
2026-01-25 02:28:56.216956,20.47,19.2,59.0,0,none
2026-01-25 03:28:56.216956,19.83,18.69,92.0,0,none
2026-01-25 04:28:56.216956,22.76,18.93,73.4,0,none
2026-01-25 05:28:56.216956,18.39,20.1,113.1,0,none
2026-01-25 06:28:56.216956,41.38,21.57,68.8,0,none
2026-01-25 07:28:56.216956,44.4,21.22,77.9,0,none
2026-01-25 08:28:56.216956,52.01,22.35,125.3,0,none
2026-01-25 09:28:56.216956,59.14,22.82,388.4,0,none
2026-01-25 10:28:56.216956,59.47,23.06,446.6,0,none
2026-01-25 11:28:56.216956,64.65,23.99,503.0,0,none
2026-01-25 12:28:56.216956,59.52,24.26,615.7,0,none
2026-01-25 13:28:56.216956,65.66,24.25,631.3,0,none
2026-01-25 14:28:56.216956,60.8,23.96,552.7,0,none
2026-01-25 15:28:56.216956,55.71,25.3,506.1,0,none
2026-01-25 16:28:56.216956,51.95,24.96,498.4,0,none
2026-01-25 17:28:56.216956,44.99,25.18,387.6,0,none
2026-01-25 18:28:56.216956,38.86,24.62,272.9,0,none
2026-01-25 19:28:56.216956,19.33,24.16,281.0,0,none
2026-01-25 20:28:56.216956,17.43,23.79,289.8,0,none
2026-01-25 21:28:56.216956,19.65,23.54,307.0,0,none
2026-01-25 22:28:56.216956,19.77,23.43,301.6,0,none
2026-01-25 23:28:56.216956,18.83,21.95,318.3,0,none
2026-01-26 00:28:56.216956,17.64,18.79,121.4,0,none
2026-01-26 01:28:56.216956,20.81,20.11,14.5,0,none
2026-01-26 02:28:56.216956,20.79,18.49,80.0,0,none
2026-01-26 03:28:56.216956,18.63,20.19,69.7,0,none
2026-01-26 04:28:56.216956,19.5,19.93,28.4,0,none
2026-01-26 05:28:56.216956,20.03,20.61,74.1,0,none
2026-01-26 06:28:56.216956,39.67,20.94,110.9,0,none
2026-01-26 07:28:56.216956,49.54,21.66,100.3,0,none
2026-01-26 08:28:56.216956,54.81,22.25,72.2,0,none
2026-01-26 09:28:56.216956,57.13,22.35,396.3,0,none
2026-01-26 10:28:56.216956,60.04,24.08,479.5,0,none
2026-01-26 11:28:56.216956,64.85,23.16,539.7,0,none
2026-01-26 12:28:56.216956,67.06,22.79,574.3,0,none
2026-01-26 13:28:56.216956,61.03,24.38,609.2,0,none
2026-01-26 14:28:56.216956,60.95,24.51,587.8,0,none
2026-01-26 15:28:56.216956,58.04,24.65,554.6,0,none
2026-01-26 16:28:56.216956,53.32,24.92,473.3,0,none
2026-01-26 17:28:56.216956,48.82,25.48,404.9,0,none
2026-01-26 18:28:56.216956,42.48,25.28,308.9,0,none
2026-01-26 19:28:56.216956,20.07,24.53,303.1,0,none
2026-01-26 20:28:56.216956,18.03,24.5,321.0,0,none
2026-01-26 21:28:56.216956,18.67,24.49,277.3,0,none
2026-01-26 22:28:56.216956,22.0,22.24,257.0,0,none
2026-01-26 23:28:56.216956,19.85,23.18,305.5,0,none
2026-01-27 00:28:56.216956,19.89,19.16,74.5,0,none
2026-01-27 01:28:56.216956,21.08,19.73,85.5,0,none
2026-01-27 02:28:56.216956,16.59,19.77,96.0,0,none
2026-01-27 03:28:56.216956,23.65,28.16,92.2,1,temp_surge
2026-01-27 04:28:56.216956,21.22,20.07,73.0,0,none
2026-01-27 05:28:56.216956,17.98,20.06,87.6,0,none
2026-01-27 06:28:56.216956,36.93,20.63,65.5,0,none
2026-01-27 07:28:56.216956,43.13,22.29,75.9,0,none
2026-01-27 08:28:56.216956,54.38,21.43,125.1,0,none
2026-01-27 09:28:56.216956,56.87,22.29,372.0,0,none
2026-01-27 10:28:56.216956,62.62,23.11,477.5,0,none
2026-01-27 11:28:56.216956,62.88,23.38,28.3,1,network_drop
2026-01-27 12:28:56.216956,63.95,24.44,565.0,0,none
2026-01-27 13:28:56.216956,67.21,24.56,572.0,0,none
2026-01-27 14:28:56.216956,99.06,25.2,567.7,1,power_spike
2026-01-27 15:28:56.216956,56.57,25.14,538.8,0,none
2026-01-27 16:28:56.216956,53.33,24.65,478.0,0,none
2026-01-27 17:28:56.216956,47.34,25.25,407.8,0,none
2026-01-27 18:28:56.216956,38.07,25.26,285.0,0,none
2026-01-27 19:28:56.216956,22.82,24.49,287.3,0,none
2026-01-27 20:28:56.216956,21.55,24.23,265.7,0,none
2026-01-27 21:28:56.216956,17.92,23.91,294.1,0,none
2026-01-27 22:28:56.216956,17.45,23.25,301.5,0,none
2026-01-27 23:28:56.216956,19.14,23.08,259.1,0,none
2026-01-28 00:28:56.216956,20.43,18.79,72.3,0,none
2026-01-28 01:28:56.216956,19.49,19.1,75.3,0,none
2026-01-28 02:28:56.216956,22.0,19.68,63.1,0,none
2026-01-28 03:28:56.216956,17.91,18.63,104.4,0,none
2026-01-28 04:28:56.216956,17.06,19.48,78.6,0,none
2026-01-28 05:28:56.216956,19.88,19.92,73.9,0,none
2026-01-28 06:28:56.216956,38.89,20.6,86.3,0,none
2026-01-28 07:28:56.216956,46.35,21.83,99.0,0,none
2026-01-28 08:28:56.216956,55.21,22.51,95.0,0,none
2026-01-28 09:28:56.216956,56.9,22.46,396.5,0,none
2026-01-28 10:28:56.216956,60.06,22.48,505.9,0,none
2026-01-28 11:28:56.216956,66.52,23.5,517.1,0,none
2026-01-28 12:28:56.216956,66.17,25.54,577.3,0,none
2026-01-28 13:28:56.216956,60.54,24.61,599.2,0,none
2026-01-28 14:28:56.216956,60.64,25.47,621.8,0,none
2026-01-28 15:28:56.216956,57.78,25.31,535.7,0,none
2026-01-28 16:28:56.216956,54.77,24.95,444.6,0,none
2026-01-28 17:28:56.216956,47.75,24.25,385.6,0,none
2026-01-28 18:28:56.216956,41.27,24.65,294.3,0,none
2026-01-28 19:28:56.216956,17.43,23.38,309.2,0,none
2026-01-28 20:28:56.216956,17.12,23.66,268.4,0,none
2026-01-28 21:28:56.216956,21.3,23.9,265.0,0,none
2026-01-28 22:28:56.216956,20.5,22.11,295.9,0,none
2026-01-28 23:28:56.216956,21.71,24.11,318.5,0,none
2026-01-29 00:28:56.216956,19.75,19.23,71.0,0,none
2026-01-29 01:28:56.216956,19.37,19.1,90.0,0,none
2026-01-29 02:28:56.216956,19.99,19.22,86.9,0,none
2026-01-29 03:28:56.216956,18.51,20.24,90.4,0,none
2026-01-29 04:28:56.216956,20.07,20.44,116.0,0,none
2026-01-29 05:28:56.216956,20.39,20.26,78.9,0,none
2026-01-29 06:28:56.216956,37.74,21.17,79.0,0,none
2026-01-29 07:28:56.216956,49.0,20.95,76.9,0,none
2026-01-29 08:28:56.216956,55.45,22.97,94.7,0,none
2026-01-29 09:28:56.216956,58.85,22.81,398.2,0,none
2026-01-29 10:28:56.216956,58.61,23.0,457.0,0,none
2026-01-29 11:28:56.216956,66.51,23.31,544.9,0,none
2026-01-29 12:28:56.216956,64.56,24.47,580.0,0,none
2026-01-29 13:28:56.216956,64.13,23.9,594.0,0,none
2026-01-29 14:28:56.216956,62.18,25.66,582.7,0,none
2026-01-29 15:28:56.216956,60.81,24.85,551.9,0,none
2026-01-29 16:28:56.216956,48.67,24.16,485.9,0,none
2026-01-29 17:28:56.216956,45.5,25.68,388.6,0,none
2026-01-29 18:28:56.216956,40.71,25.0,311.4,0,none
2026-01-29 19:28:56.216956,19.52,24.77,266.6,0,none
2026-01-29 20:28:56.216956,18.95,23.62,315.1,0,none
2026-01-29 21:28:56.216956,22.48,24.59,303.8,0,none
2026-01-29 22:28:56.216956,20.07,22.84,309.6,0,none
2026-01-29 23:28:56.216956,19.94,23.32,271.6,0,none
2026-01-30 00:28:56.216956,20.83,19.57,65.5,0,none
2026-01-30 01:28:56.216956,19.31,18.68,61.0,0,none
2026-01-30 02:28:56.216956,24.89,19.65,85.7,0,none
2026-01-30 03:28:56.216956,18.96,19.13,89.7,0,none
2026-01-30 04:28:56.216956,24.77,20.7,69.3,0,none
2026-01-30 05:28:56.216956,16.74,20.54,88.1,0,none
2026-01-30 06:28:56.216956,37.2,20.5,103.4,0,none
2026-01-30 07:28:56.216956,51.11,21.91,64.7,0,none
2026-01-30 08:28:56.216956,54.19,22.11,74.9,0,none
2026-01-30 09:28:56.216956,53.78,22.77,375.7,0,none
2026-01-30 10:28:56.216956,59.12,22.33,457.9,0,none
2026-01-30 11:28:56.216956,65.84,23.75,552.9,0,none
2026-01-30 12:28:56.216956,65.77,24.4,572.0,0,none
2026-01-30 13:28:56.216956,65.59,24.38,597.5,0,none
2026-01-30 14:28:56.216956,63.17,25.36,591.7,0,none
2026-01-30 15:28:56.216956,57.03,24.26,573.5,0,none
2026-01-30 16:28:56.216956,54.44,25.47,472.3,0,none
2026-01-30 17:28:56.216956,46.49,24.47,391.1,0,none
2026-01-30 18:28:56.216956,40.48,24.77,306.3,0,none
2026-01-30 19:28:56.216956,17.7,25.76,311.4,0,none
2026-01-30 20:28:56.216956,19.5,24.59,283.5,0,none
2026-01-30 21:28:56.216956,21.17,23.76,306.5,0,none
2026-01-30 22:28:56.216956,19.89,23.68,270.9,0,none
2026-01-30 23:28:56.216956,17.98,22.03,294.3,0,none
2026-01-31 00:28:56.216956,13.08,19.01,74.0,0,none
2026-01-31 01:28:56.216956,19.46,18.78,104.5,0,none
2026-01-31 02:28:56.216956,20.86,19.11,112.0,0,none
2026-01-31 03:28:56.216956,16.55,28.59,106.2,1,temp_surge
2026-01-31 04:28:56.216956,24.23,20.22,79.1,0,none
2026-01-31 05:28:56.216956,22.84,20.25,61.3,0,none
2026-01-31 06:28:56.216956,44.36,20.82,104.5,0,none
2026-01-31 07:28:56.216956,46.82,21.82,101.7,0,none
2026-01-31 08:28:56.216956,52.79,22.04,55.0,0,none
2026-01-31 09:28:56.216956,63.12,23.24,387.3,0,none
2026-01-31 10:28:56.216956,63.44,22.8,478.1,0,none
2026-01-31 11:28:56.216956,63.34,24.03,39.8,1,network_drop
2026-01-31 12:28:56.216956,64.42,23.59,562.2,0,none
2026-01-31 13:28:56.216956,62.89,24.91,599.6,0,none
2026-01-31 14:28:56.216956,113.13,25.27,601.3,1,power_spike
2026-01-31 15:28:56.216956,57.94,25.16,512.2,0,none
2026-01-31 16:28:56.216956,51.17,24.54,509.3,0,none
2026-01-31 17:28:56.216956,44.26,25.41,381.6,0,none
2026-01-31 18:28:56.216956,42.79,24.74,285.7,0,none
2026-01-31 19:28:56.216956,18.44,24.39,328.0,0,none
2026-01-31 20:28:56.216956,21.27,25.01,280.2,0,none
2026-01-31 21:28:56.216956,20.5,24.57,292.0,0,none
2026-01-31 22:28:56.216956,17.05,22.84,285.4,0,none
2026-01-31 23:28:56.216956,18.82,22.13,326.9,0,none
2026-02-01 00:28:56.216956,21.85,18.89,45.6,0,none
2026-02-01 01:28:56.216956,16.85,19.05,74.2,0,none
2026-02-01 02:28:56.216956,20.9,19.0,67.0,0,none
2026-02-01 03:28:56.216956,18.96,20.47,80.7,0,none
2026-02-01 04:28:56.216956,17.4,19.08,65.9,0,none
2026-02-01 05:28:56.216956,20.42,20.05,76.8,0,none
2026-02-01 06:28:56.216956,40.1,20.86,91.5,0,none
2026-02-01 07:28:56.216956,50.39,20.54,105.3,0,none
2026-02-01 08:28:56.216956,50.44,20.95,79.8,0,none
2026-02-01 09:28:56.216956,59.73,22.41,373.2,0,none
2026-02-01 10:28:56.216956,60.85,23.32,461.9,0,none
2026-02-01 11:28:56.216956,66.95,23.61,562.4,0,none
2026-02-01 12:28:56.216956,62.93,23.67,587.2,0,none
2026-02-01 13:28:56.216956,63.48,24.25,592.7,0,none
2026-02-01 14:28:56.216956,60.03,23.95,579.3,0,none
2026-02-01 15:28:56.216956,55.49,25.74,527.6,0,none
2026-02-01 16:28:56.216956,55.11,24.86,462.5,0,none
2026-02-01 17:28:56.216956,44.85,24.45,396.8,0,none
2026-02-01 18:28:56.216956,37.99,24.85,298.7,0,none
2026-02-01 19:28:56.216956,16.69,24.07,288.8,0,none
2026-02-01 20:28:56.216956,23.75,23.32,331.2,0,none
2026-02-01 21:28:56.216956,17.65,22.93,270.8,0,none
2026-02-01 22:28:56.216956,17.47,22.96,287.2,0,none
2026-02-01 23:28:56.216956,22.73,22.25,348.1,0,none
2026-02-02 00:28:56.216956,20.97,19.63,31.5,0,none
2026-02-02 01:28:56.216956,18.9,19.4,93.6,0,none
2026-02-02 02:28:56.216956,18.9,19.53,73.4,0,none
2026-02-02 03:28:56.216956,20.77,18.83,106.2,0,none
2026-02-02 04:28:56.216956,18.42,20.24,104.9,0,none
2026-02-02 05:28:56.216956,21.44,19.86,121.3,0,none
2026-02-02 06:28:56.216956,36.62,21.3,101.2,0,none
2026-02-02 07:28:56.216956,43.29,21.27,92.7,0,none
2026-02-02 08:28:56.216956,56.58,22.21,69.6,0,none
2026-02-02 09:28:56.216956,56.33,22.96,410.1,0,none
2026-02-02 10:28:56.216956,62.1,23.13,482.8,0,none
2026-02-02 11:28:56.216956,62.78,23.76,536.4,0,none
2026-02-02 12:28:56.216956,64.67,23.42,635.9,0,none
2026-02-02 13:28:56.216956,65.18,24.65,611.2,0,none
2026-02-02 14:28:56.216956,61.27,24.02,597.2,0,none
2026-02-02 15:28:56.216956,55.71,24.82,573.0,0,none
2026-02-02 16:28:56.216956,56.53,24.44,501.8,0,none
2026-02-02 17:28:56.216956,49.68,24.92,399.9,0,none
2026-02-02 18:28:56.216956,41.1,25.08,322.9,0,none
2026-02-02 19:28:56.216956,20.54,25.19,301.7,0,none
2026-02-02 20:28:56.216956,19.3,23.66,281.1,0,none
2026-02-02 21:28:56.216956,22.36,23.07,289.1,0,none
2026-02-02 22:28:56.216956,23.08,22.56,296.7,0,none
2026-02-02 23:28:56.216956,17.94,22.08,286.3,0,none
2026-02-03 00:28:56.216956,21.05,19.03,71.8,0,none
2026-02-03 01:28:56.216956,17.43,18.41,90.0,0,none
2026-02-03 02:28:56.216956,19.41,19.11,100.6,0,none
2026-02-03 03:28:56.216956,19.26,19.52,85.2,0,none
2026-02-03 04:28:56.216956,19.72,21.33,57.8,0,none
2026-02-03 05:28:56.216956,20.54,19.83,73.3,0,none
2026-02-03 06:28:56.216956,39.82,20.91,86.8,0,none
2026-02-03 07:28:56.216956,43.2,21.57,115.8,0,none
2026-02-03 08:28:56.216956,53.91,21.95,99.5,0,none
2026-02-03 09:28:56.216956,60.93,22.82,396.7,0,none
2026-02-03 10:28:56.216956,59.51,23.08,485.9,0,none
2026-02-03 11:28:56.216956,62.18,23.72,556.4,0,none
2026-02-03 12:28:56.216956,64.34,24.41,561.4,0,none
2026-02-03 13:28:56.216956,63.27,24.76,562.7,0,none
2026-02-03 14:28:56.216956,61.39,24.95,568.0,0,none
2026-02-03 15:28:56.216956,56.58,25.01,553.8,0,none
2026-02-03 16:28:56.216956,49.15,24.65,481.7,0,none
2026-02-03 17:28:56.216956,45.63,25.4,413.0,0,none
2026-02-03 18:28:56.216956,40.9,24.67,310.0,0,none
2026-02-03 19:28:56.216956,21.89,24.39,294.3,0,none
2026-02-03 20:28:56.216956,17.85,23.99,292.8,0,none
2026-02-03 21:28:56.216956,17.07,23.88,270.3,0,none
2026-02-03 22:28:56.216956,18.25,23.15,320.3,0,none
2026-02-03 23:28:56.216956,22.73,23.1,301.6,0,none
2026-02-04 00:28:56.216956,19.49,20.26,39.2,0,none
2026-02-04 01:28:56.216956,19.58,18.99,68.2,0,none
2026-02-04 02:28:56.216956,17.54,19.29,91.6,0,none
2026-02-04 03:28:56.216956,23.2,19.55,74.9,0,none
2026-02-04 04:28:56.216956,20.25,19.14,62.7,0,none
2026-02-04 05:28:56.216956,19.0,19.73,94.4,0,none
2026-02-04 06:28:56.216956,41.86,20.81,80.6,0,none
2026-02-04 07:28:56.216956,46.46,20.79,74.8,0,none
2026-02-04 08:28:56.216956,52.98,21.82,92.6,0,none
2026-02-04 09:28:56.216956,55.96,22.25,368.5,0,none
2026-02-04 10:28:56.216956,63.14,23.0,453.4,0,none
2026-02-04 11:28:56.216956,64.7,22.8,523.7,0,none
2026-02-04 12:28:56.216956,67.38,23.74,620.0,0,none
2026-02-04 13:28:56.216956,63.48,23.7,614.5,0,none
2026-02-04 14:28:56.216956,62.94,24.92,596.5,0,none
2026-02-04 15:28:56.216956,56.91,24.04,554.1,0,none
2026-02-04 16:28:56.216956,53.32,24.66,468.5,0,none
2026-02-04 17:28:56.216956,42.7,24.16,407.7,0,none
2026-02-04 18:28:56.216956,40.38,24.7,334.7,0,none
2026-02-04 19:28:56.216956,20.12,24.43,302.1,0,none
2026-02-04 20:28:56.216956,18.12,23.91,315.5,0,none
2026-02-04 21:28:56.216956,16.13,23.51,302.3,0,none
2026-02-04 22:28:56.216956,20.07,23.88,283.8,0,none
2026-02-04 23:28:56.216956,17.7,23.85,295.2,0,none
2026-02-05 00:28:56.216956,20.47,18.07,106.0,0,none
2026-02-05 01:28:56.216956,21.67,18.94,103.9,0,none
2026-02-05 02:28:56.216956,17.18,18.84,77.4,0,none
2026-02-05 03:28:56.216956,20.6,29.77,72.5,1,temp_surge
2026-02-05 04:28:56.216956,21.11,19.65,82.4,0,none
2026-02-05 05:28:56.216956,15.73,19.91,58.4,0,none
2026-02-05 06:28:56.216956,41.13,21.5,58.9,0,none
2026-02-05 07:28:56.216956,45.04,21.82,111.5,0,none
2026-02-05 08:28:56.216956,54.55,22.03,70.3,0,none
2026-02-05 09:28:56.216956,60.15,22.25,403.6,0,none
2026-02-05 10:28:56.216956,64.54,23.67,426.9,0,none
2026-02-05 11:28:56.216956,65.35,23.7,50.8,1,network_drop
2026-02-05 12:28:56.216956,62.96,24.51,561.2,0,none
2026-02-05 13:28:56.216956,63.66,25.14,560.8,0,none
2026-02-05 14:28:56.216956,105.78,24.31,586.9,1,power_spike
2026-02-05 15:28:56.216956,58.46,24.42,577.1,0,none
2026-02-05 16:28:56.216956,50.09,24.86,486.9,0,none
2026-02-05 17:28:56.216956,48.65,23.91,416.4,0,none
2026-02-05 18:28:56.216956,36.44,25.61,301.6,0,none
2026-02-05 19:28:56.216956,20.94,24.22,303.9,0,none
2026-02-05 20:28:56.216956,19.33,23.21,294.7,0,none
2026-02-05 21:28:56.216956,21.59,24.11,308.4,0,none
2026-02-05 22:28:56.216956,18.55,23.2,328.8,0,none
2026-02-05 23:28:56.216956,17.09,21.83,273.7,0,none
2026-02-06 00:28:56.216956,21.8,18.71,91.2,0,none
2026-02-06 01:28:56.216956,19.19,18.32,15.4,0,none
2026-02-06 02:28:56.216956,21.37,19.26,98.4,0,none
2026-02-06 03:28:56.216956,23.06,19.57,113.7,0,none
2026-02-06 04:28:56.216956,20.14,19.55,97.4,0,none
2026-02-06 05:28:56.216956,18.23,20.64,74.3,0,none
2026-02-06 06:28:56.216956,41.42,20.66,73.8,0,none
2026-02-06 07:28:56.216956,44.9,20.99,65.2,0,none
2026-02-06 08:28:56.216956,49.81,23.1,107.7,0,none
2026-02-06 09:28:56.216956,56.9,21.97,382.0,0,none
2026-02-06 10:28:56.216956,60.03,22.19,458.1,0,none
2026-02-06 11:28:56.216956,62.69,23.97,549.2,0,none
2026-02-06 12:28:56.216956,66.3,23.75,595.5,0,none
2026-02-06 13:28:56.216956,64.5,24.8,606.2,0,none
2026-02-06 14:28:56.216956,59.09,25.08,582.8,0,none
2026-02-06 15:28:56.216956,58.87,25.46,535.7,0,none
2026-02-06 16:28:56.216956,51.41,24.75,503.1,0,none
2026-02-06 17:28:56.216956,43.28,25.25,375.3,0,none
2026-02-06 18:28:56.216956,39.38,25.08,261.6,0,none
2026-02-06 19:28:56.216956,17.64,23.94,330.9,0,none
2026-02-06 20:28:56.216956,19.5,23.78,250.4,0,none
2026-02-06 21:28:56.216956,22.64,23.06,302.2,0,none
2026-02-06 22:28:56.216956,17.59,23.17,334.0,0,none
2026-02-06 23:28:56.216956,20.4,22.79,332.0,0,none
2026-02-07 00:28:56.216956,20.47,19.64,82.3,0,none
2026-02-07 01:28:56.216956,25.65,19.5,92.3,0,none
2026-02-07 02:28:56.216956,21.3,19.5,86.9,0,none
2026-02-07 03:28:56.216956,19.95,30.17,64.6,1,temp_surge
2026-02-07 04:28:56.216956,20.97,20.27,67.6,0,none
2026-02-07 05:28:56.216956,20.6,20.67,93.8,0,none
2026-02-07 06:28:56.216956,39.43,20.14,85.3,0,none
2026-02-07 07:28:56.216956,46.39,20.94,124.0,0,none
2026-02-07 08:28:56.216956,51.63,21.15,84.9,0,none
2026-02-07 09:28:56.216956,57.48,21.94,371.4,0,none
2026-02-07 10:28:56.216956,61.89,23.17,427.8,0,none
2026-02-07 11:28:56.216956,67.1,23.53,72.0,1,network_drop
2026-02-07 12:28:56.216956,66.84,24.03,590.9,0,none
2026-02-07 13:28:56.216956,62.58,24.63,582.7,0,none
2026-02-07 14:28:56.216956,111.92,24.84,611.8,1,power_spike
2026-02-07 15:28:56.216956,60.22,24.08,521.5,0,none
2026-02-07 16:28:56.216956,50.96,25.2,487.1,0,none
2026-02-07 17:28:56.216956,48.49,24.66,392.8,0,none
2026-02-07 18:28:56.216956,40.23,25.44,279.1,0,none
2026-02-07 19:28:56.216956,20.16,24.21,297.2,0,none
2026-02-07 20:28:56.216956,20.0,24.53,293.1,0,none
2026-02-07 21:28:56.216956,21.4,23.3,295.8,0,none
2026-02-07 22:28:56.216956,23.68,23.38,44.5,1,random_network
2026-02-07 23:28:56.216956,19.15,22.51,281.1,0,none
2026-02-08 00:28:56.216956,17.43,19.21,79.9,0,none
2026-02-08 01:28:56.216956,22.1,18.33,82.6,0,none
2026-02-08 02:28:56.216956,19.1,18.93,108.9,0,none
2026-02-08 03:28:56.216956,20.65,19.91,80.2,0,none
2026-02-08 04:28:56.216956,21.61,19.81,72.6,0,none
2026-02-08 05:28:56.216956,14.39,21.03,54.3,0,none
2026-02-08 06:28:56.216956,46.15,22.03,78.4,0,none
2026-02-08 07:28:56.216956,46.13,21.31,57.0,0,none
2026-02-08 08:28:56.216956,49.17,21.37,62.5,0,none
2026-02-08 09:28:56.216956,55.89,22.33,374.3,0,none
2026-02-08 10:28:56.216956,63.12,22.94,471.5,0,none
2026-02-08 11:28:56.216956,61.38,23.53,557.0,0,none
2026-02-08 12:28:56.216956,66.03,23.79,577.6,0,none
2026-02-08 13:28:56.216956,62.87,24.2,576.9,0,none
2026-02-08 14:28:56.216956,62.48,24.7,566.1,0,none
2026-02-08 15:28:56.216956,55.61,24.79,521.2,0,none
2026-02-08 16:28:56.216956,51.28,25.74,488.1,0,none
2026-02-08 17:28:56.216956,44.33,25.11,417.9,0,none
2026-02-08 18:28:56.216956,39.07,24.73,314.5,0,none
2026-02-08 19:28:56.216956,21.09,23.37,297.2,0,none
2026-02-08 20:28:56.216956,22.53,24.32,277.7,0,none
2026-02-08 21:28:56.216956,16.42,24.31,274.0,0,none
2026-02-08 22:28:56.216956,20.34,23.66,288.5,0,none
2026-02-08 23:28:56.216956,19.08,22.56,345.1,0,none
2026-02-09 00:28:56.216956,23.47,19.34,51.3,0,none
2026-02-09 01:28:56.216956,18.12,18.78,84.7,0,none
2026-02-09 02:28:56.216956,20.54,18.92,84.1,0,none
2026-02-09 03:28:56.216956,17.61,19.89,44.0,0,none
2026-02-09 04:28:56.216956,18.62,20.17,80.5,0,none
2026-02-09 05:28:56.216956,17.59,21.6,78.6,0,none
2026-02-09 06:28:56.216956,40.47,21.25,93.2,0,none
2026-02-09 07:28:56.216956,45.53,22.35,73.8,0,none
2026-02-09 08:28:56.216956,51.78,21.96,54.8,0,none
2026-02-09 09:28:56.216956,57.88,22.64,401.5,0,none
2026-02-09 10:28:56.216956,60.8,24.07,489.9,0,none
2026-02-09 11:28:56.216956,60.78,23.73,527.1,0,none
2026-02-09 12:28:56.216956,66.03,24.03,606.0,0,none
2026-02-09 13:28:56.216956,62.47,24.84,585.7,0,none
2026-02-09 14:28:56.216956,61.98,25.85,587.7,0,none
2026-02-09 15:28:56.216956,56.66,24.52,561.0,0,none
2026-02-09 16:28:56.216956,54.53,25.24,453.9,0,none
2026-02-09 17:28:56.216956,46.78,24.52,398.7,0,none
2026-02-09 18:28:56.216956,41.52,25.22,318.3,0,none
2026-02-09 19:28:56.216956,20.48,24.08,323.6,0,none
2026-02-09 20:28:56.216956,20.65,24.54,332.7,0,none
2026-02-09 21:28:56.216956,21.61,23.01,283.9,0,none
2026-02-09 22:28:56.216956,15.88,22.27,311.5,0,none
2026-02-09 23:28:56.216956,21.77,23.26,300.5,0,none
2026-02-10 00:28:56.216956,20.86,18.67,80.6,0,none
2026-02-10 01:28:56.216956,17.61,18.97,102.4,0,none
2026-02-10 02:28:56.216956,19.63,18.86,74.1,0,none
2026-02-10 03:28:56.216956,14.97,18.87,76.3,0,none
2026-02-10 04:28:56.216956,19.6,19.88,93.9,0,none
2026-02-10 05:28:56.216956,21.29,19.87,104.4,0,none
2026-02-10 06:28:56.216956,41.36,21.78,69.1,0,none
2026-02-10 07:28:56.216956,43.38,21.66,97.5,0,none
2026-02-10 08:28:56.216956,55.52,22.1,61.7,0,none
2026-02-10 09:28:56.216956,59.58,22.7,418.4,0,none
2026-02-10 10:28:56.216956,62.81,24.01,495.8,0,none
2026-02-10 11:28:56.216956,66.02,22.63,569.0,0,none
2026-02-10 12:28:56.216956,67.57,23.78,592.1,0,none
2026-02-10 13:28:56.216956,66.52,24.68,572.2,0,none
2026-02-10 14:28:56.216956,62.15,25.15,605.7,0,none
2026-02-10 15:28:56.216956,56.45,25.63,510.6,0,none
2026-02-10 16:28:56.216956,50.98,24.84,445.9,0,none
2026-02-10 17:28:56.216956,46.57,23.99,380.6,0,none
2026-02-10 18:28:56.216956,44.08,24.68,302.3,0,none
2026-02-10 19:28:56.216956,20.5,23.88,312.8,0,none
2026-02-10 20:28:56.216956,22.09,23.6,351.5,0,none
2026-02-10 21:28:56.216956,17.53,23.28,338.4,0,none
2026-02-10 22:28:56.216956,22.3,23.18,266.0,0,none
2026-02-10 23:28:56.216956,17.24,22.66,308.9,0,none
2026-02-11 00:28:56.216956,20.8,18.7,89.6,0,none
2026-02-11 01:28:56.216956,22.55,18.92,89.2,0,none
2026-02-11 02:28:56.216956,20.95,19.16,104.5,0,none
2026-02-11 03:28:56.216956,20.77,28.56,81.1,1,temp_surge
2026-02-11 04:28:56.216956,17.63,20.84,63.4,0,none
2026-02-11 05:28:56.216956,24.55,19.68,55.1,0,none
2026-02-11 06:28:56.216956,37.51,20.98,87.1,0,none
2026-02-11 07:28:56.216956,45.62,21.48,77.6,0,none
2026-02-11 08:28:56.216956,51.6,21.71,90.9,0,none
2026-02-11 09:28:56.216956,58.34,23.99,374.5,0,none
2026-02-11 10:28:56.216956,63.06,22.74,463.1,0,none
2026-02-11 11:28:56.216956,65.55,24.3,76.5,1,network_drop
2026-02-11 12:28:56.216956,64.83,24.62,595.0,0,none
2026-02-11 13:28:56.216956,63.14,24.0,629.0,0,none
2026-02-11 14:28:56.216956,98.46,24.7,570.3,1,power_spike
2026-02-11 15:28:56.216956,58.25,26.37,512.7,0,none
2026-02-11 16:28:56.216956,54.17,25.85,463.0,0,none
2026-02-11 17:28:56.216956,47.91,24.55,364.6,0,none
2026-02-11 18:28:56.216956,44.11,25.08,316.2,0,none
2026-02-11 19:28:56.216956,21.15,25.17,301.2,0,none
2026-02-11 20:28:56.216956,18.94,23.79,317.6,0,none
2026-02-11 21:28:56.216956,20.6,23.31,310.2,0,none
2026-02-11 22:28:56.216956,22.66,23.27,311.7,0,none
2026-02-11 23:28:56.216956,18.68,21.9,311.6,0,none
2026-02-12 00:28:56.216956,19.29,18.62,73.9,0,none
2026-02-12 01:28:56.216956,17.67,19.11,105.5,0,none
2026-02-12 02:28:56.216956,20.55,18.35,89.9,0,none
2026-02-12 03:28:56.216956,16.83,19.6,72.4,0,none
2026-02-12 04:28:56.216956,21.96,20.59,79.0,0,none
2026-02-12 05:28:56.216956,23.89,20.02,76.1,0,none
2026-02-12 06:28:56.216956,38.48,21.01,50.0,0,none
2026-02-12 07:28:56.216956,46.68,21.23,90.7,0,none
2026-02-12 08:28:56.216956,53.6,21.38,77.9,0,none
2026-02-12 09:28:56.216956,61.48,22.81,396.7,0,none
2026-02-12 10:28:56.216956,62.84,23.32,504.6,0,none
2026-02-12 11:28:56.216956,62.9,23.22,520.3,0,none
2026-02-12 12:28:56.216956,65.55,23.64,599.9,0,none
2026-02-12 13:28:56.216956,61.7,25.13,600.9,0,none
2026-02-12 14:28:56.216956,65.77,23.57,544.2,0,none
2026-02-12 15:28:56.216956,60.26,24.57,515.2,0,none
2026-02-12 16:28:56.216956,53.43,24.41,436.3,0,none
2026-02-12 17:28:56.216956,46.51,24.57,383.3,0,none
2026-02-12 18:28:56.216956,39.02,24.95,287.2,0,none
2026-02-12 19:28:56.216956,21.34,24.21,307.3,0,none
2026-02-12 20:28:56.216956,20.17,23.38,299.2,0,none
2026-02-12 21:28:56.216956,19.78,23.36,292.5,0,none
2026-02-12 22:28:56.216956,20.46,22.84,270.4,0,none
2026-02-12 23:28:56.216956,22.32,21.97,304.4,0,none
2026-02-13 00:28:56.216956,21.62,19.56,66.4,0,none
2026-02-13 01:28:56.216956,20.29,18.44,100.9,0,none
2026-02-13 02:28:56.216956,19.19,19.63,87.6,0,none
2026-02-13 03:28:56.216956,18.44,18.47,72.0,0,none
2026-02-13 04:28:56.216956,18.11,19.75,80.8,0,none
2026-02-13 05:28:56.216956,21.98,20.26,67.8,0,none
2026-02-13 06:28:56.216956,35.95,19.91,88.4,0,none
2026-02-13 07:28:56.216956,47.75,22.28,83.7,0,none
2026-02-13 08:28:56.216956,53.18,21.86,103.8,0,none
2026-02-13 09:28:56.216956,54.5,24.12,411.3,0,none
2026-02-13 10:28:56.216956,63.38,23.17,425.8,0,none
2026-02-13 11:28:56.216956,63.37,23.93,556.8,0,none
2026-02-13 12:28:56.216956,66.76,24.61,614.3,0,none
2026-02-13 13:28:56.216956,64.37,25.04,583.5,0,none
2026-02-13 14:28:56.216956,62.17,23.75,621.1,0,none
2026-02-13 15:28:56.216956,60.16,24.84,571.9,0,none
2026-02-13 16:28:56.216956,51.53,25.04,476.1,0,none
2026-02-13 17:28:56.216956,45.47,25.29,411.6,0,none
2026-02-13 18:28:56.216956,39.06,23.87,312.3,0,none
2026-02-13 19:28:56.216956,19.32,23.91,318.0,0,none
2026-02-13 20:28:56.216956,18.82,24.23,299.4,0,none
2026-02-13 21:28:56.216956,18.45,24.12,306.8,0,none
2026-02-13 22:28:56.216956,26.22,23.34,305.1,0,none
2026-02-13 23:28:56.216956,20.05,22.76,304.3,0,none
2026-02-14 00:28:56.216956,20.8,19.29,114.0,0,none
2026-02-14 01:28:56.216956,20.75,19.19,67.9,0,none
2026-02-14 02:28:56.216956,19.59,19.37,57.1,0,none
2026-02-14 03:28:56.216956,20.61,32.54,71.4,1,temp_surge
2026-02-14 04:28:56.216956,20.74,19.14,80.7,0,none
2026-02-14 05:28:56.216956,21.97,20.09,73.2,0,none
2026-02-14 06:28:56.216956,42.71,20.13,75.3,0,none
2026-02-14 07:28:56.216956,48.93,21.6,92.8,0,none
2026-02-14 08:28:56.216956,52.85,22.3,103.3,0,none
2026-02-14 09:28:56.216956,59.22,22.27,418.5,0,none
2026-02-14 10:28:56.216956,64.12,22.72,481.7,0,none
2026-02-14 11:28:56.216956,63.35,22.95,67.6,1,network_drop
2026-02-14 12:28:56.216956,63.48,24.38,578.2,0,none
2026-02-14 13:28:56.216956,65.78,24.58,574.0,0,none
2026-02-14 14:28:56.216956,113.81,25.28,599.6,1,power_spike
2026-02-14 15:28:56.216956,57.77,24.77,522.0,0,none
2026-02-14 16:28:56.216956,51.96,25.36,470.2,0,none
2026-02-14 17:28:56.216956,47.56,25.95,404.3,0,none
2026-02-14 18:28:56.216956,36.72,25.0,300.1,0,none
2026-02-14 19:28:56.216956,21.29,24.41,297.9,0,none
2026-02-14 20:28:56.216956,18.3,24.47,287.1,0,none
2026-02-14 21:28:56.216956,17.36,23.5,288.1,0,none
2026-02-14 22:28:56.216956,19.1,23.56,272.6,0,none
2026-02-14 23:28:56.216956,17.95,22.16,286.2,0,none
2026-02-15 00:28:56.216956,19.41,19.62,83.3,0,none
2026-02-15 01:28:56.216956,19.85,19.41,121.8,0,none
2026-02-15 02:28:56.216956,19.99,18.84,54.2,0,none
2026-02-15 03:28:56.216956,18.59,20.08,101.0,0,none
2026-02-15 04:28:56.216956,20.04,19.48,99.3,0,none
2026-02-15 05:28:56.216956,18.77,19.87,94.9,0,none
2026-02-15 06:28:56.216956,38.01,20.85,79.3,0,none
2026-02-15 07:28:56.216956,45.94,21.11,72.4,0,none
2026-02-15 08:28:56.216956,53.14,21.82,85.7,0,none
2026-02-15 09:28:56.216956,58.74,23.15,395.4,0,none
2026-02-15 10:28:56.216956,61.93,23.23,447.0,0,none
2026-02-15 11:28:56.216956,63.1,23.88,573.5,0,none
2026-02-15 12:28:56.216956,59.99,24.69,570.1,0,none
2026-02-15 13:28:56.216956,66.35,24.65,563.8,0,none
2026-02-15 14:28:56.216956,59.63,25.07,590.1,0,none
2026-02-15 15:28:56.216956,63.35,25.02,525.6,0,none
2026-02-15 16:28:56.216956,55.26,25.71,491.7,0,none
2026-02-15 17:28:56.216956,49.76,24.16,438.0,0,none
2026-02-15 18:28:56.216956,36.52,25.07,284.6,0,none
2026-02-15 19:28:56.216956,20.76,24.43,307.6,0,none
2026-02-15 20:28:56.216956,18.73,24.23,333.8,0,none
2026-02-15 21:28:56.216956,19.02,23.18,231.3,0,none
2026-02-15 22:28:56.216956,22.43,23.21,294.3,0,none
2026-02-15 23:28:56.216956,21.25,22.3,265.2,0,none
2026-02-16 00:28:56.216956,18.7,18.45,55.6,0,none
2026-02-16 01:28:56.216956,22.08,19.33,78.9,0,none
2026-02-16 02:28:56.216956,18.78,19.07,71.2,0,none
2026-02-16 03:28:56.216956,19.59,19.08,47.0,0,none
2026-02-16 04:28:56.216956,23.14,19.89,80.3,0,none
2026-02-16 05:28:56.216956,19.02,19.48,90.6,0,none
2026-02-16 06:28:56.216956,39.14,21.15,90.5,0,none
2026-02-16 07:28:56.216956,47.82,21.01,67.7,0,none
2026-02-16 08:28:56.216956,52.48,22.05,102.9,0,none
2026-02-16 09:28:56.216956,59.61,23.03,375.4,0,none
2026-02-16 10:28:56.216956,63.49,22.96,475.4,0,none
2026-02-16 11:28:56.216956,61.34,24.89,558.5,0,none
2026-02-16 12:28:56.216956,63.75,23.58,586.8,0,none
2026-02-16 13:28:56.216956,65.58,25.77,607.4,0,none
2026-02-16 14:28:56.216956,62.79,24.22,575.0,0,none
2026-02-16 15:28:56.216956,60.8,24.45,549.7,0,none
2026-02-16 16:28:56.216956,48.22,24.7,471.8,0,none
2026-02-16 17:28:56.216956,50.01,24.6,374.5,0,none
2026-02-16 18:28:56.216956,38.7,25.05,293.7,0,none
2026-02-16 19:28:56.216956,19.04,24.41,296.7,0,none
2026-02-16 20:28:56.216956,18.26,24.12,281.4,0,none
2026-02-16 21:28:56.216956,21.59,24.25,313.4,0,none
2026-02-16 22:28:56.216956,20.42,22.86,316.5,0,none
2026-02-16 23:28:56.216956,18.48,22.62,311.1,0,none
2026-02-17 00:28:56.216956,19.9,19.33,95.0,0,none
2026-02-17 01:28:56.216956,18.7,19.32,62.2,0,none
2026-02-17 02:28:56.216956,22.05,19.34,78.8,0,none
2026-02-17 03:28:56.216956,22.33,33.79,64.0,1,temp_surge
2026-02-17 04:28:56.216956,22.6,19.26,61.2,0,none
2026-02-17 05:28:56.216956,23.05,20.88,94.5,0,none
2026-02-17 06:28:56.216956,38.98,20.85,90.6,0,none
2026-02-17 07:28:56.216956,43.83,21.71,55.7,0,none
2026-02-17 08:28:56.216956,53.17,21.01,75.9,0,none
2026-02-17 09:28:56.216956,57.78,22.72,388.8,0,none
2026-02-17 10:28:56.216956,60.53,23.13,498.6,0,none
2026-02-17 11:28:56.216956,64.2,23.78,32.6,1,network_drop
2026-02-17 12:28:56.216956,66.88,23.7,579.5,0,none
2026-02-17 13:28:56.216956,63.5,25.16,588.9,0,none
2026-02-17 14:28:56.216956,108.06,24.31,569.4,1,power_spike
2026-02-17 15:28:56.216956,57.31,25.07,532.4,0,none
2026-02-17 16:28:56.216956,52.21,25.53,476.4,0,none
2026-02-17 17:28:56.216956,46.26,24.5,373.1,0,none
2026-02-17 18:28:56.216956,40.24,24.9,323.9,0,none
2026-02-17 19:28:56.216956,24.83,23.71,299.5,0,none
2026-02-17 20:28:56.216956,16.78,23.74,290.3,0,none
2026-02-17 21:28:56.216956,21.18,24.35,303.4,0,none
2026-02-17 22:28:56.216956,17.78,22.31,286.6,0,none
2026-02-17 23:28:56.216956,19.03,22.97,322.9,0,none
2026-02-18 00:28:56.216956,17.26,19.65,64.5,0,none
2026-02-18 01:28:56.216956,17.87,19.55,91.8,0,none
2026-02-18 02:28:56.216956,17.27,19.15,133.0,0,none
2026-02-18 03:28:56.216956,20.17,19.0,32.2,0,none
2026-02-18 04:28:56.216956,19.11,19.57,78.5,0,none
2026-02-18 05:28:56.216956,20.0,20.07,64.2,0,none
2026-02-18 06:28:56.216956,41.17,20.15,114.6,0,none
2026-02-18 07:28:56.216956,46.65,21.83,114.1,0,none
2026-02-18 08:28:56.216956,53.26,21.15,52.1,0,none
2026-02-18 09:28:56.216956,55.24,21.82,410.1,0,none
2026-02-18 10:28:56.216956,61.22,22.95,477.2,0,none
2026-02-18 11:28:56.216956,62.07,22.05,544.8,0,none
2026-02-18 12:28:56.216956,60.83,24.49,596.8,0,none
2026-02-18 13:28:56.216956,67.16,23.7,597.5,0,none
2026-02-18 14:28:56.216956,63.18,24.75,594.4,0,none
2026-02-18 15:28:56.216956,56.3,24.45,509.6,0,none
2026-02-18 16:28:56.216956,51.9,25.03,448.7,0,none
2026-02-18 17:28:56.216956,48.86,24.98,380.9,0,none
2026-02-18 18:28:56.216956,42.73,25.15,289.6,0,none
2026-02-18 19:28:56.216956,22.04,25.29,319.2,0,none
2026-02-18 20:28:56.216956,18.9,23.96,303.7,0,none
2026-02-18 21:28:56.216956,19.86,24.32,277.4,0,none
2026-02-18 22:28:56.216956,22.08,22.92,320.7,0,none
2026-02-18 23:28:56.216956,16.76,22.08,309.9,0,none
2026-02-19 00:28:56.216956,23.85,18.91,75.2,0,none
2026-02-19 01:28:56.216956,19.96,19.38,86.0,0,none
2026-02-19 02:28:56.216956,19.47,19.17,90.4,0,none
2026-02-19 03:28:56.216956,21.28,32.17,93.6,1,temp_surge
2026-02-19 04:28:56.216956,20.29,19.89,47.8,0,none
2026-02-19 05:28:56.216956,19.07,21.21,75.0,0,none
2026-02-19 06:28:56.216956,40.28,21.07,94.2,0,none
2026-02-19 07:28:56.216956,48.13,21.03,70.9,0,none
2026-02-19 08:28:56.216956,49.35,22.28,94.9,0,none
2026-02-19 09:28:56.216956,54.11,23.09,381.0,0,none
2026-02-19 10:28:56.216956,61.07,22.77,489.7,0,none
2026-02-19 11:28:56.216956,62.9,24.04,71.9,1,network_drop
2026-02-19 12:28:56.216956,66.1,24.15,582.0,0,none
2026-02-19 13:28:56.216956,65.07,24.12,617.4,0,none
2026-02-19 14:28:56.216956,113.38,25.35,577.9,1,power_spike
2026-02-19 15:28:56.216956,56.83,25.59,585.0,0,none
2026-02-19 16:28:56.216956,50.2,25.8,478.3,0,none
2026-02-19 17:28:56.216956,46.15,24.56,399.9,0,none
2026-02-19 18:28:56.216956,42.55,25.31,278.4,0,none
2026-02-19 19:28:56.216956,20.93,24.55,312.3,0,none
2026-02-19 20:28:56.216956,18.34,23.94,303.9,0,none
2026-02-19 21:28:56.216956,20.23,23.98,290.7,0,none
2026-02-19 22:28:56.216956,20.48,22.93,336.4,0,none
2026-02-19 23:28:56.216956,21.15,21.88,354.6,0,none
2026-02-20 00:28:56.216956,20.12,19.11,103.5,0,none
2026-02-20 01:28:56.216956,20.39,18.97,102.6,0,none
2026-02-20 02:28:56.216956,18.23,20.15,65.1,0,none
2026-02-20 03:28:56.216956,26.96,19.46,107.8,0,none
2026-02-20 04:28:56.216956,20.22,20.25,77.4,0,none
2026-02-20 05:28:56.216956,20.35,20.86,27.4,0,none
2026-02-20 06:28:56.216956,37.42,21.79,79.5,0,none
2026-02-20 07:28:56.216956,45.23,20.58,52.5,0,none
2026-02-20 08:28:56.216956,53.08,22.17,63.0,0,none
2026-02-20 09:28:56.216956,57.85,22.84,414.4,0,none
2026-02-20 10:28:56.216956,60.75,23.91,518.2,0,none
2026-02-20 11:28:56.216956,63.3,23.6,518.9,0,none
2026-02-20 12:28:56.216956,65.45,24.09,576.7,0,none
2026-02-20 13:28:56.216956,66.18,24.52,568.2,0,none
2026-02-20 14:28:56.216956,61.76,24.87,571.0,0,none
2026-02-20 15:28:56.216956,57.25,24.36,528.5,0,none
2026-02-20 16:28:56.216956,50.92,24.08,485.5,0,none
2026-02-20 17:28:56.216956,45.02,24.61,375.3,0,none
2026-02-20 18:28:56.216956,40.13,24.64,295.8,0,none
2026-02-20 19:28:56.216956,19.38,24.31,272.0,0,none
2026-02-20 20:28:56.216956,20.6,24.3,298.4,0,none
2026-02-20 21:28:56.216956,21.36,23.34,303.0,0,none
2026-02-20 22:28:56.216956,20.82,22.7,277.7,0,none
2026-02-20 23:28:56.216956,21.6,22.18,279.8,0,none
2026-02-21 00:28:56.216956,18.39,19.35,82.2,0,none
2026-02-21 01:28:56.216956,20.0,19.53,75.5,0,none
2026-02-21 02:28:56.216956,19.72,18.95,99.6,0,none
2026-02-21 03:28:56.216956,16.81,19.63,103.4,0,none
2026-02-21 04:28:56.216956,19.11,19.38,78.2,0,none
2026-02-21 05:28:56.216956,20.61,20.17,107.4,0,none
2026-02-21 06:28:56.216956,41.86,21.05,89.0,0,none
2026-02-21 07:28:56.216956,49.01,21.85,69.9,0,none
2026-02-21 08:28:56.216956,53.48,22.46,45.0,0,none
2026-02-21 09:28:56.216956,53.14,22.65,395.2,0,none
2026-02-21 10:28:56.216956,57.02,22.78,508.6,0,none
2026-02-21 11:28:56.216956,64.69,23.81,566.3,0,none
2026-02-21 12:28:56.216956,62.44,24.09,614.4,0,none
2026-02-21 13:28:56.216956,67.02,24.77,611.4,0,none
2026-02-21 14:28:56.216956,61.58,24.59,598.8,0,none
2026-02-21 15:28:56.216956,55.72,24.43,540.5,0,none
2026-02-21 16:28:56.216956,51.0,25.49,464.7,0,none
2026-02-21 17:28:56.216956,47.49,25.46,404.0,0,none
2026-02-21 18:28:56.216956,39.19,24.19,292.0,0,none
2026-02-21 19:28:56.216956,21.55,23.85,287.3,0,none
2026-02-21 20:28:56.216956,21.17,23.79,309.4,0,none
2026-02-21 21:28:56.216956,18.16,23.04,264.8,0,none
2026-02-21 22:28:56.216956,18.01,23.59,305.8,0,none
2026-02-21 23:28:56.216956,19.58,22.63,322.0,0,none
2026-02-22 00:28:56.216956,19.59,18.31,79.6,0,none
2026-02-22 01:28:56.216956,20.48,18.66,81.7,0,none
2026-02-22 02:28:56.216956,19.19,18.86,76.8,0,none
2026-02-22 03:28:56.216956,17.99,19.24,111.9,0,none
2026-02-22 04:28:56.216956,24.78,20.3,89.8,0,none
2026-02-22 05:28:56.216956,17.35,20.28,66.9,0,none
2026-02-22 06:28:56.216956,41.53,21.56,52.1,0,none
2026-02-22 07:28:56.216956,43.4,21.69,82.6,0,none
2026-02-22 08:28:56.216956,55.01,21.53,65.4,0,none
2026-02-22 09:28:56.216956,55.4,22.53,406.3,0,none
2026-02-22 10:28:56.216956,63.28,23.48,487.9,0,none
2026-02-22 11:28:56.216956,66.48,23.93,544.2,0,none
2026-02-22 12:28:56.216956,68.55,24.48,587.9,0,none
2026-02-22 13:28:56.216956,65.6,24.56,616.6,0,none
2026-02-22 14:28:56.216956,61.35,25.45,580.2,0,none
2026-02-22 15:28:56.216956,58.44,25.35,561.6,0,none
2026-02-22 16:28:56.216956,51.79,24.39,506.4,0,none
2026-02-22 17:28:56.216956,45.8,25.75,390.9,0,none
2026-02-22 18:28:56.216956,43.71,24.48,332.0,0,none
2026-02-22 19:28:56.216956,21.87,25.06,280.1,0,none
2026-02-22 20:28:56.216956,20.16,23.37,302.0,0,none
2026-02-22 21:28:56.216956,18.73,23.69,289.5,0,none
2026-02-22 22:28:56.216956,21.81,22.93,307.9,0,none
2026-02-22 23:28:56.216956,22.02,22.47,294.5,0,none
2026-02-23 00:28:56.216956,19.13,19.38,89.0,0,none
2026-02-23 01:28:56.216956,23.54,18.61,78.4,0,none
2026-02-23 02:28:56.216956,21.31,19.8,36.6,0,none
2026-02-23 03:28:56.216956,23.22,19.15,83.9,0,none
2026-02-23 04:28:56.216956,22.21,19.72,65.9,0,none
2026-02-23 05:28:56.216956,17.64,20.83,73.3,0,none
2026-02-23 06:28:56.216956,38.49,20.3,75.0,0,none
2026-02-23 07:28:56.216956,50.65,22.14,73.5,0,none
2026-02-23 08:28:56.216956,53.4,21.89,81.4,0,none
2026-02-23 09:28:56.216956,59.67,23.95,416.9,0,none
2026-02-23 10:28:56.216956,63.99,23.35,470.1,0,none
2026-02-23 11:28:56.216956,62.28,22.72,517.8,0,none
2026-02-23 12:28:56.216956,62.06,24.5,607.7,0,none
2026-02-23 13:28:56.216956,61.36,25.09,611.2,0,none
2026-02-23 14:28:56.216956,58.23,23.89,563.6,0,none
2026-02-23 15:28:56.216956,56.0,25.22,598.8,0,none
2026-02-23 16:28:56.216956,54.12,24.5,91.4,1,random_network
2026-02-23 17:28:56.216956,45.71,24.4,392.6,0,none
2026-02-23 18:28:56.216956,40.04,24.9,304.0,0,none
2026-02-23 19:28:56.216956,20.1,23.96,304.8,0,none
2026-02-23 20:28:56.216956,21.07,23.82,326.3,0,none
2026-02-23 21:28:56.216956,21.3,23.52,292.2,0,none
2026-02-23 22:28:56.216956,19.58,22.79,252.1,0,none
2026-02-23 23:28:56.216956,22.49,22.82,316.2,0,none
2026-02-24 00:28:56.216956,19.06,19.22,72.9,0,none
2026-02-24 01:28:56.216956,17.98,19.59,60.7,0,none
2026-02-24 02:28:56.216956,20.49,18.09,75.9,0,none
2026-02-24 03:28:56.216956,17.93,20.01,60.4,0,none
2026-02-24 04:28:56.216956,21.64,19.52,94.3,0,none
2026-02-24 05:28:56.216956,17.75,20.6,80.7,0,none
2026-02-24 06:28:56.216956,44.74,20.22,62.9,0,none
2026-02-24 07:28:56.216956,45.86,19.72,85.6,0,none
2026-02-24 08:28:56.216956,52.36,22.81,84.9,0,none
2026-02-24 09:28:56.216956,57.64,22.5,363.6,0,none
2026-02-24 10:28:56.216956,64.35,23.69,487.3,0,none
2026-02-24 11:28:56.216956,63.14,23.47,555.2,0,none
2026-02-24 12:28:56.216956,66.97,23.85,572.2,0,none
2026-02-24 13:28:56.216956,63.55,23.63,565.1,0,none
2026-02-24 14:28:56.216956,60.48,24.56,580.6,0,none
2026-02-24 15:28:56.216956,58.79,25.44,573.9,0,none
2026-02-24 16:28:56.216956,49.32,25.82,466.1,0,none
2026-02-24 17:28:56.216956,45.72,24.24,379.7,0,none
2026-02-24 18:28:56.216956,37.54,25.73,303.5,0,none
2026-02-24 19:28:56.216956,25.09,24.62,283.4,0,none
2026-02-24 20:28:56.216956,23.38,24.17,308.7,0,none
2026-02-24 21:28:56.216956,21.61,23.35,276.9,0,none
2026-02-24 22:28:56.216956,15.2,23.11,295.8,0,none
2026-02-24 23:28:56.216956,21.82,22.88,303.4,0,none
2026-02-25 00:28:56.216956,22.01,18.75,60.0,0,none
2026-02-25 01:28:56.216956,19.07,17.52,88.4,0,none
2026-02-25 02:28:56.216956,17.36,19.72,61.8,0,none
2026-02-25 03:28:56.216956,19.24,19.83,101.4,0,none
2026-02-25 04:28:56.216956,20.48,20.37,74.6,0,none
2026-02-25 05:28:56.216956,16.7,20.47,100.4,0,none
2026-02-25 06:28:56.216956,39.25,21.7,105.9,0,none
2026-02-25 07:28:56.216956,47.36,21.72,56.4,0,none
2026-02-25 08:28:56.216956,56.0,22.55,97.7,0,none
2026-02-25 09:28:56.216956,59.54,21.88,394.3,0,none
2026-02-25 10:28:56.216956,58.45,23.17,503.6,0,none
2026-02-25 11:28:56.216956,58.96,23.62,535.2,0,none
2026-02-25 12:28:56.216956,64.82,23.85,605.2,0,none
2026-02-25 13:28:56.216956,59.69,24.29,609.6,0,none
2026-02-25 14:28:56.216956,65.42,25.2,593.3,0,none
2026-02-25 15:28:56.216956,54.84,25.26,546.4,0,none
2026-02-25 16:28:56.216956,51.44,25.64,491.2,0,none
2026-02-25 17:28:56.216956,44.99,23.92,424.9,0,none
2026-02-25 18:28:56.216956,36.25,24.53,293.4,0,none
2026-02-25 19:28:56.216956,22.21,24.69,326.8,0,none
2026-02-25 20:28:56.216956,19.04,24.78,294.3,0,none
2026-02-25 21:28:56.216956,20.86,23.02,298.1,0,none
2026-02-25 22:28:56.216956,18.71,22.67,302.4,0,none
2026-02-25 23:28:56.216956,18.76,22.57,303.7,0,none
2026-02-26 00:28:56.216956,20.69,19.34,79.0,0,none
2026-02-26 01:28:56.216956,18.42,19.35,31.8,0,none
2026-02-26 02:28:56.216956,19.03,19.5,76.1,0,none
2026-02-26 03:28:56.216956,21.05,34.66,89.4,1,temp_surge
2026-02-26 04:28:56.216956,23.77,18.87,62.9,0,none
2026-02-26 05:28:56.216956,20.16,20.92,104.9,0,none
2026-02-26 06:28:56.216956,37.24,19.65,49.8,0,none
2026-02-26 07:28:56.216956,48.66,21.57,63.7,0,none
2026-02-26 08:28:56.216956,50.29,22.18,82.9,0,none
2026-02-26 09:28:56.216956,54.56,23.31,420.1,0,none
2026-02-26 10:28:56.216956,60.27,22.88,480.5,0,none
2026-02-26 11:28:56.216956,62.64,23.81,66.0,1,network_drop
2026-02-26 12:28:56.216956,66.87,24.69,580.1,0,none
2026-02-26 13:28:56.216956,64.23,24.14,640.2,0,none
2026-02-26 14:28:56.216956,98.99,24.84,573.8,1,power_spike
2026-02-26 15:28:56.216956,60.15,24.95,561.2,0,none
2026-02-26 16:28:56.216956,51.96,24.69,474.7,0,none
2026-02-26 17:28:56.216956,48.29,24.72,385.2,0,none
2026-02-26 18:28:56.216956,38.29,25.56,286.7,0,none
2026-02-26 19:28:56.216956,23.27,25.15,291.0,0,none
2026-02-26 20:28:56.216956,18.03,24.4,287.0,0,none
2026-02-26 21:28:56.216956,20.12,24.08,287.9,0,none
2026-02-26 22:28:56.216956,20.51,22.91,294.0,0,none
2026-02-26 23:28:56.216956,19.4,22.56,301.0,0,none
2026-02-27 00:28:56.216956,20.55,18.83,85.5,0,none
2026-02-27 01:28:56.216956,17.55,19.19,82.2,0,none
2026-02-27 02:28:56.216956,21.7,18.86,89.3,0,none
2026-02-27 03:28:56.216956,20.8,28.62,126.3,1,temp_surge
2026-02-27 04:28:56.216956,20.91,21.53,92.1,0,none
2026-02-27 05:28:56.216956,21.05,20.93,92.3,0,none
2026-02-27 06:28:56.216956,37.73,22.09,56.7,0,none
2026-02-27 07:28:56.216956,43.07,21.31,73.8,0,none
2026-02-27 08:28:56.216956,53.58,22.19,81.7,0,none
2026-02-27 09:28:56.216956,59.15,22.94,424.7,0,none
2026-02-27 10:28:56.216956,64.0,24.15,481.7,0,none
2026-02-27 11:28:56.216956,64.01,23.44,85.8,1,network_drop
2026-02-27 12:28:56.216956,61.93,25.33,545.9,0,none
2026-02-27 13:28:56.216956,63.91,23.28,606.8,0,none
2026-02-27 14:28:56.216956,117.56,25.59,608.7,1,power_spike
2026-02-27 15:28:56.216956,57.71,25.19,542.7,0,none
2026-02-27 16:28:56.216956,52.18,25.27,467.8,0,none
2026-02-27 17:28:56.216956,43.86,25.13,423.1,0,none
2026-02-27 18:28:56.216956,37.96,24.75,301.3,0,none
2026-02-27 19:28:56.216956,20.94,24.9,277.1,0,none
2026-02-27 20:28:56.216956,18.84,24.27,308.2,0,none
2026-02-27 21:28:56.216956,19.2,23.86,322.6,0,none
2026-02-27 22:28:56.216956,15.19,23.27,318.4,0,none
2026-02-27 23:28:56.216956,18.2,22.78,296.1,0,none
2026-02-28 00:28:56.216956,23.37,19.52,73.3,0,none
2026-02-28 01:28:56.216956,15.57,18.02,98.7,0,none
2026-02-28 02:28:56.216956,22.55,19.19,79.6,0,none
2026-02-28 03:28:56.216956,21.75,20.06,97.9,0,none
2026-02-28 04:28:56.216956,22.15,20.11,52.0,0,none
2026-02-28 05:28:56.216956,21.87,19.98,78.0,0,none
2026-02-28 06:28:56.216956,39.64,20.5,88.7,0,none
2026-02-28 07:28:56.216956,47.53,21.46,96.7,0,none
2026-02-28 08:28:56.216956,54.84,22.48,82.1,0,none
2026-02-28 09:28:56.216956,55.34,22.05,369.4,0,none
2026-02-28 10:28:56.216956,59.78,23.55,462.1,0,none
2026-02-28 11:28:56.216956,63.8,23.88,533.6,0,none
2026-02-28 12:28:56.216956,62.8,23.54,574.4,0,none
2026-02-28 13:28:56.216956,64.92,24.04,618.6,0,none
2026-02-28 14:28:56.216956,63.02,24.83,571.7,0,none
2026-02-28 15:28:56.216956,57.08,24.93,523.4,0,none
2026-02-28 16:28:56.216956,52.21,24.75,521.3,0,none
2026-02-28 17:28:56.216956,44.29,24.75,404.2,0,none
2026-02-28 18:28:56.216956,39.42,25.1,308.8,0,none
2026-02-28 19:28:56.216956,18.16,24.08,315.1,0,none
2026-02-28 20:28:56.216956,18.73,24.94,306.1,0,none
2026-02-28 21:28:56.216956,16.44,23.45,297.1,0,none
2026-02-28 22:28:56.216956,18.69,23.14,289.7,0,none
2026-02-28 23:28:56.216956,18.41,22.15,290.2,0,none
2026-03-01 00:28:56.216956,19.52,19.04,111.5,0,none
2026-03-01 01:28:56.216956,15.7,19.56,60.1,0,none
2026-03-01 02:28:56.216956,20.3,19.65,53.9,0,none
2026-03-01 03:28:56.216956,16.56,19.33,59.2,0,none
2026-03-01 04:28:56.216956,18.69,20.13,104.4,0,none
2026-03-01 05:28:56.216956,18.72,21.64,106.9,0,none
2026-03-01 06:28:56.216956,41.71,21.45,74.4,0,none
2026-03-01 07:28:56.216956,45.29,21.3,98.8,0,none
2026-03-01 08:28:56.216956,53.05,22.18,90.6,0,none
2026-03-01 09:28:56.216956,56.86,23.72,392.3,0,none
2026-03-01 10:28:56.216956,60.49,23.73,516.3,0,none
2026-03-01 11:28:56.216956,62.55,22.59,558.2,0,none
2026-03-01 12:28:56.216956,63.41,22.57,609.2,0,none
2026-03-01 13:28:56.216956,63.38,24.73,631.2,0,none
2026-03-01 14:28:56.216956,59.98,23.95,624.9,0,none
2026-03-01 15:28:56.216956,61.21,24.75,524.7,0,none
2026-03-01 16:28:56.216956,50.16,25.06,455.4,0,none
2026-03-01 17:28:56.216956,45.48,25.55,388.1,0,none
2026-03-01 18:28:56.216956,39.97,24.4,293.0,0,none
2026-03-01 19:28:56.216956,22.81,25.24,271.8,0,none
2026-03-01 20:28:56.216956,19.91,23.86,290.4,0,none
2026-03-01 21:28:56.216956,17.38,24.04,342.5,0,none
2026-03-01 22:28:56.216956,17.28,23.81,298.1,0,none
2026-03-01 23:28:56.216956,19.84,23.57,314.6,0,none
2026-03-02 00:28:56.216956,15.85,19.09,97.7,0,none
2026-03-02 01:28:56.216956,24.52,18.78,106.1,0,none
2026-03-02 02:28:56.216956,22.54,19.8,59.9,0,none
2026-03-02 03:28:56.216956,22.75,20.21,64.0,0,none
2026-03-02 04:28:56.216956,19.91,19.33,84.6,0,none
2026-03-02 05:28:56.216956,20.47,20.8,104.6,0,none
2026-03-02 06:28:56.216956,38.61,21.83,95.5,0,none
2026-03-02 07:28:56.216956,46.11,21.08,78.5,0,none
2026-03-02 08:28:56.216956,52.57,22.94,27.9,0,none
2026-03-02 09:28:56.216956,57.25,22.37,411.6,0,none
2026-03-02 10:28:56.216956,63.48,23.38,518.7,0,none
2026-03-02 11:28:56.216956,65.17,23.62,546.7,0,none
2026-03-02 12:28:56.216956,66.28,25.21,589.1,0,none
2026-03-02 13:28:56.216956,63.55,24.96,621.3,0,none
2026-03-02 14:28:56.216956,63.93,25.86,594.8,0,none
2026-03-02 15:28:56.216956,60.35,25.52,574.2,0,none
2026-03-02 16:28:56.216956,51.92,25.86,462.7,0,none
2026-03-02 17:28:56.216956,45.72,24.8,396.5,0,none
2026-03-02 18:28:56.216956,41.17,25.14,275.3,0,none
2026-03-02 19:28:56.216956,20.07,24.14,309.6,0,none
2026-03-02 20:28:56.216956,17.11,24.58,308.2,0,none
2026-03-02 21:28:56.216956,20.26,23.02,312.0,0,none
2026-03-02 22:28:56.216956,19.25,23.83,306.5,0,none
2026-03-02 23:28:56.216956,20.0,22.49,329.5,0,none
2026-03-03 00:28:56.216956,19.04,19.25,96.1,0,none
2026-03-03 01:28:56.216956,19.85,18.36,47.2,0,none
2026-03-03 02:28:56.216956,23.06,18.35,94.8,0,none
2026-03-03 03:28:56.216956,19.79,19.33,102.8,0,none
2026-03-03 04:28:56.216956,19.06,20.1,84.7,0,none
2026-03-03 05:28:56.216956,16.9,20.26,118.3,0,none
2026-03-03 06:28:56.216956,37.49,21.0,119.2,0,none
2026-03-03 07:28:56.216956,45.84,21.63,79.6,0,none
2026-03-03 08:28:56.216956,51.68,22.28,111.3,0,none
2026-03-03 09:28:56.216956,56.51,22.74,370.8,0,none
2026-03-03 10:28:56.216956,61.96,23.29,477.2,0,none
2026-03-03 11:28:56.216956,67.3,24.0,557.8,0,none
2026-03-03 12:28:56.216956,66.99,24.27,574.7,0,none
2026-03-03 13:28:56.216956,65.24,24.86,601.4,0,none
2026-03-03 14:28:56.216956,60.7,24.97,588.3,0,none
2026-03-03 15:28:56.216956,55.58,25.33,571.1,0,none
2026-03-03 16:28:56.216956,54.07,24.5,443.3,0,none
2026-03-03 17:28:56.216956,47.5,24.67,402.6,0,none
2026-03-03 18:28:56.216956,42.21,24.75,298.4,0,none
2026-03-03 19:28:56.216956,18.76,25.01,295.1,0,none
2026-03-03 20:28:56.216956,19.18,23.84,259.9,0,none
2026-03-03 21:28:56.216956,22.35,22.85,303.0,0,none
2026-03-03 22:28:56.216956,17.17,23.77,347.3,0,none
2026-03-03 23:28:56.216956,19.81,22.03,303.8,0,none
2026-03-04 00:28:56.216956,16.83,19.06,117.0,0,none
2026-03-04 01:28:56.216956,19.56,20.06,79.1,0,none
2026-03-04 02:28:56.216956,19.21,19.32,111.9,0,none
2026-03-04 03:28:56.216956,18.04,20.5,65.4,0,none
2026-03-04 04:28:56.216956,20.09,19.75,91.6,0,none
2026-03-04 05:28:56.216956,19.41,20.64,72.6,0,none
2026-03-04 06:28:56.216956,40.98,21.14,49.4,0,none
2026-03-04 07:28:56.216956,44.11,21.05,83.8,0,none
2026-03-04 08:28:56.216956,53.4,22.32,84.5,0,none
2026-03-04 09:28:56.216956,57.29,22.05,413.3,0,none
2026-03-04 10:28:56.216956,60.98,23.38,458.5,0,none
2026-03-04 11:28:56.216956,63.05,32.91,531.1,1,random_temp
2026-03-04 12:28:56.216956,66.34,23.32,612.8,0,none
2026-03-04 13:28:56.216956,64.18,24.45,600.4,0,none
2026-03-04 14:28:56.216956,61.03,25.41,587.1,0,none
2026-03-04 15:28:56.216956,57.32,25.45,519.1,0,none
2026-03-04 16:28:56.216956,50.82,25.16,463.9,0,none
2026-03-04 17:28:56.216956,49.21,24.0,392.0,0,none
2026-03-04 18:28:56.216956,40.57,24.71,327.0,0,none
2026-03-04 19:28:56.216956,22.19,24.34,291.1,0,none
2026-03-04 20:28:56.216956,21.47,23.28,293.4,0,none
2026-03-04 21:28:56.216956,19.84,23.05,291.8,0,none
2026-03-04 22:28:56.216956,22.64,23.21,290.5,0,none
2026-03-04 23:28:56.216956,19.93,22.61,270.7,0,none
