timestamp,occupancy,equipment_heat_kw,temp_outside,setpoint,is_weekend,hvac_kwh
2025-12-20 00:43:57.214254,1,2.97,22.6,26.0,1,5.55
2025-12-20 01:43:57.214254,0,2.7,19.7,26.0,1,4.77
2025-12-20 02:43:57.214254,0,2.96,23.4,26.0,1,5.61
2025-12-20 03:43:57.214254,0,2.71,23.1,26.0,1,4.53
2025-12-20 04:43:57.214254,0,2.52,24.5,26.0,1,3.83
2025-12-20 05:43:57.214254,1,2.67,26.3,26.0,1,4.58
2025-12-20 06:43:57.214254,0,2.51,27.2,26.0,1,5.62
2025-12-20 07:43:57.214254,1,2.61,28.8,26.0,1,8.04
2025-12-20 08:43:57.214254,0,2.65,30.5,26.0,1,8.62
2025-12-20 09:43:57.214254,0,2.85,34.7,26.0,1,10.9
2025-12-20 10:43:57.214254,7,2.66,33.1,26.0,1,10.21
2025-12-20 11:43:57.214254,8,2.64,33.5,26.0,1,10.62
2025-12-20 12:43:57.214254,6,2.69,32.0,26.0,1,9.73
2025-12-20 13:43:57.214254,7,2.68,34.7,26.0,1,10.71
2025-12-20 14:43:57.214254,9,2.99,30.7,26.0,1,8.98
2025-12-20 15:43:57.214254,7,2.6,33.7,26.0,1,10.87
2025-12-20 16:43:57.214254,6,2.65,29.2,26.0,1,7.94
2025-12-20 17:43:57.214254,0,2.55,31.2,26.0,1,9.24
2025-12-20 18:43:57.214254,1,2.55,27.9,26.0,1,8.11
2025-12-20 19:43:57.214254,0,2.54,27.6,26.0,1,6.92
2025-12-20 20:43:57.214254,0,2.56,24.3,26.0,1,6.6
2025-12-20 21:43:57.214254,0,2.9,23.8,26.0,1,7.06
2025-12-20 22:43:57.214254,0,2.67,22.0,26.0,1,5.55
2025-12-20 23:43:57.214254,0,2.87,23.6,26.0,1,4.76
2025-12-21 00:43:57.214254,0,2.92,23.3,26.0,1,4.46
2025-12-21 01:43:57.214254,0,2.85,21.9,26.0,1,5.04
2025-12-21 02:43:57.214254,0,2.97,22.0,26.0,1,5.67
2025-12-21 03:43:57.214254,1,2.63,23.6,26.0,1,5.25
2025-12-21 04:43:57.214254,1,2.73,26.8,26.0,1,5.49
2025-12-21 05:43:57.214254,1,2.98,28.2,26.0,1,6.27
2025-12-21 06:43:57.214254,1,2.88,27.7,26.0,1,6.41
2025-12-21 07:43:57.214254,1,2.84,29.3,26.0,1,8.4
2025-12-21 08:43:57.214254,1,2.96,34.7,26.0,1,11.69
2025-12-21 09:43:57.214254,0,2.69,30.8,26.0,1,8.64
2025-12-21 10:43:57.214254,10,2.56,32.2,26.0,1,10.78
2025-12-21 11:43:57.214254,9,2.82,33.1,26.0,1,10.16
2025-12-21 12:43:57.214254,8,2.62,37.2,26.0,1,12.88
2025-12-21 13:43:57.214254,6,2.87,34.1,26.0,1,11.17
2025-12-21 14:43:57.214254,7,2.89,34.1,26.0,1,10.77
2025-12-21 15:43:57.214254,7,2.7,29.6,26.0,1,8.67
2025-12-21 16:43:57.214254,7,2.97,33.2,26.0,1,11.33
2025-12-21 17:43:57.214254,0,2.83,29.7,26.0,1,7.82
2025-12-21 18:43:57.214254,0,2.9,28.2,26.0,1,7.57
2025-12-21 19:43:57.214254,0,2.96,25.8,26.0,1,5.65
2025-12-21 20:43:57.214254,0,2.55,24.9,26.0,1,5.86
2025-12-21 21:43:57.214254,1,2.51,23.2,26.0,1,6.2
2025-12-21 22:43:57.214254,0,2.69,24.8,26.0,1,5.35
2025-12-21 23:43:57.214254,0,2.82,20.5,26.0,1,4.53
2025-12-22 00:43:57.214254,2,2.68,24.3,26.0,0,5.64
2025-12-22 01:43:57.214254,1,2.8,23.1,26.0,0,4.52
2025-12-22 02:43:57.214254,1,2.53,24.3,26.0,0,4.91
2025-12-22 03:43:57.214254,2,2.55,24.8,26.0,0,4.8
2025-12-22 04:43:57.214254,1,2.93,27.9,26.0,0,6.14
2025-12-22 05:43:57.214254,1,2.82,25.5,26.0,0,4.82
2025-12-22 06:43:57.214254,2,2.84,30.2,26.0,0,8.22
2025-12-22 07:43:57.214254,1,2.75,32.1,22.0,0,11.9
2025-12-22 08:43:57.214254,2,6.7,30.3,22.0,0,12.12
2025-12-22 09:43:57.214254,19,6.93,33.5,22.0,0,15.43
2025-12-22 10:43:57.214254,30,8.71,32.4,22.0,0,16.25
2025-12-22 11:43:57.214254,31,8.9,36.9,22.0,0,19.1
2025-12-22 12:43:57.214254,32,6.53,37.4,22.0,0,18.68
2025-12-22 13:43:57.214254,39,8.56,35.5,22.0,0,17.93
2025-12-22 14:43:57.214254,34,8.97,32.0,22.0,0,16.26
2025-12-22 15:43:57.214254,36,8.17,33.6,22.0,0,17.15
2025-12-22 16:43:57.214254,23,8.43,32.4,22.0,0,15.56
2025-12-22 17:43:57.214254,22,7.95,30.1,22.0,0,13.68
2025-12-22 18:43:57.214254,15,7.13,27.6,22.0,0,11.5
2025-12-22 19:43:57.214254,13,2.64,27.0,22.0,0,9.29
2025-12-22 20:43:57.214254,15,2.56,26.5,22.0,0,10.09
2025-12-22 21:43:57.214254,16,2.9,26.2,22.0,0,9.42
2025-12-22 22:43:57.214254,1,2.61,25.6,26.0,0,5.06
2025-12-22 23:43:57.214254,1,2.53,24.3,26.0,0,4.65
2025-12-23 00:43:57.214254,1,2.55,23.9,26.0,0,4.9
2025-12-23 01:43:57.214254,1,2.7,22.0,26.0,0,4.33
2025-12-23 02:43:57.214254,1,2.51,24.6,26.0,0,4.4
2025-12-23 03:43:57.214254,1,2.98,26.8,26.0,0,5.93
2025-12-23 04:43:57.214254,1,2.84,26.2,26.0,0,5.17
2025-12-23 05:43:57.214254,2,2.87,28.6,26.0,0,6.87
2025-12-23 06:43:57.214254,2,2.64,28.5,26.0,0,6.43
2025-12-23 07:43:57.214254,1,2.64,30.7,22.0,0,11.66
2025-12-23 08:43:57.214254,2,6.1,30.1,22.0,0,13.08
2025-12-23 09:43:57.214254,19,8.28,34.9,22.0,0,17.29
2025-12-23 10:43:57.214254,34,7.14,33.1,22.0,0,15.16
2025-12-23 11:43:57.214254,33,7.59,37.0,22.0,0,19.44
2025-12-23 12:43:57.214254,30,7.95,34.5,22.0,0,16.55
2025-12-23 13:43:57.214254,32,7.8,35.9,22.0,0,17.32
2025-12-23 14:43:57.214254,32,8.44,32.0,22.0,0,16.58
2025-12-23 15:43:57.214254,35,8.03,32.1,22.0,0,16.3
2025-12-23 16:43:57.214254,23,8.09,33.7,22.0,0,15.79
2025-12-23 17:43:57.214254,21,7.46,33.1,22.0,0,16.28
2025-12-23 18:43:57.214254,12,7.31,30.6,22.0,0,12.9
2025-12-23 19:43:57.214254,16,2.84,29.7,22.0,0,11.47
2025-12-23 20:43:57.214254,11,2.95,26.2,22.0,0,9.65
2025-12-23 21:43:57.214254,16,2.91,28.1,22.0,0,10.81
2025-12-23 22:43:57.214254,1,2.9,28.6,26.0,0,6.74
2025-12-23 23:43:57.214254,1,2.7,24.8,26.0,0,5.12
2025-12-24 00:43:57.214254,1,2.56,23.1,26.0,0,5.05
2025-12-24 01:43:57.214254,1,2.99,25.1,26.0,0,4.46
2025-12-24 02:43:57.214254,1,2.78,24.9,26.0,0,5.47
2025-12-24 03:43:57.214254,2,2.72,25.2,26.0,0,5.03
2025-12-24 04:43:57.214254,2,2.74,25.1,26.0,0,5.25
2025-12-24 05:43:57.214254,2,2.78,28.3,26.0,0,6.64
2025-12-24 06:43:57.214254,2,2.74,29.4,26.0,0,6.18
2025-12-24 07:43:57.214254,2,2.99,32.8,22.0,0,12.22
2025-12-24 08:43:57.214254,2,8.11,34.1,22.0,0,15.81
2025-12-24 09:43:57.214254,20,7.1,37.4,22.0,0,18.18
2025-12-24 10:43:57.214254,31,6.98,33.8,22.0,0,16.42
2025-12-24 11:43:57.214254,34,8.68,36.4,22.0,0,18.11
2025-12-24 12:43:57.214254,25,8.34,33.6,22.0,0,16.71
2025-12-24 13:43:57.214254,36,8.08,39.2,22.0,0,20.13
2025-12-24 14:43:57.214254,41,8.13,33.2,22.0,0,17.68
2025-12-24 15:43:57.214254,37,8.79,36.5,22.0,0,18.49
2025-12-24 16:43:57.214254,22,8.05,36.6,22.0,0,17.71
2025-12-24 17:43:57.214254,19,7.38,31.6,22.0,0,14.49
2025-12-24 18:43:57.214254,12,7.0,28.3,22.0,0,12.41
2025-12-24 19:43:57.214254,14,2.78,28.6,22.0,0,10.76
2025-12-24 20:43:57.214254,16,2.66,29.5,22.0,0,11.13
2025-12-24 21:43:57.214254,16,2.51,28.3,22.0,0,10.81
2025-12-24 22:43:57.214254,2,2.85,25.0,26.0,0,5.59
2025-12-24 23:43:57.214254,2,2.86,25.8,26.0,0,5.0
2025-12-25 00:43:57.214254,1,2.78,25.0,26.0,0,5.24
2025-12-25 01:43:57.214254,1,2.7,25.7,26.0,0,5.13
2025-12-25 02:43:57.214254,1,2.85,25.6,26.0,0,4.79
2025-12-25 03:43:57.214254,2,2.8,27.0,26.0,0,5.42
2025-12-25 04:43:57.214254,2,2.97,28.4,26.0,0,6.63
2025-12-25 05:43:57.214254,2,2.77,29.0,26.0,0,6.31
2025-12-25 06:43:57.214254,2,2.87,30.8,26.0,0,8.32
2025-12-25 07:43:57.214254,1,2.57,30.4,22.0,0,11.62
2025-12-25 08:43:57.214254,1,7.49,33.7,22.0,0,15.43
2025-12-25 09:43:57.214254,19,8.79,35.4,22.0,0,17.38
2025-12-25 10:43:57.214254,36,6.09,36.5,22.0,0,17.85
2025-12-25 11:43:57.214254,26,6.19,37.7,22.0,0,18.37
2025-12-25 12:43:57.214254,36,7.91,39.7,22.0,0,20.78
2025-12-25 13:43:57.214254,31,6.45,37.1,22.0,0,18.26
2025-12-25 14:43:57.214254,30,8.79,34.5,22.0,0,17.1
2025-12-25 15:43:57.214254,37,8.28,37.4,22.0,0,19.5
2025-12-25 16:43:57.214254,18,7.69,32.9,22.0,0,14.85
2025-12-25 17:43:57.214254,19,8.32,33.2,22.0,0,16.52
2025-12-25 18:43:57.214254,14,7.6,31.4,22.0,0,14.74
2025-12-25 19:43:57.214254,14,2.67,28.7,22.0,0,11.07
2025-12-25 20:43:57.214254,15,2.71,28.0,22.0,0,10.48
2025-12-25 21:43:57.214254,14,2.63,27.0,22.0,0,8.9
2025-12-25 22:43:57.214254,1,2.86,28.9,26.0,0,6.46
2025-12-25 23:43:57.214254,1,2.71,23.5,26.0,0,4.52
2025-12-26 00:43:57.214254,2,2.87,25.2,26.0,0,4.87
2025-12-26 01:43:57.214254,2,2.55,27.0,26.0,0,5.04
2025-12-26 02:43:57.214254,2,2.6,26.5,26.0,0,5.19
2025-12-26 03:43:57.214254,1,3.0,27.1,26.0,0,5.3
2025-12-26 04:43:57.214254,2,2.6,26.6,26.0,0,5.57
2025-12-26 05:43:57.214254,1,2.68,32.0,26.0,0,8.29
2025-12-26 06:43:57.214254,1,2.63,30.9,26.0,0,7.55
2025-12-26 07:43:57.214254,2,2.77,35.1,22.0,0,14.07
2025-12-26 08:43:57.214254,2,7.94,36.1,22.0,0,17.1
2025-12-26 09:43:57.214254,19,7.85,36.4,22.0,0,18.09
2025-12-26 10:43:57.214254,30,8.68,37.5,22.0,0,19.46
2025-12-26 11:43:57.214254,35,8.51,35.8,22.0,0,18.67
2025-12-26 12:43:57.214254,29,8.36,35.3,22.0,0,17.7
2025-12-26 13:43:57.214254,33,6.7,36.4,22.0,0,18.27
2025-12-26 14:43:57.214254,39,8.94,37.4,22.0,0,19.92
2025-12-26 15:43:57.214254,28,6.48,32.1,22.0,0,15.79
2025-12-26 16:43:57.214254,17,6.24,34.6,22.0,0,16.15
2025-12-26 17:43:57.214254,23,8.65,32.3,22.0,0,15.99
2025-12-26 18:43:57.214254,12,7.18,31.1,22.0,0,13.75
2025-12-26 19:43:57.214254,13,2.97,29.7,22.0,0,10.98
2025-12-26 20:43:57.214254,17,2.68,29.4,22.0,0,11.55
2025-12-26 21:43:57.214254,16,2.78,26.6,22.0,0,8.93
2025-12-26 22:43:57.214254,1,2.67,26.4,26.0,0,5.43
2025-12-26 23:43:57.214254,2,2.51,25.4,26.0,0,4.57
2025-12-27 00:43:57.214254,1,2.57,25.6,26.0,1,5.07
2025-12-27 01:43:57.214254,0,2.81,25.8,26.0,1,5.57
2025-12-27 02:43:57.214254,1,2.68,28.9,26.0,1,6.46
2025-12-27 03:43:57.214254,1,2.71,28.4,26.0,1,6.94
2025-12-27 04:43:57.214254,1,2.52,29.1,26.0,1,6.22
2025-12-27 05:43:57.214254,1,2.92,30.2,26.0,1,8.38
2025-12-27 06:43:57.214254,0,2.93,32.1,26.0,1,8.79
2025-12-27 07:43:57.214254,0,2.74,33.8,26.0,1,11.4
2025-12-27 08:43:57.214254,0,2.81,39.5,26.0,1,14.23
2025-12-27 09:43:57.214254,1,2.81,35.5,26.0,1,12.2
2025-12-27 10:43:57.214254,9,2.91,38.1,26.0,1,14.1
2025-12-27 11:43:57.214254,7,2.93,40.5,26.0,1,15.42
2025-12-27 12:43:57.214254,9,2.98,38.4,26.0,1,14.03
2025-12-27 13:43:57.214254,8,2.71,39.2,26.0,1,13.88
2025-12-27 14:43:57.214254,7,2.82,38.3,26.0,1,14.29
2025-12-27 15:43:57.214254,7,2.61,38.2,26.0,1,13.66
2025-12-27 16:43:57.214254,7,2.68,33.6,26.0,1,10.47
2025-12-27 17:43:57.214254,0,2.5,34.4,26.0,1,11.32
2025-12-27 18:43:57.214254,0,2.54,32.4,26.0,1,10.02
2025-12-27 19:43:57.214254,0,2.67,30.4,26.0,1,8.3
2025-12-27 20:43:57.214254,0,2.71,30.0,26.0,1,8.86
2025-12-27 21:43:57.214254,0,2.78,29.1,26.0,1,8.46
2025-12-27 22:43:57.214254,1,2.56,24.7,26.0,1,5.1
2025-12-27 23:43:57.214254,0,2.77,26.6,26.0,1,4.51
2025-12-28 00:43:57.214254,0,2.91,27.9,26.0,1,5.97
2025-12-28 01:43:57.214254,0,2.98,26.6,26.0,1,5.68
2025-12-28 02:43:57.214254,0,2.71,27.6,26.0,1,5.59
2025-12-28 03:43:57.214254,1,2.6,28.5,26.0,1,5.99
2025-12-28 04:43:57.214254,1,2.63,29.9,26.0,1,7.17
2025-12-28 05:43:57.214254,0,2.64,31.5,26.0,1,8.22
2025-12-28 06:43:57.214254,1,2.52,31.9,26.0,1,8.23
2025-12-28 07:43:57.214254,1,2.58,36.0,26.0,1,11.84
2025-12-28 08:43:57.214254,1,2.52,35.9,26.0,1,12.7
2025-12-28 09:43:57.214254,1,2.81,35.4,26.0,1,11.98
2025-12-28 10:43:57.214254,7,2.52,36.8,26.0,1,12.53
2025-12-28 11:43:57.214254,6,2.74,36.3,26.0,1,13.17
2025-12-28 12:43:57.214254,8,2.83,41.1,26.0,1,15.68
2025-12-28 13:43:57.214254,9,2.64,39.1,26.0,1,15.14
2025-12-28 14:43:57.214254,8,2.86,38.4,26.0,1,13.41
2025-12-28 15:43:57.214254,8,2.79,35.8,26.0,1,12.98
2025-12-28 16:43:57.214254,7,2.75,37.3,26.0,1,13.61
2025-12-28 17:43:57.214254,1,2.99,33.8,26.0,1,10.96
2025-12-28 18:43:57.214254,0,2.57,33.6,26.0,1,10.43
2025-12-28 19:43:57.214254,0,2.86,31.5,26.0,1,9.25
2025-12-28 20:43:57.214254,1,2.84,33.5,26.0,1,10.64
2025-12-28 21:43:57.214254,1,2.96,29.2,26.0,1,8.38
2025-12-28 22:43:57.214254,0,2.6,26.3,26.0,1,5.11
2025-12-28 23:43:57.214254,0,2.74,25.8,26.0,1,4.93
2025-12-29 00:43:57.214254,1,2.89,28.8,26.0,0,6.09
2025-12-29 01:43:57.214254,2,2.8,25.3,26.0,0,4.44
2025-12-29 02:43:57.214254,1,2.8,27.3,26.0,0,4.95
2025-12-29 03:43:57.214254,2,2.8,28.4,26.0,0,6.44
2025-12-29 04:43:57.214254,2,2.92,29.0,26.0,0,7.17
2025-12-29 05:43:57.214254,2,2.58,30.2,26.0,0,7.28
2025-12-29 06:43:57.214254,1,2.82,33.1,26.0,0,9.96
2025-12-29 07:43:57.214254,2,2.98,38.8,22.0,0,17.16
2025-12-29 08:43:57.214254,2,6.59,36.9,22.0,0,16.45
2025-12-29 09:43:57.214254,27,8.31,36.0,22.0,0,17.92
2025-12-29 10:43:57.214254,33,8.69,38.3,22.0,0,19.53
2025-12-29 11:43:57.214254,34,6.8,41.4,22.0,0,21.39
2025-12-29 12:43:57.214254,39,6.29,41.4,22.0,0,21.25
2025-12-29 13:43:57.214254,27,8.49,38.3,22.0,0,19.39
2025-12-29 14:43:57.214254,35,7.29,37.6,22.0,0,19.05
2025-12-29 15:43:57.214254,35,7.63,37.7,22.0,0,19.39
2025-12-29 16:43:57.214254,22,7.37,36.9,22.0,0,18.15
2025-12-29 17:43:57.214254,22,6.14,34.1,22.0,0,16.39
2025-12-29 18:43:57.214254,15,8.33,32.9,22.0,0,15.77
2025-12-29 19:43:57.214254,16,2.88,31.6,22.0,0,13.49
2025-12-29 20:43:57.214254,12,2.53,30.2,22.0,0,11.57
2025-12-29 21:43:57.214254,16,2.85,30.5,22.0,0,13.02
2025-12-29 22:43:57.214254,2,2.9,26.1,26.0,0,4.95
2025-12-29 23:43:57.214254,2,2.62,28.7,26.0,0,6.6
2025-12-30 00:43:57.214254,1,2.75,28.0,26.0,0,6.44
2025-12-30 01:43:57.214254,2,2.83,28.2,26.0,0,5.88
2025-12-30 02:43:57.214254,2,2.72,29.5,26.0,0,7.19
2025-12-30 03:43:57.214254,1,2.91,29.7,26.0,0,7.35
2025-12-30 04:43:57.214254,1,2.72,30.1,26.0,0,7.38
2025-12-30 05:43:57.214254,1,2.61,35.0,26.0,0,9.71
2025-12-30 06:43:57.214254,1,2.5,34.3,26.0,0,9.62
2025-12-30 07:43:57.214254,1,2.88,36.2,22.0,0,14.12
2025-12-30 08:43:57.214254,1,8.09,35.9,22.0,0,17.07
2025-12-30 09:43:57.214254,22,7.65,35.9,22.0,0,17.82
2025-12-30 10:43:57.214254,37,6.15,39.4,22.0,0,20.16
2025-12-30 11:43:57.214254,36,6.03,39.6,22.0,0,20.24
2025-12-30 12:43:57.214254,41,6.62,42.2,22.0,0,21.5
2025-12-30 13:43:57.214254,45,7.2,36.3,22.0,0,19.22
2025-12-30 14:43:57.214254,34,8.72,39.6,22.0,0,21.13
2025-12-30 15:43:57.214254,32,6.02,36.4,22.0,0,17.41
2025-12-30 16:43:57.214254,20,8.45,37.7,22.0,0,18.64
2025-12-30 17:43:57.214254,23,8.52,35.2,22.0,0,17.7
2025-12-30 18:43:57.214254,16,7.86,34.7,22.0,0,16.19
2025-12-30 19:43:57.214254,16,2.68,32.4,22.0,0,13.25
2025-12-30 20:43:57.214254,12,2.53,31.1,22.0,0,12.12
2025-12-30 21:43:57.214254,18,2.77,29.9,22.0,0,11.7
2025-12-30 22:43:57.214254,1,2.68,29.1,26.0,0,7.33
2025-12-30 23:43:57.214254,1,2.87,30.7,26.0,0,8.16
2025-12-31 00:43:57.214254,2,2.77,27.0,26.0,0,5.32
2025-12-31 01:43:57.214254,2,2.95,26.0,26.0,0,4.9
2025-12-31 02:43:57.214254,1,2.97,30.1,26.0,0,7.3
2025-12-31 03:43:57.214254,2,2.82,30.1,26.0,0,7.44
2025-12-31 04:43:57.214254,2,2.98,29.4,26.0,0,6.76
2025-12-31 05:43:57.214254,1,2.96,33.8,26.0,0,10.18
2025-12-31 06:43:57.214254,1,2.69,35.6,26.0,0,10.68
2025-12-31 07:43:57.214254,2,2.9,36.4,22.0,0,14.97
2025-12-31 08:43:57.214254,2,8.98,35.0,22.0,0,16.71
2025-12-31 09:43:57.214254,18,8.98,38.7,22.0,0,18.67
2025-12-31 10:43:57.214254,31,8.63,39.1,22.0,0,20.4
2025-12-31 11:43:57.214254,35,8.4,41.5,22.0,0,22.02
2025-12-31 12:43:57.214254,34,8.84,36.9,22.0,0,18.82
2025-12-31 13:43:57.214254,42,7.02,40.3,22.0,0,21.35
2025-12-31 14:43:57.214254,36,8.71,39.3,22.0,0,21.07
2025-12-31 15:43:57.214254,37,8.55,38.2,22.0,0,19.73
2025-12-31 16:43:57.214254,23,8.47,38.2,22.0,0,18.97
2025-12-31 17:43:57.214254,24,8.26,36.1,22.0,0,17.61
2025-12-31 18:43:57.214254,15,8.15,35.9,22.0,0,17.56
2025-12-31 19:43:57.214254,13,2.95,34.1,22.0,0,14.05
2025-12-31 20:43:57.214254,17,2.68,31.0,22.0,0,12.72
2025-12-31 21:43:57.214254,16,2.8,26.9,22.0,0,9.93
2025-12-31 22:43:57.214254,2,2.92,27.8,26.0,0,6.1
2025-12-31 23:43:57.214254,2,2.95,29.5,26.0,0,7.44
2026-01-01 00:43:57.214254,1,2.95,31.2,26.0,0,8.45
2026-01-01 01:43:57.214254,1,2.94,28.8,26.0,0,6.73
2026-01-01 02:43:57.214254,1,2.68,31.0,26.0,0,7.51
2026-01-01 03:43:57.214254,2,2.58,28.6,26.0,0,6.95
2026-01-01 04:43:57.214254,2,2.71,32.9,26.0,0,9.16
2026-01-01 05:43:57.214254,1,2.71,32.1,26.0,0,8.7
2026-01-01 06:43:57.214254,1,2.62,34.1,26.0,0,10.42
2026-01-01 07:43:57.214254,1,2.87,36.1,22.0,0,14.75
2026-01-01 08:43:57.214254,1,7.21,38.7,22.0,0,17.55
2026-01-01 09:43:57.214254,21,7.24,39.4,22.0,0,19.38
2026-01-01 10:43:57.214254,40,8.75,37.4,22.0,0,19.69
2026-01-01 11:43:57.214254,38,8.73,41.2,22.0,0,22.18
2026-01-01 12:43:57.214254,38,7.0,41.5,22.0,0,20.89
2026-01-01 13:43:57.214254,34,6.77,42.2,22.0,0,21.62
2026-01-01 14:43:57.214254,40,8.29,41.9,22.0,0,22.36
2026-01-01 15:43:57.214254,26,6.46,39.7,22.0,0,19.56
2026-01-01 16:43:57.214254,22,7.21,37.2,22.0,0,17.74
2026-01-01 17:43:57.214254,22,8.58,34.0,22.0,0,16.77
2026-01-01 18:43:57.214254,14,8.24,33.0,22.0,0,14.46
2026-01-01 19:43:57.214254,14,2.78,33.8,22.0,0,14.22
2026-01-01 20:43:57.214254,16,2.97,30.0,22.0,0,11.67
2026-01-01 21:43:57.214254,17,2.69,29.8,22.0,0,11.5
2026-01-01 22:43:57.214254,1,2.85,29.4,26.0,0,6.42
2026-01-01 23:43:57.214254,1,2.84,27.7,26.0,0,5.71
2026-01-02 00:43:57.214254,2,2.72,29.7,26.0,0,7.69
2026-01-02 01:43:57.214254,1,2.9,31.5,26.0,0,8.11
2026-01-02 02:43:57.214254,2,2.5,30.2,26.0,0,7.34
2026-01-02 03:43:57.214254,1,2.64,29.4,26.0,0,6.91
2026-01-02 04:43:57.214254,1,2.5,33.2,26.0,0,9.19
2026-01-02 05:43:57.214254,1,2.96,31.9,26.0,0,8.41
2026-01-02 06:43:57.214254,2,2.96,32.4,26.0,0,9.16
2026-01-02 07:43:57.214254,2,2.64,37.3,22.0,0,15.83
2026-01-02 08:43:57.214254,2,7.2,38.1,22.0,0,17.46
2026-01-02 09:43:57.214254,26,6.91,39.6,22.0,0,20.32
2026-01-02 10:43:57.214254,34,7.52,43.5,22.0,0,21.72
2026-01-02 11:43:57.214254,33,8.57,37.9,22.0,0,19.75
2026-01-02 12:43:57.214254,37,7.2,40.6,22.0,0,21.42
2026-01-02 13:43:57.214254,28,8.7,39.5,22.0,0,20.52
2026-01-02 14:43:57.214254,37,8.6,39.2,22.0,0,20.41
2026-01-02 15:43:57.214254,36,6.3,37.6,22.0,0,18.75
2026-01-02 16:43:57.214254,22,7.14,39.9,22.0,0,19.55
2026-01-02 17:43:57.214254,22,6.47,34.3,22.0,0,15.94
2026-01-02 18:43:57.214254,12,7.24,36.2,22.0,0,16.95
2026-01-02 19:43:57.214254,14,2.73,33.7,22.0,0,13.87
2026-01-02 20:43:57.214254,16,2.74,31.0,22.0,0,12.81
2026-01-02 21:43:57.214254,16,2.8,28.9,22.0,0,11.23
2026-01-02 22:43:57.214254,1,2.83,31.0,26.0,0,8.05
2026-01-02 23:43:57.214254,1,2.89,29.3,26.0,0,7.45
2026-01-03 00:43:57.214254,0,2.53,30.6,26.0,1,7.23
2026-01-03 01:43:57.214254,0,2.77,31.6,26.0,1,7.81
2026-01-03 02:43:57.214254,0,2.92,28.1,26.0,1,6.73
2026-01-03 03:43:57.214254,0,2.56,31.1,26.0,1,8.03
2026-01-03 04:43:57.214254,1,2.83,35.3,26.0,1,10.71
2026-01-03 05:43:57.214254,0,2.58,32.1,26.0,1,9.4
2026-01-03 06:43:57.214254,1,2.66,34.5,26.0,1,9.84
2026-01-03 07:43:57.214254,1,2.82,34.2,26.0,1,11.35
2026-01-03 08:43:57.214254,0,2.78,37.4,26.0,1,12.87
2026-01-03 09:43:57.214254,1,2.91,36.1,26.0,1,11.59
2026-01-03 10:43:57.214254,7,2.93,40.3,26.0,1,15.55
2026-01-03 11:43:57.214254,7,2.76,42.8,26.0,1,16.27
2026-01-03 12:43:57.214254,7,2.84,40.8,26.0,1,14.89
2026-01-03 13:43:57.214254,6,2.97,39.6,26.0,1,14.05
2026-01-03 14:43:57.214254,8,3.0,37.6,26.0,1,13.13
2026-01-03 15:43:57.214254,6,2.73,40.1,26.0,1,14.98
2026-01-03 16:43:57.214254,8,2.65,38.4,26.0,1,13.64
2026-01-03 17:43:57.214254,0,2.8,38.7,26.0,1,13.72
2026-01-03 18:43:57.214254,0,2.91,33.0,26.0,1,10.04
2026-01-03 19:43:57.214254,1,2.84,35.7,26.0,1,12.87
2026-01-03 20:43:57.214254,0,2.69,33.6,26.0,1,10.83
2026-01-03 21:43:57.214254,1,2.78,29.0,26.0,1,7.44
2026-01-03 22:43:57.214254,1,2.99,30.9,26.0,1,7.8
2026-01-03 23:43:57.214254,0,2.85,30.5,26.0,1,7.27
2026-01-04 00:43:57.214254,1,2.86,29.2,26.0,1,6.48
2026-01-04 01:43:57.214254,1,2.63,28.3,26.0,1,6.95
2026-01-04 02:43:57.214254,1,2.96,32.8,26.0,1,9.75
2026-01-04 03:43:57.214254,0,2.53,29.6,26.0,1,6.97
2026-01-04 04:43:57.214254,1,2.84,31.1,26.0,1,8.84
2026-01-04 05:43:57.214254,0,2.92,32.9,26.0,1,9.08
2026-01-04 06:43:57.214254,0,2.8,37.1,26.0,1,11.75
2026-01-04 07:43:57.214254,0,2.51,35.7,26.0,1,12.37
2026-01-04 08:43:57.214254,1,2.74,39.0,26.0,1,13.47
2026-01-04 09:43:57.214254,0,3.0,42.3,26.0,1,16.3
2026-01-04 10:43:57.214254,6,2.69,40.1,26.0,1,15.05
2026-01-04 11:43:57.214254,8,2.58,41.9,26.0,1,15.8
2026-01-04 12:43:57.214254,9,2.85,43.3,26.0,1,16.84
2026-01-04 13:43:57.214254,7,2.64,36.6,26.0,1,12.61
2026-01-04 14:43:57.214254,7,2.82,43.0,26.0,1,17.13
2026-01-04 15:43:57.214254,6,2.59,42.3,26.0,1,16.09
2026-01-04 16:43:57.214254,9,2.98,38.7,26.0,1,14.75
2026-01-04 17:43:57.214254,1,2.73,36.7,26.0,1,12.2
2026-01-04 18:43:57.214254,1,2.93,38.2,26.0,1,14.04
2026-01-04 19:43:57.214254,0,2.89,33.9,26.0,1,11.61
2026-01-04 20:43:57.214254,1,2.89,32.3,26.0,1,10.31
2026-01-04 21:43:57.214254,1,2.51,30.8,26.0,1,9.3
2026-01-04 22:43:57.214254,0,2.52,27.2,26.0,1,5.48
2026-01-04 23:43:57.214254,0,2.65,30.1,26.0,1,7.41
2026-01-05 00:43:57.214254,1,2.66,29.0,26.0,0,7.07
2026-01-05 01:43:57.214254,2,2.73,29.8,26.0,0,7.2
2026-01-05 02:43:57.214254,2,2.6,30.2,26.0,0,6.69
2026-01-05 03:43:57.214254,1,2.83,32.4,26.0,0,9.06
2026-01-05 04:43:57.214254,2,2.78,33.2,26.0,0,9.38
2026-01-05 05:43:57.214254,1,2.9,35.5,26.0,0,11.05
2026-01-05 06:43:57.214254,2,2.73,37.3,26.0,0,11.49
2026-01-05 07:43:57.214254,1,2.51,41.1,22.0,0,17.72
2026-01-05 08:43:57.214254,1,6.96,36.3,22.0,0,16.15
2026-01-05 09:43:57.214254,23,8.87,38.3,22.0,0,19.76
2026-01-05 10:43:57.214254,37,8.88,42.3,22.0,0,21.98
2026-01-05 11:43:57.214254,42,8.96,40.0,22.0,0,21.65
2026-01-05 12:43:57.214254,33,7.02,42.9,22.0,0,22.67
2026-01-05 13:43:57.214254,35,7.13,43.9,22.0,0,22.84
2026-01-05 14:43:57.214254,41,8.01,41.7,22.0,0,21.91
2026-01-05 15:43:57.214254,29,6.23,39.3,22.0,0,19.24
2026-01-05 16:43:57.214254,19,6.08,36.8,22.0,0,17.71
2026-01-05 17:43:57.214254,22,7.94,36.2,22.0,0,17.05
2026-01-05 18:43:57.214254,13,6.58,35.4,22.0,0,16.78
2026-01-05 19:43:57.214254,17,2.9,32.7,22.0,0,14.16
2026-01-05 20:43:57.214254,16,2.89,31.9,22.0,0,12.75
2026-01-05 21:43:57.214254,11,2.78,32.8,22.0,0,13.59
2026-01-05 22:43:57.214254,1,2.72,26.7,26.0,0,5.41
2026-01-05 23:43:57.214254,2,2.79,29.9,26.0,0,7.17
2026-01-06 00:43:57.214254,1,2.59,29.5,26.0,0,7.07
2026-01-06 01:43:57.214254,2,2.79,31.5,26.0,0,7.41
2026-01-06 02:43:57.214254,1,2.98,31.0,26.0,0,8.04
2026-01-06 03:43:57.214254,1,2.86,32.6,26.0,0,8.57
2026-01-06 04:43:57.214254,1,2.56,34.3,26.0,0,9.2
2026-01-06 05:43:57.214254,1,2.51,33.8,26.0,0,9.4
2026-01-06 06:43:57.214254,1,2.6,35.2,26.0,0,10.39
2026-01-06 07:43:57.214254,1,2.88,40.4,22.0,0,16.92
2026-01-06 08:43:57.214254,1,6.71,37.8,22.0,0,17.3
2026-01-06 09:43:57.214254,18,8.07,40.5,22.0,0,20.31
2026-01-06 10:43:57.214254,37,7.09,40.0,22.0,0,20.16
2026-01-06 11:43:57.214254,35,8.02,41.4,22.0,0,21.47
2026-01-06 12:43:57.214254,33,6.68,41.1,22.0,0,20.66
2026-01-06 13:43:57.214254,25,6.12,41.3,22.0,0,20.15
2026-01-06 14:43:57.214254,28,8.64,42.5,22.0,0,22.32
2026-01-06 15:43:57.214254,37,7.82,34.8,22.0,0,17.29
2026-01-06 16:43:57.214254,23,6.07,40.1,22.0,0,19.56
2026-01-06 17:43:57.214254,17,6.7,38.8,22.0,0,18.37
2026-01-06 18:43:57.214254,14,6.8,35.4,22.0,0,16.35
2026-01-06 19:43:57.214254,17,2.56,37.2,22.0,0,15.47
2026-01-06 20:43:57.214254,14,2.61,32.1,22.0,0,13.49
2026-01-06 21:43:57.214254,15,2.72,31.0,22.0,0,12.75
2026-01-06 22:43:57.214254,2,2.69,31.2,26.0,0,7.97
2026-01-06 23:43:57.214254,2,2.67,30.0,26.0,0,7.82
2026-01-07 00:43:57.214254,2,2.5,28.7,26.0,0,6.46
2026-01-07 01:43:57.214254,2,2.57,32.4,26.0,0,8.59
2026-01-07 02:43:57.214254,1,2.88,31.1,26.0,0,8.23
2026-01-07 03:43:57.214254,2,2.72,33.6,26.0,0,9.72
2026-01-07 04:43:57.214254,2,2.92,32.1,26.0,0,8.88
2026-01-07 05:43:57.214254,1,2.92,32.3,26.0,0,8.6
2026-01-07 06:43:57.214254,1,2.7,35.7,26.0,0,10.87
2026-01-07 07:43:57.214254,1,2.74,34.0,22.0,0,13.0
2026-01-07 08:43:57.214254,1,8.62,42.4,22.0,0,20.38
2026-01-07 09:43:57.214254,20,6.5,39.6,22.0,0,18.95
2026-01-07 10:43:57.214254,40,7.04,40.3,22.0,0,20.25
2026-01-07 11:43:57.214254,42,7.69,39.0,22.0,0,20.38
2026-01-07 12:43:57.214254,36,6.62,41.1,22.0,0,21.65
2026-01-07 13:43:57.214254,32,7.8,43.3,22.0,0,22.43
2026-01-07 14:43:57.214254,34,8.74,41.6,22.0,0,21.83
2026-01-07 15:43:57.214254,31,7.18,43.2,22.0,0,21.97
2026-01-07 16:43:57.214254,20,6.68,40.5,22.0,0,19.35
2026-01-07 17:43:57.214254,20,7.94,35.7,22.0,0,17.64
2026-01-07 18:43:57.214254,15,7.69,36.4,22.0,0,17.77
2026-01-07 19:43:57.214254,17,2.92,34.9,22.0,0,15.33
2026-01-07 20:43:57.214254,17,2.68,33.2,22.0,0,13.94
2026-01-07 21:43:57.214254,15,2.74,32.0,22.0,0,12.27
2026-01-07 22:43:57.214254,1,2.78,30.5,26.0,0,8.2
2026-01-07 23:43:57.214254,1,2.7,31.3,26.0,0,8.37
2026-01-08 00:43:57.214254,1,2.55,28.9,26.0,0,6.48
2026-01-08 01:43:57.214254,1,2.92,32.3,26.0,0,8.68
2026-01-08 02:43:57.214254,1,2.61,31.2,26.0,0,8.56
2026-01-08 03:43:57.214254,1,2.62,29.5,26.0,0,6.7
2026-01-08 04:43:57.214254,2,2.64,31.8,26.0,0,8.97
2026-01-08 05:43:57.214254,1,2.62,34.9,26.0,0,10.69
2026-01-08 06:43:57.214254,1,2.86,36.3,26.0,0,11.55
2026-01-08 07:43:57.214254,2,2.63,38.9,22.0,0,15.8
2026-01-08 08:43:57.214254,2,8.82,38.5,22.0,0,18.8
2026-01-08 09:43:57.214254,19,6.04,39.0,22.0,0,18.95
2026-01-08 10:43:57.214254,34,8.3,38.1,22.0,0,19.09
2026-01-08 11:43:57.214254,34,8.74,39.1,22.0,0,20.53
2026-01-08 12:43:57.214254,29,8.59,42.7,22.0,0,22.09
2026-01-08 13:43:57.214254,34,8.69,41.1,22.0,0,21.98
2026-01-08 14:43:57.214254,32,8.91,39.3,22.0,0,20.07
2026-01-08 15:43:57.214254,37,8.17,38.3,22.0,0,20.13
2026-01-08 16:43:57.214254,23,7.84,38.4,22.0,0,19.25
2026-01-08 17:43:57.214254,23,6.55,38.0,22.0,0,18.73
2026-01-08 18:43:57.214254,11,8.85,36.5,22.0,0,17.44
2026-01-08 19:43:57.214254,12,2.86,34.1,22.0,0,14.16
2026-01-08 20:43:57.214254,12,2.5,32.6,22.0,0,12.99
2026-01-08 21:43:57.214254,11,2.9,34.4,22.0,0,13.43
2026-01-08 22:43:57.214254,1,2.59,28.3,26.0,0,6.56
2026-01-08 23:43:57.214254,2,2.9,30.5,26.0,0,7.78
2026-01-09 00:43:57.214254,2,2.64,28.8,26.0,0,6.7
2026-01-09 01:43:57.214254,1,2.59,28.6,26.0,0,5.93
2026-01-09 02:43:57.214254,1,2.82,30.5,26.0,0,7.9
2026-01-09 03:43:57.214254,1,2.74,31.5,26.0,0,7.91
2026-01-09 04:43:57.214254,1,2.97,34.1,26.0,0,10.34
2026-01-09 05:43:57.214254,2,2.86,33.1,26.0,0,9.17
2026-01-09 06:43:57.214254,1,2.82,35.4,26.0,0,11.27
2026-01-09 07:43:57.214254,2,2.74,37.8,22.0,0,15.93
2026-01-09 08:43:57.214254,1,6.4,40.8,22.0,0,18.68
2026-01-09 09:43:57.214254,25,8.52,38.3,22.0,0,19.49
2026-01-09 10:43:57.214254,32,6.49,40.0,22.0,0,20.25
2026-01-09 11:43:57.214254,40,6.95,41.3,22.0,0,21.99
2026-01-09 12:43:57.214254,40,6.96,42.9,22.0,0,21.76
2026-01-09 13:43:57.214254,31,7.87,40.9,22.0,0,20.4
2026-01-09 14:43:57.214254,29,7.87,39.3,22.0,0,20.14
2026-01-09 15:43:57.214254,38,7.47,38.2,22.0,0,20.27
2026-01-09 16:43:57.214254,23,7.71,40.0,22.0,0,19.61
2026-01-09 17:43:57.214254,21,7.43,36.5,22.0,0,18.25
2026-01-09 18:43:57.214254,13,6.14,38.0,22.0,0,17.74
2026-01-09 19:43:57.214254,14,2.85,33.0,22.0,0,12.85
2026-01-09 20:43:57.214254,17,2.6,32.4,22.0,0,12.4
2026-01-09 21:43:57.214254,13,2.88,31.5,22.0,0,12.32
2026-01-09 22:43:57.214254,2,2.99,30.1,26.0,0,8.08
2026-01-09 23:43:57.214254,1,2.75,31.7,26.0,0,7.98
2026-01-10 00:43:57.214254,0,2.71,29.9,26.0,1,7.61
2026-01-10 01:43:57.214254,0,2.55,27.8,26.0,1,5.73
2026-01-10 02:43:57.214254,0,2.77,31.4,26.0,1,8.38
2026-01-10 03:43:57.214254,1,2.65,31.8,26.0,1,8.47
2026-01-10 04:43:57.214254,0,2.9,34.1,26.0,1,10.04
2026-01-10 05:43:57.214254,0,2.55,33.7,26.0,1,9.54
2026-01-10 06:43:57.214254,1,2.9,35.1,26.0,1,10.15
2026-01-10 07:43:57.214254,1,2.81,37.3,26.0,1,12.8
2026-01-10 08:43:57.214254,1,2.95,38.5,26.0,1,14.5
2026-01-10 09:43:57.214254,1,2.88,39.7,26.0,1,14.09
2026-01-10 10:43:57.214254,8,2.63,38.7,26.0,1,14.42
2026-01-10 11:43:57.214254,8,2.97,43.7,26.0,1,16.48
2026-01-10 12:43:57.214254,7,2.77,41.3,26.0,1,15.61
2026-01-10 13:43:57.214254,8,2.74,43.2,26.0,1,16.12
2026-01-10 14:43:57.214254,8,2.7,40.3,26.0,1,15.07
2026-01-10 15:43:57.214254,8,2.73,39.7,26.0,1,14.29
2026-01-10 16:43:57.214254,6,2.52,42.5,26.0,1,16.36
2026-01-10 17:43:57.214254,0,2.79,38.4,26.0,1,13.78
2026-01-10 18:43:57.214254,1,2.92,34.2,26.0,1,10.26
2026-01-10 19:43:57.214254,0,2.85,35.0,26.0,1,11.65
2026-01-10 20:43:57.214254,1,2.97,31.8,26.0,1,8.8
2026-01-10 21:43:57.214254,0,2.67,31.9,26.0,1,9.56
2026-01-10 22:43:57.214254,1,2.54,29.3,26.0,1,6.73
2026-01-10 23:43:57.214254,1,2.51,26.8,26.0,1,5.34
2026-01-11 00:43:57.214254,0,2.72,30.9,26.0,1,7.63
2026-01-11 01:43:57.214254,0,2.82,27.3,26.0,1,5.15
2026-01-11 02:43:57.214254,0,2.52,28.4,26.0,1,5.85
2026-01-11 03:43:57.214254,0,2.53,32.3,26.0,1,7.82
2026-01-11 04:43:57.214254,0,2.9,34.9,26.0,1,10.53
2026-01-11 05:43:57.214254,1,2.92,34.5,26.0,1,9.59
2026-01-11 06:43:57.214254,1,2.87,34.4,26.0,1,9.93
2026-01-11 07:43:57.214254,0,2.58,39.0,26.0,1,14.36
2026-01-11 08:43:57.214254,1,2.66,41.5,26.0,1,14.85
2026-01-11 09:43:57.214254,0,2.68,38.4,26.0,1,12.93
2026-01-11 10:43:57.214254,10,2.8,37.8,26.0,1,14.03
2026-01-11 11:43:57.214254,7,2.99,43.4,26.0,1,16.8
2026-01-11 12:43:57.214254,9,2.79,40.7,26.0,1,14.67
2026-01-11 13:43:57.214254,7,2.59,39.6,26.0,1,13.79
2026-01-11 14:43:57.214254,6,2.73,41.7,26.0,1,15.35
2026-01-11 15:43:57.214254,8,2.85,39.2,26.0,1,14.69
2026-01-11 16:43:57.214254,8,2.53,38.8,26.0,1,14.21
2026-01-11 17:43:57.214254,0,2.75,39.3,26.0,1,14.1
2026-01-11 18:43:57.214254,0,2.69,38.6,26.0,1,13.47
2026-01-11 19:43:57.214254,1,2.6,36.9,26.0,1,12.71
2026-01-11 20:43:57.214254,0,2.81,31.5,26.0,1,10.03
2026-01-11 21:43:57.214254,0,2.71,33.8,26.0,1,10.56
2026-01-11 22:43:57.214254,1,2.53,31.2,26.0,1,8.08
2026-01-11 23:43:57.214254,1,2.74,29.5,26.0,1,6.48
2026-01-12 00:43:57.214254,1,2.88,29.1,26.0,0,6.42
2026-01-12 01:43:57.214254,1,2.67,32.7,26.0,0,8.64
2026-01-12 02:43:57.214254,2,2.96,32.4,26.0,0,8.63
2026-01-12 03:43:57.214254,2,2.53,29.9,26.0,0,7.05
2026-01-12 04:43:57.214254,1,2.74,32.7,26.0,0,8.59
2026-01-12 05:43:57.214254,2,2.54,33.3,26.0,0,8.77
2026-01-12 06:43:57.214254,2,2.74,36.7,26.0,0,11.07
2026-01-12 07:43:57.214254,2,2.99,38.6,22.0,0,16.26
2026-01-12 08:43:57.214254,2,7.29,40.8,22.0,0,19.1
2026-01-12 09:43:57.214254,19,8.58,39.2,22.0,0,19.18
2026-01-12 10:43:57.214254,32,7.77,40.3,22.0,0,20.09
2026-01-12 11:43:57.214254,31,7.83,44.1,22.0,0,22.67
2026-01-12 12:43:57.214254,35,8.66,40.7,22.0,0,22.02
2026-01-12 13:43:57.214254,31,8.82,42.5,22.0,0,23.02
2026-01-12 14:43:57.214254,37,7.71,39.1,22.0,0,19.97
2026-01-12 15:43:57.214254,30,7.1,39.6,22.0,0,19.92
2026-01-12 16:43:57.214254,20,7.79,37.8,22.0,0,18.02
2026-01-12 17:43:57.214254,19,8.78,35.8,22.0,0,17.91
2026-01-12 18:43:57.214254,15,6.68,33.6,22.0,0,14.87
2026-01-12 19:43:57.214254,14,2.6,34.0,22.0,0,14.17
2026-01-12 20:43:57.214254,16,2.72,33.0,22.0,0,13.26
2026-01-12 21:43:57.214254,16,2.59,30.0,22.0,0,11.99
2026-01-12 22:43:57.214254,1,2.57,28.5,26.0,0,6.66
2026-01-12 23:43:57.214254,2,2.7,31.5,26.0,0,8.69
2026-01-13 00:43:57.214254,1,2.57,27.5,26.0,0,5.59
2026-01-13 01:43:57.214254,1,2.82,30.7,26.0,0,7.85
2026-01-13 02:43:57.214254,2,2.71,31.0,26.0,0,7.67
2026-01-13 03:43:57.214254,2,2.76,28.6,26.0,0,6.33
2026-01-13 04:43:57.214254,2,2.63,30.4,26.0,0,7.28
2026-01-13 05:43:57.214254,2,2.79,30.4,26.0,0,7.86
2026-01-13 06:43:57.214254,1,2.94,33.5,26.0,0,9.07
2026-01-13 07:43:57.214254,1,2.56,37.5,22.0,0,15.27
2026-01-13 08:43:57.214254,2,6.52,37.8,22.0,0,16.81
2026-01-13 09:43:57.214254,25,7.38,37.7,22.0,0,18.21
2026-01-13 10:43:57.214254,29,8.28,42.4,22.0,0,22.65
2026-01-13 11:43:57.214254,41,6.58,41.6,22.0,0,21.93
2026-01-13 12:43:57.214254,31,8.22,44.1,22.0,0,22.88
2026-01-13 13:43:57.214254,33,7.79,38.4,22.0,0,19.83
2026-01-13 14:43:57.214254,37,8.0,39.4,22.0,0,20.77
2026-01-13 15:43:57.214254,35,8.05,37.8,22.0,0,19.22
2026-01-13 16:43:57.214254,20,7.85,38.1,22.0,0,18.64
2026-01-13 17:43:57.214254,20,6.27,39.9,22.0,0,19.58
2026-01-13 18:43:57.214254,16,8.49,35.3,22.0,0,17.05
2026-01-13 19:43:57.214254,14,2.88,33.5,22.0,0,12.99
2026-01-13 20:43:57.214254,12,2.88,30.1,22.0,0,11.35
2026-01-13 21:43:57.214254,17,2.72,31.2,22.0,0,12.91
2026-01-13 22:43:57.214254,2,2.62,32.4,26.0,0,7.67
2026-01-13 23:43:57.214254,1,2.78,30.5,26.0,0,8.29
2026-01-14 00:43:57.214254,1,2.7,29.3,26.0,0,7.65
2026-01-14 01:43:57.214254,1,2.71,29.5,26.0,0,6.55
2026-01-14 02:43:57.214254,2,2.76,30.1,26.0,0,7.65
2026-01-14 03:43:57.214254,2,2.85,32.1,26.0,0,8.64
2026-01-14 04:43:57.214254,1,2.8,29.8,26.0,0,7.14
2026-01-14 05:43:57.214254,1,2.7,34.5,26.0,0,9.22
2026-01-14 06:43:57.214254,1,2.87,33.6,26.0,0,8.6
2026-01-14 07:43:57.214254,1,2.66,38.1,22.0,0,15.27
2026-01-14 08:43:57.214254,2,7.99,38.6,22.0,0,18.49
2026-01-14 09:43:57.214254,23,6.82,39.4,22.0,0,20.14
2026-01-14 10:43:57.214254,32,8.69,41.9,22.0,0,22.14
2026-01-14 11:43:57.214254,32,7.65,40.2,22.0,0,20.79
2026-01-14 12:43:57.214254,41,6.48,42.6,22.0,0,22.69
2026-01-14 13:43:57.214254,37,7.9,39.3,22.0,0,20.74
2026-01-14 14:43:57.214254,29,6.28,40.1,22.0,0,20.23
2026-01-14 15:43:57.214254,33,6.28,40.2,22.0,0,20.5
2026-01-14 16:43:57.214254,19,6.9,38.5,22.0,0,18.55
2026-01-14 17:43:57.214254,22,8.7,34.7,22.0,0,17.13
2026-01-14 18:43:57.214254,12,6.77,36.5,22.0,0,17.02
2026-01-14 19:43:57.214254,16,2.73,33.2,22.0,0,13.26
2026-01-14 20:43:57.214254,13,2.6,33.9,22.0,0,13.49
2026-01-14 21:43:57.214254,12,2.98,30.3,22.0,0,11.56
2026-01-14 22:43:57.214254,1,2.98,29.9,26.0,0,7.67
2026-01-14 23:43:57.214254,1,2.95,26.3,26.0,0,5.46
2026-01-15 00:43:57.214254,2,2.89,27.5,26.0,0,5.93
2026-01-15 01:43:57.214254,2,2.91,31.9,26.0,0,8.2
2026-01-15 02:43:57.214254,2,2.51,26.8,26.0,0,5.28
2026-01-15 03:43:57.214254,2,2.56,30.8,26.0,0,8.09
2026-01-15 04:43:57.214254,2,2.61,27.7,26.0,0,5.81
2026-01-15 05:43:57.214254,1,2.84,34.1,26.0,0,9.25
2026-01-15 06:43:57.214254,2,2.55,34.1,26.0,0,9.2
2026-01-15 07:43:57.214254,1,2.88,33.2,22.0,0,12.18
2026-01-15 08:43:57.214254,1,8.71,35.1,22.0,0,16.24
2026-01-15 09:43:57.214254,26,8.91,39.5,22.0,0,20.84
2026-01-15 10:43:57.214254,29,8.28,40.5,22.0,0,20.87
2026-01-15 11:43:57.214254,35,6.58,40.3,22.0,0,20.76
2026-01-15 12:43:57.214254,38,8.16,41.3,22.0,0,21.85
2026-01-15 13:43:57.214254,46,7.64,38.8,22.0,0,19.98
2026-01-15 14:43:57.214254,39,7.3,40.3,22.0,0,20.58
2026-01-15 15:43:57.214254,28,7.83,38.8,22.0,0,19.44
2026-01-15 16:43:57.214254,19,8.97,35.2,22.0,0,17.31
2026-01-15 17:43:57.214254,14,8.55,36.4,22.0,0,17.4
2026-01-15 18:43:57.214254,11,7.45,34.9,22.0,0,15.96
2026-01-15 19:43:57.214254,15,2.83,33.8,22.0,0,14.92
2026-01-15 20:43:57.214254,14,2.73,33.3,22.0,0,13.49
2026-01-15 21:43:57.214254,19,2.82,31.8,22.0,0,13.3
2026-01-15 22:43:57.214254,2,2.92,30.4,26.0,0,7.33
2026-01-15 23:43:57.214254,1,2.77,27.9,26.0,0,5.59
2026-01-16 00:43:57.214254,1,2.76,27.7,26.0,0,5.57
2026-01-16 01:43:57.214254,2,2.91,28.2,26.0,0,5.99
2026-01-16 02:43:57.214254,1,2.59,28.3,26.0,0,6.5
2026-01-16 03:43:57.214254,2,2.91,27.8,26.0,0,5.93
2026-01-16 04:43:57.214254,2,2.52,31.3,26.0,0,8.4
2026-01-16 05:43:57.214254,2,2.69,33.6,26.0,0,9.67
2026-01-16 06:43:57.214254,1,2.84,34.4,26.0,0,9.66
2026-01-16 07:43:57.214254,1,2.89,35.6,22.0,0,14.37
2026-01-16 08:43:57.214254,1,7.81,38.3,22.0,0,18.4
2026-01-16 09:43:57.214254,19,6.81,40.3,22.0,0,20.18
2026-01-16 10:43:57.214254,31,6.27,40.6,22.0,0,20.56
2026-01-16 11:43:57.214254,38,7.71,43.0,22.0,0,22.53
2026-01-16 12:43:57.214254,37,6.51,39.2,22.0,0,19.59
2026-01-16 13:43:57.214254,28,6.06,41.3,22.0,0,20.16
2026-01-16 14:43:57.214254,38,8.55,41.5,22.0,0,21.69
2026-01-16 15:43:57.214254,26,6.61,36.1,22.0,0,17.7
2026-01-16 16:43:57.214254,24,7.42,35.7,22.0,0,17.51
2026-01-16 17:43:57.214254,23,8.5,38.3,22.0,0,19.5
2026-01-16 18:43:57.214254,17,7.43,34.9,22.0,0,16.21
2026-01-16 19:43:57.214254,17,2.79,33.1,22.0,0,13.36
2026-01-16 20:43:57.214254,17,2.77,29.8,22.0,0,12.02
2026-01-16 21:43:57.214254,15,2.87,28.4,22.0,0,10.8
2026-01-16 22:43:57.214254,2,2.52,29.3,26.0,0,7.71
2026-01-16 23:43:57.214254,2,2.99,28.7,26.0,0,7.1
2026-01-17 00:43:57.214254,0,2.81,27.3,26.0,1,5.02
2026-01-17 01:43:57.214254,0,2.79,29.0,26.0,1,6.53
2026-01-17 02:43:57.214254,1,2.75,27.8,26.0,1,5.23
2026-01-17 03:43:57.214254,1,2.71,28.1,26.0,1,6.69
2026-01-17 04:43:57.214254,0,3.0,31.7,26.0,1,8.56
2026-01-17 05:43:57.214254,0,2.78,32.0,26.0,1,8.49
2026-01-17 06:43:57.214254,0,2.82,33.3,26.0,1,8.85
2026-01-17 07:43:57.214254,1,2.53,34.7,26.0,1,11.39
2026-01-17 08:43:57.214254,0,2.82,36.1,26.0,1,12.53
2026-01-17 09:43:57.214254,1,2.97,38.1,26.0,1,13.68
2026-01-17 10:43:57.214254,8,2.9,36.9,26.0,1,12.92
2026-01-17 11:43:57.214254,7,2.56,40.7,26.0,1,15.54
2026-01-17 12:43:57.214254,8,2.73,36.9,26.0,1,13.9
2026-01-17 13:43:57.214254,10,2.82,38.5,26.0,1,15.06
2026-01-17 14:43:57.214254,7,2.58,37.9,26.0,1,13.42
2026-01-17 15:43:57.214254,9,2.83,40.1,26.0,1,14.96
2026-01-17 16:43:57.214254,7,2.88,35.1,26.0,1,11.6
2026-01-17 17:43:57.214254,0,2.57,35.4,26.0,1,12.35
2026-01-17 18:43:57.214254,0,2.73,34.2,26.0,1,11.33
2026-01-17 19:43:57.214254,0,2.94,31.8,26.0,1,10.08
2026-01-17 20:43:57.214254,0,2.52,31.6,26.0,1,9.62
2026-01-17 21:43:57.214254,1,2.85,28.1,26.0,1,7.35
2026-01-17 22:43:57.214254,1,2.67,28.3,26.0,1,5.87
2026-01-17 23:43:57.214254,1,2.73,27.0,26.0,1,5.05
2026-01-18 00:43:57.214254,0,2.73,28.6,26.0,1,6.8
2026-01-18 01:43:57.214254,1,2.54,28.3,26.0,1,6.35
2026-01-18 02:43:57.214254,1,2.72,29.3,26.0,1,6.7
2026-01-18 03:43:57.214254,0,2.83,29.5,26.0,1,7.3
2026-01-18 04:43:57.214254,1,2.65,30.2,26.0,1,8.0
2026-01-18 05:43:57.214254,1,2.8,30.3,26.0,1,7.61
2026-01-18 06:43:57.214254,0,2.6,31.8,26.0,1,8.14
2026-01-18 07:43:57.214254,0,2.69,36.0,26.0,1,12.18
2026-01-18 08:43:57.214254,0,2.89,34.0,26.0,1,10.91
2026-01-18 09:43:57.214254,1,2.61,37.7,26.0,1,13.56
2026-01-18 10:43:57.214254,7,2.98,39.7,26.0,1,14.86
2026-01-18 11:43:57.214254,9,2.99,39.4,26.0,1,14.3
2026-01-18 12:43:57.214254,9,2.99,40.1,26.0,1,15.62
2026-01-18 13:43:57.214254,6,2.5,42.4,26.0,1,16.03
2026-01-18 14:43:57.214254,7,2.77,37.5,26.0,1,13.92
2026-01-18 15:43:57.214254,7,2.62,35.7,26.0,1,13.29
2026-01-18 16:43:57.214254,7,2.77,37.0,26.0,1,13.46
2026-01-18 17:43:57.214254,1,2.64,32.9,26.0,1,10.04
2026-01-18 18:43:57.214254,0,2.74,34.2,26.0,1,11.47
2026-01-18 19:43:57.214254,0,2.83,31.7,26.0,1,9.88
2026-01-18 20:43:57.214254,1,2.68,31.6,26.0,1,9.07
2026-01-18 21:43:57.214254,1,2.6,28.6,26.0,1,8.11
2026-01-18 22:43:57.214254,1,2.73,25.8,26.0,1,5.3
2026-01-18 23:43:57.214254,0,2.75,28.6,26.0,1,6.36
2026-01-19 00:43:57.214254,1,2.71,29.2,26.0,0,7.23
2026-01-19 01:43:57.214254,2,2.76,27.8,26.0,0,5.58
2026-01-19 02:43:57.214254,2,2.9,29.0,26.0,0,6.69
2026-01-19 03:43:57.214254,1,2.8,29.7,26.0,0,7.3
2026-01-19 04:43:57.214254,1,2.79,30.0,26.0,0,7.46
2026-01-19 05:43:57.214254,2,2.61,31.9,26.0,0,8.79
2026-01-19 06:43:57.214254,1,2.62,35.0,26.0,0,9.8
2026-01-19 07:43:57.214254,2,2.99,35.2,22.0,0,14.44
2026-01-19 08:43:57.214254,2,6.98,32.7,22.0,0,14.05
2026-01-19 09:43:57.214254,26,6.58,40.7,22.0,0,20.5
2026-01-19 10:43:57.214254,38,7.95,41.1,22.0,0,21.01
2026-01-19 11:43:57.214254,27,8.24,38.8,22.0,0,19.69
2026-01-19 12:43:57.214254,32,8.22,39.1,22.0,0,19.33
2026-01-19 13:43:57.214254,37,8.35,37.9,22.0,0,20.28
2026-01-19 14:43:57.214254,38,8.26,36.4,22.0,0,18.96
2026-01-19 15:43:57.214254,35,8.36,38.5,22.0,0,20.11
2026-01-19 16:43:57.214254,21,6.74,35.6,22.0,0,16.27
2026-01-19 17:43:57.214254,23,8.92,34.6,22.0,0,17.04
2026-01-19 18:43:57.214254,18,6.16,33.6,22.0,0,15.54
2026-01-19 19:43:57.214254,17,2.83,31.6,22.0,0,12.91
2026-01-19 20:43:57.214254,14,2.93,29.2,22.0,0,12.05
2026-01-19 21:43:57.214254,16,2.85,25.9,22.0,0,9.01
2026-01-19 22:43:57.214254,2,2.71,31.8,26.0,0,7.82
2026-01-19 23:43:57.214254,2,2.62,26.6,26.0,0,5.58
2026-01-20 00:43:57.214254,1,2.62,25.3,26.0,0,5.19
2026-01-20 01:43:57.214254,2,2.63,25.1,26.0,0,4.2
2026-01-20 02:43:57.214254,2,2.76,27.9,26.0,0,6.26
2026-01-20 03:43:57.214254,1,2.64,29.1,26.0,0,6.94
2026-01-20 04:43:57.214254,1,2.97,26.6,26.0,0,5.72
2026-01-20 05:43:57.214254,2,2.52,31.0,26.0,0,8.04
2026-01-20 06:43:57.214254,1,2.83,31.2,26.0,0,8.64
2026-01-20 07:43:57.214254,1,2.77,35.5,22.0,0,14.5
2026-01-20 08:43:57.214254,2,7.65,35.4,22.0,0,16.13
2026-01-20 09:43:57.214254,20,6.32,37.5,22.0,0,17.06
2026-01-20 10:43:57.214254,36,8.03,37.6,22.0,0,19.01
2026-01-20 11:43:57.214254,34,6.19,38.0,22.0,0,18.73
2026-01-20 12:43:57.214254,22,8.08,36.3,22.0,0,18.16
2026-01-20 13:43:57.214254,34,8.65,37.3,22.0,0,19.17
2026-01-20 14:43:57.214254,39,8.83,39.6,22.0,0,21.09
2026-01-20 15:43:57.214254,35,8.0,35.7,22.0,0,18.59
2026-01-20 16:43:57.214254,22,6.35,37.2,22.0,0,18.3
2026-01-20 17:43:57.214254,17,7.31,36.6,22.0,0,17.16
2026-01-20 18:43:57.214254,17,7.78,28.5,22.0,0,12.81
2026-01-20 19:43:57.214254,14,2.81,29.7,22.0,0,12.02
2026-01-20 20:43:57.214254,15,2.71,28.8,22.0,0,11.03
2026-01-20 21:43:57.214254,17,2.72,28.2,22.0,0,11.0
2026-01-20 22:43:57.214254,1,2.76,27.0,26.0,0,4.77
2026-01-20 23:43:57.214254,2,2.78,25.9,26.0,0,5.1
2026-01-21 00:43:57.214254,2,2.92,25.1,26.0,0,4.54
2026-01-21 01:43:57.214254,1,2.9,24.8,26.0,0,4.53
2026-01-21 02:43:57.214254,2,2.92,25.4,26.0,0,4.52
2026-01-21 03:43:57.214254,1,2.77,28.4,26.0,0,6.57
2026-01-21 04:43:57.214254,2,2.77,29.0,26.0,0,7.15
2026-01-21 05:43:57.214254,1,2.98,33.4,26.0,0,9.09
2026-01-21 06:43:57.214254,2,2.95,32.8,26.0,0,9.52
2026-01-21 07:43:57.214254,2,2.97,33.5,22.0,0,13.44
2026-01-21 08:43:57.214254,2,7.8,34.2,22.0,0,15.61
2026-01-21 09:43:57.214254,23,8.61,36.2,22.0,0,18.63
2026-01-21 10:43:57.214254,34,8.11,35.5,22.0,0,18.75
2026-01-21 11:43:57.214254,32,6.74,36.1,22.0,0,18.38
2026-01-21 12:43:57.214254,38,8.06,37.0,22.0,0,18.69
2026-01-21 13:43:57.214254,31,6.95,37.8,22.0,0,18.44
2026-01-21 14:43:57.214254,36,7.97,36.4,22.0,0,19.01
2026-01-21 15:43:57.214254,33,6.28,36.2,22.0,0,18.05
2026-01-21 16:43:57.214254,20,8.95,35.0,22.0,0,17.74
2026-01-21 17:43:57.214254,19,7.51,31.6,22.0,0,14.83
2026-01-21 18:43:57.214254,17,6.49,29.8,22.0,0,13.74
2026-01-21 19:43:57.214254,14,2.86,32.2,22.0,0,12.39
2026-01-21 20:43:57.214254,12,2.54,29.1,22.0,0,11.01
2026-01-21 21:43:57.214254,12,2.92,30.7,22.0,0,11.87
2026-01-21 22:43:57.214254,2,2.89,28.0,26.0,0,6.45
2026-01-21 23:43:57.214254,1,2.77,27.1,26.0,0,5.68
2026-01-22 00:43:57.214254,2,2.82,27.5,26.0,0,5.77
2026-01-22 01:43:57.214254,2,2.66,26.0,26.0,0,5.4
2026-01-22 02:43:57.214254,1,2.59,27.3,26.0,0,6.21
2026-01-22 03:43:57.214254,2,2.58,26.2,26.0,0,5.41
2026-01-22 04:43:57.214254,1,2.89,28.3,26.0,0,6.19
2026-01-22 05:43:57.214254,2,2.6,27.3,26.0,0,4.09
2026-01-22 06:43:57.214254,1,2.67,32.1,26.0,0,7.96
2026-01-22 07:43:57.214254,2,2.8,33.8,22.0,0,13.22
2026-01-22 08:43:57.214254,1,8.61,34.5,22.0,0,16.26
2026-01-22 09:43:57.214254,21,8.45,35.9,22.0,0,17.85
2026-01-22 10:43:57.214254,41,8.26,35.2,22.0,0,18.18
2026-01-22 11:43:57.214254,34,7.57,34.3,22.0,0,17.24
2026-01-22 12:43:57.214254,38,7.27,34.3,22.0,0,17.39
2026-01-22 13:43:57.214254,35,6.59,37.7,22.0,0,18.59
2026-01-22 14:43:57.214254,38,6.72,35.4,22.0,0,17.04
2026-01-22 15:43:57.214254,29,6.73,34.8,22.0,0,16.75
2026-01-22 16:43:57.214254,19,7.41,33.1,22.0,0,16.16
2026-01-22 17:43:57.214254,26,8.67,31.9,22.0,0,15.91
2026-01-22 18:43:57.214254,17,7.64,30.4,22.0,0,13.41
2026-01-22 19:43:57.214254,14,2.98,30.2,22.0,0,12.54
2026-01-22 20:43:57.214254,13,2.5,26.7,22.0,0,9.52
2026-01-22 21:43:57.214254,18,2.72,25.6,22.0,0,9.91
2026-01-22 22:43:57.214254,2,2.81,26.0,26.0,0,5.22
2026-01-22 23:43:57.214254,1,2.67,30.0,26.0,0,7.19
2026-01-23 00:43:57.214254,1,2.86,24.2,26.0,0,5.66
2026-01-23 01:43:57.214254,2,2.85,25.8,26.0,0,4.39
2026-01-23 02:43:57.214254,2,2.7,26.1,26.0,0,4.93
2026-01-23 03:43:57.214254,2,2.57,27.3,26.0,0,5.47
2026-01-23 04:43:57.214254,2,2.55,24.8,26.0,0,5.11
2026-01-23 05:43:57.214254,1,2.8,26.7,26.0,0,5.59
2026-01-23 06:43:57.214254,1,2.83,30.6,26.0,0,8.23
2026-01-23 07:43:57.214254,1,2.64,30.3,22.0,0,10.84
2026-01-23 08:43:57.214254,1,7.46,33.8,22.0,0,14.82
2026-01-23 09:43:57.214254,25,7.87,34.0,22.0,0,17.45
2026-01-23 10:43:57.214254,31,6.18,34.7,22.0,0,16.71
2026-01-23 11:43:57.214254,37,7.57,37.4,22.0,0,18.7
2026-01-23 12:43:57.214254,34,6.76,36.5,22.0,0,18.58
2026-01-23 13:43:57.214254,39,7.63,33.7,22.0,0,16.95
2026-01-23 14:43:57.214254,35,8.91,33.7,22.0,0,17.22
2026-01-23 15:43:57.214254,28,8.94,36.3,22.0,0,18.82
2026-01-23 16:43:57.214254,24,8.1,33.9,22.0,0,16.35
2026-01-23 17:43:57.214254,21,8.41,31.3,22.0,0,14.87
2026-01-23 18:43:57.214254,15,7.64,28.9,22.0,0,12.4
2026-01-23 19:43:57.214254,14,2.59,28.9,22.0,0,10.3
2026-01-23 20:43:57.214254,15,2.74,27.6,22.0,0,10.21
2026-01-23 21:43:57.214254,18,2.62,26.9,22.0,0,9.9
2026-01-23 22:43:57.214254,1,2.82,25.3,26.0,0,4.54
2026-01-23 23:43:57.214254,1,2.61,24.7,26.0,0,4.41
2026-01-24 00:43:57.214254,0,2.65,25.0,26.0,1,5.3
2026-01-24 01:43:57.214254,0,2.7,24.2,26.0,1,5.12
2026-01-24 02:43:57.214254,0,2.78,25.2,26.0,1,5.04
2026-01-24 03:43:57.214254,0,2.85,22.9,26.0,1,4.76
2026-01-24 04:43:57.214254,1,2.67,25.3,26.0,1,5.47
2026-01-24 05:43:57.214254,0,2.6,26.7,26.0,1,5.21
2026-01-24 06:43:57.214254,0,2.74,27.2,26.0,1,5.39
2026-01-24 07:43:57.214254,0,2.58,28.4,26.0,1,7.32
2026-01-24 08:43:57.214254,1,2.99,33.0,26.0,1,10.76
2026-01-24 09:43:57.214254,1,2.9,35.2,26.0,1,11.9
2026-01-24 10:43:57.214254,9,2.5,33.7,26.0,1,10.36
2026-01-24 11:43:57.214254,8,2.99,36.3,26.0,1,12.71
2026-01-24 12:43:57.214254,8,2.63,39.1,26.0,1,14.03
2026-01-24 13:43:57.214254,7,2.83,38.0,26.0,1,13.49
2026-01-24 14:43:57.214254,7,2.74,36.0,26.0,1,11.91
2026-01-24 15:43:57.214254,7,2.83,30.3,26.0,1,9.13
2026-01-24 16:43:57.214254,8,2.95,31.3,26.0,1,9.32
2026-01-24 17:43:57.214254,1,2.84,32.2,26.0,1,10.13
2026-01-24 18:43:57.214254,1,2.66,30.6,26.0,1,9.02
2026-01-24 19:43:57.214254,1,2.67,29.7,26.0,1,8.48
2026-01-24 20:43:57.214254,0,2.8,26.0,26.0,1,5.75
2026-01-24 21:43:57.214254,1,2.67,23.7,26.0,1,5.54
2026-01-24 22:43:57.214254,0,2.95,25.0,26.0,1,4.98
2026-01-24 23:43:57.214254,0,2.53,26.4,26.0,1,5.13
2026-01-25 00:43:57.214254,1,2.95,23.4,26.0,1,4.84
2026-01-25 01:43:57.214254,1,2.66,19.6,26.0,1,4.77
2026-01-25 02:43:57.214254,1,2.99,23.1,26.0,1,5.24
2026-01-25 03:43:57.214254,1,2.82,24.3,26.0,1,5.15
2026-01-25 04:43:57.214254,0,2.78,26.9,26.0,1,5.31
2026-01-25 05:43:57.214254,1,2.92,27.3,26.0,1,6.31
2026-01-25 06:43:57.214254,0,2.84,28.9,26.0,1,6.57
2026-01-25 07:43:57.214254,1,2.97,30.0,26.0,1,8.37
2026-01-25 08:43:57.214254,1,2.91,34.9,26.0,1,12.01
2026-01-25 09:43:57.214254,0,2.58,34.5,26.0,1,11.36
2026-01-25 10:43:57.214254,10,2.93,35.5,26.0,1,11.79
2026-01-25 11:43:57.214254,8,2.66,36.5,26.0,1,13.15
2026-01-25 12:43:57.214254,6,2.9,35.4,26.0,1,12.24
2026-01-25 13:43:57.214254,6,2.84,35.7,26.0,1,11.91
2026-01-25 14:43:57.214254,7,2.56,33.4,26.0,1,10.89
2026-01-25 15:43:57.214254,6,2.82,33.8,26.0,1,11.12
2026-01-25 16:43:57.214254,8,2.86,31.0,26.0,1,9.92
2026-01-25 17:43:57.214254,1,2.62,28.7,26.0,1,7.52
2026-01-25 18:43:57.214254,1,2.97,27.1,26.0,1,7.13
2026-01-25 19:43:57.214254,0,2.93,28.4,26.0,1,7.85
2026-01-25 20:43:57.214254,1,2.58,26.2,26.0,1,6.58
2026-01-25 21:43:57.214254,0,2.54,26.0,26.0,1,6.44
2026-01-25 22:43:57.214254,1,2.51,21.6,26.0,1,4.33
2026-01-25 23:43:57.214254,1,2.86,25.3,26.0,1,4.45
2026-01-26 00:43:57.214254,1,2.68,21.8,26.0,0,4.8
2026-01-26 01:43:57.214254,2,2.56,21.0,26.0,0,4.74
2026-01-26 02:43:57.214254,2,3.0,25.5,26.0,0,5.59
2026-01-26 03:43:57.214254,1,2.77,22.3,26.0,0,4.72
2026-01-26 04:43:57.214254,1,2.51,22.8,26.0,0,4.98
2026-01-26 05:43:57.214254,1,2.9,26.0,26.0,0,5.73
2026-01-26 06:43:57.214254,2,2.79,26.8,26.0,0,5.6
2026-01-26 07:43:57.214254,2,2.91,29.4,22.0,0,10.94
2026-01-26 08:43:57.214254,2,7.74,31.3,22.0,0,14.24
2026-01-26 09:43:57.214254,24,7.67,34.8,22.0,0,17.16
2026-01-26 10:43:57.214254,28,6.48,35.2,22.0,0,16.93
2026-01-26 11:43:57.214254,29,8.4,35.7,22.0,0,18.36
2026-01-26 12:43:57.214254,31,7.33,31.2,22.0,0,15.63
2026-01-26 13:43:57.214254,33,7.42,36.3,22.0,0,18.24
2026-01-26 14:43:57.214254,30,8.57,34.4,22.0,0,17.03
2026-01-26 15:43:57.214254,30,7.52,32.5,22.0,0,15.34
2026-01-26 16:43:57.214254,27,6.32,33.3,22.0,0,16.0
2026-01-26 17:43:57.214254,20,6.47,31.5,22.0,0,14.6
2026-01-26 18:43:57.214254,14,8.89,29.2,22.0,0,13.77
2026-01-26 19:43:57.214254,17,2.63,28.1,22.0,0,10.88
2026-01-26 20:43:57.214254,17,2.71,27.3,22.0,0,10.31
2026-01-26 21:43:57.214254,14,2.71,25.2,22.0,0,8.19
2026-01-26 22:43:57.214254,1,2.54,21.4,26.0,0,4.44
2026-01-26 23:43:57.214254,2,2.82,22.6,26.0,0,5.26
2026-01-27 00:43:57.214254,2,2.71,21.5,26.0,0,4.78
2026-01-27 01:43:57.214254,2,2.54,22.8,26.0,0,5.31
2026-01-27 02:43:57.214254,1,2.51,23.7,26.0,0,5.12
2026-01-27 03:43:57.214254,2,2.51,22.3,26.0,0,4.37
2026-01-27 04:43:57.214254,1,2.53,23.9,26.0,0,5.25
2026-01-27 05:43:57.214254,1,2.97,24.9,26.0,0,4.88
2026-01-27 06:43:57.214254,2,2.55,27.3,26.0,0,6.08
2026-01-27 07:43:57.214254,1,2.99,28.2,22.0,0,9.79
2026-01-27 08:43:57.214254,2,6.27,27.6,22.0,0,10.71
2026-01-27 09:43:57.214254,23,8.64,35.3,22.0,0,17.28
2026-01-27 10:43:57.214254,32,8.61,33.4,22.0,0,17.28
2026-01-27 11:43:57.214254,37,8.99,32.9,22.0,0,17.2
2026-01-27 12:43:57.214254,32,8.17,33.0,22.0,0,16.58
2026-01-27 13:43:57.214254,28,6.97,35.2,22.0,0,17.05
2026-01-27 14:43:57.214254,34,8.97,31.7,22.0,0,16.01
2026-01-27 15:43:57.214254,38,6.51,33.7,22.0,0,16.44
2026-01-27 16:43:57.214254,24,7.94,30.5,22.0,0,13.74
2026-01-27 17:43:57.214254,23,7.92,29.1,22.0,0,13.63
2026-01-27 18:43:57.214254,15,8.22,26.9,22.0,0,11.4
2026-01-27 19:43:57.214254,11,2.95,26.5,22.0,0,9.66
2026-01-27 20:43:57.214254,14,2.77,24.6,22.0,0,9.06
2026-01-27 21:43:57.214254,14,2.75,22.5,22.0,0,6.19
2026-01-27 22:43:57.214254,1,2.96,22.7,26.0,0,5.01
2026-01-27 23:43:57.214254,1,2.61,20.2,26.0,0,5.17
2026-01-28 00:43:57.214254,1,2.61,21.8,26.0,0,4.82
2026-01-28 01:43:57.214254,1,2.78,23.4,26.0,0,5.47
2026-01-28 02:43:57.214254,2,2.65,22.1,26.0,0,4.66
2026-01-28 03:43:57.214254,1,2.93,24.2,26.0,0,5.15
2026-01-28 04:43:57.214254,1,2.73,27.0,26.0,0,5.7
2026-01-28 05:43:57.214254,2,2.8,26.3,26.0,0,5.13
2026-01-28 06:43:57.214254,2,2.88,25.5,26.0,0,4.69
2026-01-28 07:43:57.214254,2,2.88,28.1,22.0,0,10.03
2026-01-28 08:43:57.214254,2,7.24,32.9,22.0,0,14.9
2026-01-28 09:43:57.214254,23,6.76,32.6,22.0,0,15.67
2026-01-28 10:43:57.214254,37,6.74,30.4,22.0,0,14.53
2026-01-28 11:43:57.214254,36,6.8,32.8,22.0,0,16.08
2026-01-28 12:43:57.214254,33,7.81,31.9,22.0,0,15.6
2026-01-28 13:43:57.214254,35,6.49,32.9,22.0,0,16.11
2026-01-28 14:43:57.214254,36,8.35,35.8,22.0,0,17.7
2026-01-28 15:43:57.214254,36,8.14,30.3,22.0,0,14.11
2026-01-28 16:43:57.214254,23,6.76,31.0,22.0,0,13.96
2026-01-28 17:43:57.214254,24,7.07,31.2,22.0,0,14.48
2026-01-28 18:43:57.214254,13,7.51,28.0,22.0,0,11.88
2026-01-28 19:43:57.214254,15,2.93,28.2,22.0,0,11.83
2026-01-28 20:43:57.214254,15,2.84,24.1,22.0,0,7.82
2026-01-28 21:43:57.214254,16,2.94,24.8,22.0,0,8.43
2026-01-28 22:43:57.214254,1,2.96,18.5,26.0,0,5.63
2026-01-28 23:43:57.214254,2,2.73,21.9,26.0,0,4.31
2026-01-29 00:43:57.214254,1,2.81,16.6,26.0,0,5.05
2026-01-29 01:43:57.214254,2,2.82,21.9,26.0,0,5.17
2026-01-29 02:43:57.214254,2,2.95,20.7,26.0,0,5.24
2026-01-29 03:43:57.214254,1,2.84,20.9,26.0,0,4.57
2026-01-29 04:43:57.214254,2,2.73,23.4,26.0,0,5.4
2026-01-29 05:43:57.214254,2,2.65,23.5,26.0,0,5.02
2026-01-29 06:43:57.214254,2,2.6,30.6,26.0,0,7.83
2026-01-29 07:43:57.214254,2,2.74,28.5,22.0,0,10.2
2026-01-29 08:43:57.214254,1,8.75,29.8,22.0,0,13.43
2026-01-29 09:43:57.214254,23,7.12,28.5,22.0,0,12.88
2026-01-29 10:43:57.214254,39,7.24,29.5,22.0,0,14.1
2026-01-29 11:43:57.214254,37,7.91,34.4,22.0,0,17.16
2026-01-29 12:43:57.214254,28,8.5,34.3,22.0,0,17.36
2026-01-29 13:43:57.214254,39,7.62,31.0,22.0,0,15.46
2026-01-29 14:43:57.214254,33,8.11,31.6,22.0,0,15.49
2026-01-29 15:43:57.214254,45,7.86,28.3,22.0,0,14.0
2026-01-29 16:43:57.214254,22,8.66,31.1,22.0,0,14.09
2026-01-29 17:43:57.214254,23,6.47,29.5,22.0,0,13.6
2026-01-29 18:43:57.214254,16,7.36,26.3,22.0,0,11.2
2026-01-29 19:43:57.214254,15,2.91,22.0,22.0,0,6.73
2026-01-29 20:43:57.214254,15,2.83,23.1,22.0,0,8.06
2026-01-29 21:43:57.214254,15,2.9,20.6,22.0,0,6.52
2026-01-29 22:43:57.214254,1,2.91,21.4,26.0,0,5.11
2026-01-29 23:43:57.214254,1,2.94,19.2,26.0,0,5.34
2026-01-30 00:43:57.214254,1,2.54,18.8,26.0,0,4.83
2026-01-30 01:43:57.214254,2,2.67,20.1,26.0,0,5.45
2026-01-30 02:43:57.214254,1,2.96,20.8,26.0,0,5.32
2026-01-30 03:43:57.214254,1,2.65,23.9,26.0,0,4.5
2026-01-30 04:43:57.214254,2,2.9,21.6,26.0,0,5.32
2026-01-30 05:43:57.214254,2,2.88,25.3,26.0,0,5.84
2026-01-30 06:43:57.214254,1,2.71,27.3,26.0,0,6.22
2026-01-30 07:43:57.214254,2,2.74,24.1,22.0,0,6.59
2026-01-30 08:43:57.214254,2,6.99,26.3,22.0,0,10.04
2026-01-30 09:43:57.214254,23,8.83,31.4,22.0,0,14.78
2026-01-30 10:43:57.214254,43,6.57,33.4,22.0,0,15.77
2026-01-30 11:43:57.214254,31,6.32,32.3,22.0,0,15.55
2026-01-30 12:43:57.214254,36,6.54,32.9,22.0,0,16.41
2026-01-30 13:43:57.214254,35,8.69,36.9,22.0,0,19.16
2026-01-30 14:43:57.214254,28,6.85,31.2,22.0,0,15.44
2026-01-30 15:43:57.214254,37,7.6,31.6,22.0,0,15.58
2026-01-30 16:43:57.214254,23,7.79,30.6,22.0,0,14.28
2026-01-30 17:43:57.214254,18,6.11,24.2,22.0,0,9.73
2026-01-30 18:43:57.214254,14,6.64,27.6,22.0,0,12.41
2026-01-30 19:43:57.214254,13,2.84,25.4,22.0,0,8.64
2026-01-30 20:43:57.214254,14,2.9,20.8,22.0,0,7.52
2026-01-30 21:43:57.214254,12,2.79,24.9,22.0,0,8.67
2026-01-30 22:43:57.214254,2,2.91,21.1,26.0,0,5.24
2026-01-30 23:43:57.214254,2,2.53,21.7,26.0,0,5.13
2026-01-31 00:43:57.214254,0,2.88,19.8,26.0,1,4.59
2026-01-31 01:43:57.214254,1,2.99,19.2,26.0,1,5.1
2026-01-31 02:43:57.214254,1,2.78,20.4,26.0,1,4.5
2026-01-31 03:43:57.214254,1,3.0,24.4,26.0,1,4.19
2026-01-31 04:43:57.214254,0,2.6,23.8,26.0,1,4.78
2026-01-31 05:43:57.214254,1,2.88,26.5,26.0,1,5.79
2026-01-31 06:43:57.214254,0,2.91,26.2,26.0,1,4.7
2026-01-31 07:43:57.214254,0,2.93,26.1,26.0,1,6.79
2026-01-31 08:43:57.214254,0,2.54,26.0,26.0,1,6.11
2026-01-31 09:43:57.214254,0,2.96,28.3,26.0,1,7.61
2026-01-31 10:43:57.214254,8,2.75,30.0,26.0,1,8.22
2026-01-31 11:43:57.214254,6,2.79,30.9,26.0,1,9.44
2026-01-31 12:43:57.214254,8,2.53,32.8,26.0,1,10.01
2026-01-31 13:43:57.214254,7,2.72,29.6,26.0,1,8.22
2026-01-31 14:43:57.214254,9,2.92,28.4,26.0,1,7.59
2026-01-31 15:43:57.214254,8,2.83,28.8,26.0,1,8.35
2026-01-31 16:43:57.214254,6,2.81,28.4,26.0,1,7.37
2026-01-31 17:43:57.214254,0,2.58,25.2,26.0,1,5.7
2026-01-31 18:43:57.214254,1,2.56,25.7,26.0,1,6.23
2026-01-31 19:43:57.214254,0,2.69,23.7,26.0,1,6.46
2026-01-31 20:43:57.214254,0,2.86,23.3,26.0,1,6.45
2026-01-31 21:43:57.214254,0,2.73,21.2,26.0,1,5.9
2026-01-31 22:43:57.214254,0,2.73,19.5,26.0,1,4.26
2026-01-31 23:43:57.214254,1,2.55,18.7,26.0,1,4.95
2026-02-01 00:43:57.214254,1,2.59,16.7,26.0,1,4.21
2026-02-01 01:43:57.214254,0,2.65,18.4,26.0,1,4.47
2026-02-01 02:43:57.214254,1,2.96,18.8,26.0,1,4.76
2026-02-01 03:43:57.214254,0,2.82,18.5,26.0,1,5.03
2026-02-01 04:43:57.214254,1,2.89,24.0,26.0,1,5.1
2026-02-01 05:43:57.214254,1,2.93,22.3,26.0,1,5.33
2026-02-01 06:43:57.214254,0,2.96,23.2,26.0,1,5.6
2026-02-01 07:43:57.214254,1,2.56,26.9,26.0,1,6.54
2026-02-01 08:43:57.214254,0,2.87,26.7,26.0,1,6.33
2026-02-01 09:43:57.214254,1,2.54,28.3,26.0,1,7.03
2026-02-01 10:43:57.214254,6,2.55,27.2,26.0,1,7.7
2026-02-01 11:43:57.214254,8,2.86,28.1,26.0,1,7.45
2026-02-01 12:43:57.214254,8,2.98,33.1,26.0,1,10.87
2026-02-01 13:43:57.214254,8,2.6,27.8,26.0,1,7.79
2026-02-01 14:43:57.214254,8,2.66,30.8,26.0,1,9.55
2026-02-01 15:43:57.214254,7,2.89,31.4,26.0,1,9.41
2026-02-01 16:43:57.214254,6,2.77,28.9,26.0,1,7.73
2026-02-01 17:43:57.214254,0,2.56,25.1,26.0,1,5.61
2026-02-01 18:43:57.214254,0,2.85,24.4,26.0,1,6.35
2026-02-01 19:43:57.214254,0,2.81,21.5,26.0,1,5.95
2026-02-01 20:43:57.214254,1,2.92,18.3,26.0,1,6.09
2026-02-01 21:43:57.214254,1,2.77,18.1,26.0,1,6.84
2026-02-01 22:43:57.214254,1,2.61,17.0,26.0,1,4.38
2026-02-01 23:43:57.214254,1,2.51,19.2,26.0,1,5.22
2026-02-02 00:43:57.214254,2,2.78,15.8,26.0,0,4.89
2026-02-02 01:43:57.214254,1,2.56,18.1,26.0,0,5.5
2026-02-02 02:43:57.214254,1,2.66,21.2,26.0,0,4.51
2026-02-02 03:43:57.214254,2,2.74,20.7,26.0,0,5.39
2026-02-02 04:43:57.214254,1,2.8,20.1,26.0,0,5.37
2026-02-02 05:43:57.214254,2,2.77,22.7,26.0,0,5.26
2026-02-02 06:43:57.214254,1,2.79,23.3,26.0,0,5.16
2026-02-02 07:43:57.214254,2,2.86,22.7,22.0,0,7.07
2026-02-02 08:43:57.214254,1,8.88,26.2,22.0,0,11.06
2026-02-02 09:43:57.214254,20,6.05,27.1,22.0,0,10.99
2026-02-02 10:43:57.214254,33,8.87,27.7,22.0,0,13.47
2026-02-02 11:43:57.214254,29,6.89,31.3,22.0,0,14.94
2026-02-02 12:43:57.214254,32,8.22,30.5,22.0,0,14.33
2026-02-02 13:43:57.214254,31,6.71,28.2,22.0,0,12.48
2026-02-02 14:43:57.214254,30,8.19,30.2,22.0,0,14.85
2026-02-02 15:43:57.214254,32,7.28,29.3,22.0,0,14.04
2026-02-02 16:43:57.214254,24,7.44,31.3,22.0,0,14.54
2026-02-02 17:43:57.214254,21,6.89,25.9,22.0,0,11.33
2026-02-02 18:43:57.214254,16,8.81,23.8,22.0,0,10.22
2026-02-02 19:43:57.214254,14,2.55,21.2,22.0,0,7.35
2026-02-02 20:43:57.214254,14,2.57,22.8,22.0,0,7.59
2026-02-02 21:43:57.214254,15,2.54,17.3,22.0,0,6.82
2026-02-02 22:43:57.214254,1,2.82,19.6,26.0,0,5.46
2026-02-02 23:43:57.214254,1,2.66,17.3,26.0,0,4.92
2026-02-03 00:43:57.214254,1,2.67,16.7,26.0,0,5.15
2026-02-03 01:43:57.214254,2,3.0,17.9,26.0,0,5.55
2026-02-03 02:43:57.214254,2,2.94,20.5,26.0,0,4.98
2026-02-03 03:43:57.214254,2,2.93,17.3,26.0,0,4.79
2026-02-03 04:43:57.214254,2,2.64,19.4,26.0,0,5.37
2026-02-03 05:43:57.214254,2,2.87,20.1,26.0,0,5.14
2026-02-03 06:43:57.214254,2,2.56,25.1,26.0,0,5.16
2026-02-03 07:43:57.214254,1,2.58,25.7,22.0,0,8.14
2026-02-03 08:43:57.214254,2,8.8,24.3,22.0,0,10.56
2026-02-03 09:43:57.214254,19,8.4,28.6,22.0,0,13.09
2026-02-03 10:43:57.214254,37,6.65,29.4,22.0,0,13.64
2026-02-03 11:43:57.214254,31,8.57,29.0,22.0,0,14.62
2026-02-03 12:43:57.214254,37,6.69,28.7,22.0,0,13.2
2026-02-03 13:43:57.214254,35,6.29,29.1,22.0,0,14.0
2026-02-03 14:43:57.214254,31,8.98,30.7,22.0,0,15.92
2026-02-03 15:43:57.214254,32,8.77,28.8,22.0,0,14.09
2026-02-03 16:43:57.214254,22,7.27,24.7,22.0,0,11.63
2026-02-03 17:43:57.214254,22,7.33,25.2,22.0,0,11.42
2026-02-03 18:43:57.214254,16,8.19,24.0,22.0,0,10.36
2026-02-03 19:43:57.214254,17,2.75,20.8,22.0,0,7.29
2026-02-03 20:43:57.214254,14,2.67,22.6,22.0,0,7.29
2026-02-03 21:43:57.214254,16,2.99,19.5,22.0,0,7.27
2026-02-03 22:43:57.214254,2,2.64,18.4,26.0,0,4.52
2026-02-03 23:43:57.214254,1,2.54,15.3,26.0,0,4.47
2026-02-04 00:43:57.214254,1,2.96,17.9,26.0,0,4.98
2026-02-04 01:43:57.214254,1,2.85,16.8,26.0,0,5.59
2026-02-04 02:43:57.214254,1,2.77,15.6,26.0,0,5.11
2026-02-04 03:43:57.214254,1,2.77,16.9,26.0,0,4.71
2026-02-04 04:43:57.214254,2,2.75,17.6,26.0,0,4.33
2026-02-04 05:43:57.214254,2,2.63,22.3,26.0,0,5.63
2026-02-04 06:43:57.214254,1,2.8,26.2,26.0,0,5.14
2026-02-04 07:43:57.214254,2,2.93,26.3,22.0,0,8.86
2026-02-04 08:43:57.214254,2,7.92,26.2,22.0,0,11.48
2026-02-04 09:43:57.214254,19,6.93,28.3,22.0,0,13.23
2026-02-04 10:43:57.214254,26,8.24,30.4,22.0,0,14.01
2026-02-04 11:43:57.214254,29,7.12,28.7,22.0,0,12.9
2026-02-04 12:43:57.214254,34,8.22,29.9,22.0,0,15.3
2026-02-04 13:43:57.214254,34,8.48,29.5,22.0,0,14.72
2026-02-04 14:43:57.214254,28,6.95,27.3,22.0,0,12.09
2026-02-04 15:43:57.214254,39,8.61,27.1,22.0,0,13.52
2026-02-04 16:43:57.214254,25,6.0,26.8,22.0,0,10.83
2026-02-04 17:43:57.214254,24,6.39,24.9,22.0,0,11.27
2026-02-04 18:43:57.214254,11,6.74,19.5,22.0,0,8.14
2026-02-04 19:43:57.214254,13,2.79,20.5,22.0,0,7.2
2026-02-04 20:43:57.214254,15,2.72,19.0,22.0,0,6.61
2026-02-04 21:43:57.214254,13,2.85,18.5,22.0,0,5.83
2026-02-04 22:43:57.214254,1,2.95,16.6,26.0,0,4.72
2026-02-04 23:43:57.214254,2,2.65,16.0,26.0,0,4.77
2026-02-05 00:43:57.214254,2,2.82,14.0,26.0,0,5.1
2026-02-05 01:43:57.214254,2,2.72,17.8,26.0,0,5.2
2026-02-05 02:43:57.214254,1,2.63,18.4,26.0,0,4.86
2026-02-05 03:43:57.214254,1,2.86,19.4,26.0,0,5.15
2026-02-05 04:43:57.214254,1,2.54,23.6,26.0,0,4.66
2026-02-05 05:43:57.214254,2,2.71,19.7,26.0,0,4.93
2026-02-05 06:43:57.214254,2,2.56,24.7,26.0,0,4.65
2026-02-05 07:43:57.214254,1,2.59,24.7,22.0,0,7.61
2026-02-05 08:43:57.214254,1,8.28,25.3,22.0,0,10.19
2026-02-05 09:43:57.214254,21,8.24,27.7,22.0,0,12.55
2026-02-05 10:43:57.214254,30,7.28,25.0,22.0,0,11.18
2026-02-05 11:43:57.214254,38,8.84,27.4,22.0,0,14.1
2026-02-05 12:43:57.214254,26,6.18,28.5,22.0,0,11.82
2026-02-05 13:43:57.214254,37,8.35,30.0,22.0,0,14.56
2026-02-05 14:43:57.214254,35,6.03,29.8,22.0,0,13.88
2026-02-05 15:43:57.214254,41,6.69,28.2,22.0,0,13.06
2026-02-05 16:43:57.214254,20,8.32,27.9,22.0,0,13.18
2026-02-05 17:43:57.214254,21,6.33,23.7,22.0,0,9.28
2026-02-05 18:43:57.214254,16,7.65,21.6,22.0,0,9.41
2026-02-05 19:43:57.214254,15,2.68,23.3,22.0,0,7.67
2026-02-05 20:43:57.214254,14,2.82,19.9,22.0,0,6.09
2026-02-05 21:43:57.214254,14,2.59,20.0,22.0,0,6.87
2026-02-05 22:43:57.214254,2,2.68,18.0,26.0,0,5.11
2026-02-05 23:43:57.214254,1,2.5,16.1,26.0,0,4.73
2026-02-06 00:43:57.214254,1,2.79,17.8,26.0,0,4.77
2026-02-06 01:43:57.214254,2,2.81,18.6,26.0,0,5.43
2026-02-06 02:43:57.214254,1,2.87,19.7,26.0,0,4.44
2026-02-06 03:43:57.214254,1,2.91,19.5,26.0,0,5.08
2026-02-06 04:43:57.214254,1,2.63,19.1,26.0,0,4.6
2026-02-06 05:43:57.214254,2,2.66,18.5,26.0,0,4.97
2026-02-06 06:43:57.214254,1,2.89,22.8,26.0,0,5.57
2026-02-06 07:43:57.214254,2,2.61,26.7,22.0,0,8.81
2026-02-06 08:43:57.214254,1,6.86,22.8,22.0,0,8.62
2026-02-06 09:43:57.214254,24,8.74,27.7,22.0,0,13.61
2026-02-06 10:43:57.214254,31,6.15,25.0,22.0,0,10.85
2026-02-06 11:43:57.214254,37,8.78,27.7,22.0,0,14.34
2026-02-06 12:43:57.214254,37,6.62,31.3,22.0,0,15.33
2026-02-06 13:43:57.214254,33,8.4,25.6,22.0,0,12.46
2026-02-06 14:43:57.214254,29,7.6,27.4,22.0,0,12.78
2026-02-06 15:43:57.214254,39,6.72,28.2,22.0,0,13.3
2026-02-06 16:43:57.214254,21,7.72,26.5,22.0,0,11.68
2026-02-06 17:43:57.214254,26,6.7,23.7,22.0,0,10.84
2026-02-06 18:43:57.214254,17,8.22,22.7,22.0,0,9.5
2026-02-06 19:43:57.214254,13,2.72,21.3,22.0,0,7.07
2026-02-06 20:43:57.214254,12,2.58,19.3,22.0,0,6.45
2026-02-06 21:43:57.214254,15,2.58,18.3,22.0,0,6.79
2026-02-06 22:43:57.214254,1,2.98,17.1,26.0,0,5.6
2026-02-06 23:43:57.214254,1,2.77,16.2,26.0,0,4.51
2026-02-07 00:43:57.214254,0,2.71,17.0,26.0,1,4.96
2026-02-07 01:43:57.214254,1,2.93,16.4,26.0,1,4.44
2026-02-07 02:43:57.214254,1,2.77,15.3,26.0,1,5.23
2026-02-07 03:43:57.214254,1,2.56,16.6,26.0,1,5.1
2026-02-07 04:43:57.214254,0,2.98,17.9,26.0,1,4.82
2026-02-07 05:43:57.214254,0,2.61,19.0,26.0,1,5.4
2026-02-07 06:43:57.214254,1,2.53,22.5,26.0,1,4.82
2026-02-07 07:43:57.214254,1,2.83,21.0,26.0,1,6.52
2026-02-07 08:43:57.214254,1,2.53,24.4,26.0,1,5.94
2026-02-07 09:43:57.214254,1,2.53,28.1,26.0,1,7.7
2026-02-07 10:43:57.214254,8,2.97,29.8,26.0,1,8.83
2026-02-07 11:43:57.214254,6,2.62,24.0,26.0,1,6.35
2026-02-07 12:43:57.214254,7,2.52,29.8,26.0,1,9.15
2026-02-07 13:43:57.214254,9,2.62,26.5,26.0,1,6.38
2026-02-07 14:43:57.214254,8,2.96,26.1,26.0,1,6.61
2026-02-07 15:43:57.214254,9,2.81,26.2,26.0,1,6.62
2026-02-07 16:43:57.214254,7,2.96,22.1,26.0,1,6.41
2026-02-07 17:43:57.214254,1,2.98,21.0,26.0,1,6.77
2026-02-07 18:43:57.214254,0,2.51,21.7,26.0,1,6.08
2026-02-07 19:43:57.214254,0,2.62,19.8,26.0,1,6.24
2026-02-07 20:43:57.214254,0,2.53,16.8,26.0,1,5.92
2026-02-07 21:43:57.214254,1,2.61,14.9,26.0,1,5.76
2026-02-07 22:43:57.214254,1,2.78,15.4,26.0,1,4.67
2026-02-07 23:43:57.214254,1,2.98,16.4,26.0,1,5.02
2026-02-08 00:43:57.214254,0,2.55,14.5,26.0,1,5.14
2026-02-08 01:43:57.214254,1,2.84,13.0,26.0,1,5.4
2026-02-08 02:43:57.214254,1,2.58,16.9,26.0,1,4.33
2026-02-08 03:43:57.214254,0,2.93,17.0,26.0,1,4.94
2026-02-08 04:43:57.214254,1,2.61,16.1,26.0,1,4.19
2026-02-08 05:43:57.214254,0,2.57,22.4,26.0,1,4.83
2026-02-08 06:43:57.214254,1,3.0,21.2,26.0,1,5.57
2026-02-08 07:43:57.214254,1,2.56,21.3,26.0,1,6.67
2026-02-08 08:43:57.214254,1,2.83,22.6,26.0,1,5.21
2026-02-08 09:43:57.214254,0,2.93,22.4,26.0,1,6.2
2026-02-08 10:43:57.214254,8,2.63,26.4,26.0,1,7.06
2026-02-08 11:43:57.214254,9,2.66,25.2,26.0,1,5.76
2026-02-08 12:43:57.214254,8,2.93,27.4,26.0,1,8.21
2026-02-08 13:43:57.214254,8,2.88,28.8,26.0,1,8.49
2026-02-08 14:43:57.214254,7,2.87,24.2,26.0,1,6.86
2026-02-08 15:43:57.214254,8,2.66,24.6,26.0,1,6.43
2026-02-08 16:43:57.214254,6,2.8,24.4,26.0,1,6.63
2026-02-08 17:43:57.214254,1,2.81,23.8,26.0,1,5.5
2026-02-08 18:43:57.214254,1,2.76,22.0,26.0,1,6.07
2026-02-08 19:43:57.214254,0,2.85,19.1,26.0,1,6.36
2026-02-08 20:43:57.214254,0,2.6,19.4,26.0,1,5.93
2026-02-08 21:43:57.214254,0,2.76,18.7,26.0,1,6.77
2026-02-08 22:43:57.214254,1,2.64,14.7,26.0,1,4.87
2026-02-08 23:43:57.214254,1,2.6,16.6,26.0,1,5.26
2026-02-09 00:43:57.214254,2,2.84,15.3,26.0,0,4.94
2026-02-09 01:43:57.214254,2,2.99,15.5,26.0,0,5.01
2026-02-09 02:43:57.214254,1,2.69,16.4,26.0,0,4.71
2026-02-09 03:43:57.214254,2,2.61,16.9,26.0,0,4.67
2026-02-09 04:43:57.214254,2,2.59,18.6,26.0,0,5.06
2026-02-09 05:43:57.214254,1,2.87,21.9,26.0,0,5.09
2026-02-09 06:43:57.214254,1,2.98,22.0,26.0,0,5.15
2026-02-09 07:43:57.214254,2,2.79,19.6,22.0,0,6.35
2026-02-09 08:43:57.214254,1,6.47,22.6,22.0,0,8.45
2026-02-09 09:43:57.214254,19,6.05,22.7,22.0,0,9.6
2026-02-09 10:43:57.214254,35,6.5,24.5,22.0,0,10.7
2026-02-09 11:43:57.214254,37,6.2,28.7,22.0,0,12.74
2026-02-09 12:43:57.214254,33,8.86,23.6,22.0,0,11.87
2026-02-09 13:43:57.214254,33,6.3,27.7,22.0,0,12.37
2026-02-09 14:43:57.214254,38,7.02,22.7,22.0,0,9.66
2026-02-09 15:43:57.214254,33,6.61,24.9,22.0,0,10.99
2026-02-09 16:43:57.214254,21,6.29,23.6,22.0,0,9.23
2026-02-09 17:43:57.214254,23,6.75,20.2,22.0,0,8.78
2026-02-09 18:43:57.214254,15,7.66,21.7,22.0,0,8.39
2026-02-09 19:43:57.214254,17,2.97,18.5,22.0,0,7.57
2026-02-09 20:43:57.214254,12,2.52,18.8,22.0,0,6.32
2026-02-09 21:43:57.214254,16,2.84,15.1,22.0,0,6.67
2026-02-09 22:43:57.214254,1,2.83,11.6,26.0,0,4.97
2026-02-09 23:43:57.214254,1,2.61,16.6,26.0,0,5.24
2026-02-10 00:43:57.214254,2,2.75,14.5,26.0,0,4.99
2026-02-10 01:43:57.214254,2,2.88,15.1,26.0,0,5.77
2026-02-10 02:43:57.214254,1,2.68,15.0,26.0,0,5.19
2026-02-10 03:43:57.214254,1,2.93,15.4,26.0,0,5.73
2026-02-10 04:43:57.214254,1,2.76,17.4,26.0,0,4.66
2026-02-10 05:43:57.214254,1,2.78,21.9,26.0,0,6.08
2026-02-10 06:43:57.214254,1,2.74,19.4,26.0,0,4.95
2026-02-10 07:43:57.214254,1,2.52,20.6,22.0,0,5.99
2026-02-10 08:43:57.214254,2,7.64,21.7,22.0,0,8.85
2026-02-10 09:43:57.214254,20,8.08,24.3,22.0,0,10.46
2026-02-10 10:43:57.214254,35,8.09,25.9,22.0,0,12.23
2026-02-10 11:43:57.214254,34,6.45,28.9,22.0,0,13.74
2026-02-10 12:43:57.214254,41,8.59,28.7,22.0,0,14.74
2026-02-10 13:43:57.214254,31,6.29,25.9,22.0,0,11.82
2026-02-10 14:43:57.214254,38,6.26,24.1,22.0,0,10.49
2026-02-10 15:43:57.214254,32,6.96,27.4,22.0,0,12.08
2026-02-10 16:43:57.214254,26,7.23,24.1,22.0,0,10.54
2026-02-10 17:43:57.214254,20,6.28,22.2,22.0,0,8.59
2026-02-10 18:43:57.214254,17,7.5,23.9,22.0,0,10.69
2026-02-10 19:43:57.214254,16,2.6,18.4,22.0,0,7.63
2026-02-10 20:43:57.214254,17,2.92,15.1,22.0,0,6.78
2026-02-10 21:43:57.214254,13,2.74,15.6,22.0,0,6.25
2026-02-10 22:43:57.214254,2,2.92,14.8,26.0,0,6.06
2026-02-10 23:43:57.214254,2,2.87,15.1,26.0,0,5.11
2026-02-11 00:43:57.214254,2,2.5,14.0,26.0,0,4.89
2026-02-11 01:43:57.214254,2,2.82,15.5,26.0,0,5.25
2026-02-11 02:43:57.214254,2,2.72,16.1,26.0,0,4.82
2026-02-11 03:43:57.214254,2,3.0,18.3,26.0,0,5.13
2026-02-11 04:43:57.214254,1,2.9,16.3,26.0,0,4.85
2026-02-11 05:43:57.214254,2,2.89,20.3,26.0,0,5.28
2026-02-11 06:43:57.214254,1,2.55,20.1,26.0,0,4.77
2026-02-11 07:43:57.214254,1,2.85,20.0,22.0,0,6.68
2026-02-11 08:43:57.214254,2,7.52,26.5,22.0,0,11.09
2026-02-11 09:43:57.214254,23,8.38,22.9,22.0,0,10.15
2026-02-11 10:43:57.214254,28,7.1,26.0,22.0,0,10.92
2026-02-11 11:43:57.214254,37,8.53,27.3,22.0,0,13.05
2026-02-11 12:43:57.214254,36,8.22,28.7,22.0,0,13.37
2026-02-11 13:43:57.214254,38,7.45,28.8,22.0,0,14.15
2026-02-11 14:43:57.214254,37,6.22,28.5,22.0,0,12.94
2026-02-11 15:43:57.214254,34,7.96,26.4,22.0,0,11.77
2026-02-11 16:43:57.214254,20,6.34,22.2,22.0,0,8.6
2026-02-11 17:43:57.214254,18,7.52,20.5,22.0,0,8.99
2026-02-11 18:43:57.214254,14,6.3,22.5,22.0,0,8.64
2026-02-11 19:43:57.214254,13,2.91,20.9,22.0,0,6.44
2026-02-11 20:43:57.214254,16,2.57,18.4,22.0,0,6.32
2026-02-11 21:43:57.214254,18,2.92,15.9,22.0,0,6.71
2026-02-11 22:43:57.214254,1,2.54,17.0,26.0,0,4.7
2026-02-11 23:43:57.214254,2,2.79,13.7,26.0,0,5.03
2026-02-12 00:43:57.214254,1,2.61,14.9,26.0,0,4.64
2026-02-12 01:43:57.214254,2,2.78,12.8,26.0,0,4.64
2026-02-12 02:43:57.214254,1,2.8,14.5,26.0,0,4.85
2026-02-12 03:43:57.214254,2,2.57,17.1,26.0,0,6.13
2026-02-12 04:43:57.214254,1,2.96,16.3,26.0,0,5.16
2026-02-12 05:43:57.214254,1,2.58,17.7,26.0,0,4.5
2026-02-12 06:43:57.214254,2,2.8,19.4,26.0,0,5.2
2026-02-12 07:43:57.214254,2,2.95,23.6,22.0,0,7.0
2026-02-12 08:43:57.214254,2,7.47,24.8,22.0,0,9.79
2026-02-12 09:43:57.214254,21,6.4,24.4,22.0,0,10.58
2026-02-12 10:43:57.214254,34,8.66,24.3,22.0,0,10.99
2026-02-12 11:43:57.214254,44,6.88,25.8,22.0,0,12.5
2026-02-12 12:43:57.214254,33,7.18,26.5,22.0,0,12.66
2026-02-12 13:43:57.214254,27,7.3,26.4,22.0,0,12.87
2026-02-12 14:43:57.214254,35,8.6,25.6,22.0,0,12.52
2026-02-12 15:43:57.214254,34,8.48,23.4,22.0,0,11.09
2026-02-12 16:43:57.214254,18,7.09,23.1,22.0,0,9.62
2026-02-12 17:43:57.214254,17,7.77,22.7,22.0,0,9.6
2026-02-12 18:43:57.214254,15,6.03,19.6,22.0,0,8.91
2026-02-12 19:43:57.214254,16,2.87,18.9,22.0,0,6.93
2026-02-12 20:43:57.214254,14,2.83,15.2,22.0,0,6.86
2026-02-12 21:43:57.214254,13,2.58,14.3,22.0,0,6.38
2026-02-12 22:43:57.214254,1,2.81,15.8,26.0,0,5.09
2026-02-12 23:43:57.214254,1,2.74,15.6,26.0,0,5.2
2026-02-13 00:43:57.214254,2,2.94,14.4,26.0,0,5.57
2026-02-13 01:43:57.214254,1,2.85,13.7,26.0,0,4.03
2026-02-13 02:43:57.214254,1,2.84,13.0,26.0,0,4.58
2026-02-13 03:43:57.214254,2,2.82,14.0,26.0,0,5.08
2026-02-13 04:43:57.214254,1,2.82,16.2,26.0,0,5.38
2026-02-13 05:43:57.214254,2,2.79,20.6,26.0,0,5.15
2026-02-13 06:43:57.214254,2,2.88,18.9,26.0,0,4.68
2026-02-13 07:43:57.214254,1,2.85,18.7,22.0,0,6.2
2026-02-13 08:43:57.214254,2,6.41,24.1,22.0,0,9.47
2026-02-13 09:43:57.214254,25,8.35,24.8,22.0,0,11.4
2026-02-13 10:43:57.214254,34,8.73,23.6,22.0,0,11.09
2026-02-13 11:43:57.214254,35,8.34,26.6,22.0,0,13.01
2026-02-13 12:43:57.214254,28,7.73,26.5,22.0,0,11.82
2026-02-13 13:43:57.214254,33,7.19,27.9,22.0,0,12.77
2026-02-13 14:43:57.214254,34,8.37,25.4,22.0,0,12.21
2026-02-13 15:43:57.214254,36,7.61,25.9,22.0,0,12.36
2026-02-13 16:43:57.214254,26,7.79,21.6,22.0,0,8.74
2026-02-13 17:43:57.214254,25,7.69,20.3,22.0,0,9.72
2026-02-13 18:43:57.214254,15,6.34,20.0,22.0,0,8.22
2026-02-13 19:43:57.214254,14,2.59,16.3,22.0,0,6.14
2026-02-13 20:43:57.214254,16,2.82,14.5,22.0,0,6.52
2026-02-13 21:43:57.214254,13,2.88,17.4,22.0,0,6.88
2026-02-13 22:43:57.214254,1,2.68,12.1,26.0,0,4.83
2026-02-13 23:43:57.214254,1,2.65,14.0,26.0,0,5.04
2026-02-14 00:43:57.214254,0,2.96,14.3,26.0,1,5.06
2026-02-14 01:43:57.214254,1,2.61,13.7,26.0,1,4.53
2026-02-14 02:43:57.214254,0,2.87,14.8,26.0,1,4.68
2026-02-14 03:43:57.214254,0,2.6,16.0,26.0,1,4.84
2026-02-14 04:43:57.214254,0,2.81,16.5,26.0,1,5.15
2026-02-14 05:43:57.214254,0,2.82,20.6,26.0,1,5.12
2026-02-14 06:43:57.214254,1,2.6,22.3,26.0,1,4.59
2026-02-14 07:43:57.214254,1,2.61,20.6,26.0,1,6.45
2026-02-14 08:43:57.214254,1,2.78,22.9,26.0,1,5.74
2026-02-14 09:43:57.214254,0,2.67,21.7,26.0,1,5.98
2026-02-14 10:43:57.214254,7,2.97,26.8,26.0,1,7.23
2026-02-14 11:43:57.214254,7,2.92,26.2,26.0,1,6.29
2026-02-14 12:43:57.214254,7,2.99,26.8,26.0,1,7.29
2026-02-14 13:43:57.214254,7,2.6,26.4,26.0,1,6.65
2026-02-14 14:43:57.214254,8,2.73,23.9,26.0,1,6.12
2026-02-14 15:43:57.214254,8,2.8,22.7,26.0,1,6.5
2026-02-14 16:43:57.214254,8,2.99,24.9,26.0,1,6.57
2026-02-14 17:43:57.214254,0,2.69,23.8,26.0,1,6.34
2026-02-14 18:43:57.214254,1,2.58,19.7,26.0,1,6.22
2026-02-14 19:43:57.214254,1,2.99,17.0,26.0,1,6.21
2026-02-14 20:43:57.214254,0,3.0,17.2,26.0,1,6.54
2026-02-14 21:43:57.214254,1,2.76,16.4,26.0,1,6.41
2026-02-14 22:43:57.214254,0,2.67,15.0,26.0,1,4.67
2026-02-14 23:43:57.214254,1,2.66,16.4,26.0,1,5.75
2026-02-15 00:43:57.214254,1,2.7,13.2,26.0,1,4.41
2026-02-15 01:43:57.214254,0,2.89,13.2,26.0,1,4.11
2026-02-15 02:43:57.214254,0,2.93,15.1,26.0,1,4.89
2026-02-15 03:43:57.214254,1,2.89,17.5,26.0,1,4.88
2026-02-15 04:43:57.214254,1,2.56,15.9,26.0,1,5.19
2026-02-15 05:43:57.214254,1,2.86,19.5,26.0,1,5.0
2026-02-15 06:43:57.214254,0,2.52,19.4,26.0,1,4.33
2026-02-15 07:43:57.214254,0,2.98,20.2,26.0,1,5.58
2026-02-15 08:43:57.214254,1,2.69,23.4,26.0,1,6.63
2026-02-15 09:43:57.214254,0,2.7,25.7,26.0,1,6.25
2026-02-15 10:43:57.214254,7,2.94,22.7,26.0,1,7.02
2026-02-15 11:43:57.214254,7,2.88,25.8,26.0,1,6.73
2026-02-15 12:43:57.214254,7,2.84,26.2,26.0,1,7.01
2026-02-15 13:43:57.214254,8,2.73,29.4,26.0,1,8.08
2026-02-15 14:43:57.214254,6,2.81,25.4,26.0,1,6.49
2026-02-15 15:43:57.214254,7,2.67,25.7,26.0,1,6.37
2026-02-15 16:43:57.214254,8,2.55,21.8,26.0,1,6.06
2026-02-15 17:43:57.214254,0,2.56,20.9,26.0,1,6.33
2026-02-15 18:43:57.214254,0,2.68,18.5,26.0,1,6.11
2026-02-15 19:43:57.214254,0,2.82,18.1,26.0,1,5.85
2026-02-15 20:43:57.214254,0,2.74,16.8,26.0,1,6.14
2026-02-15 21:43:57.214254,1,2.76,14.2,26.0,1,5.7
2026-02-15 22:43:57.214254,1,2.51,14.6,26.0,1,4.42
2026-02-15 23:43:57.214254,0,2.66,15.3,26.0,1,4.74
2026-02-16 00:43:57.214254,2,2.95,14.0,26.0,0,5.41
2026-02-16 01:43:57.214254,1,2.73,15.1,26.0,0,5.21
2026-02-16 02:43:57.214254,1,2.53,17.4,26.0,0,4.85
2026-02-16 03:43:57.214254,1,2.8,13.3,26.0,0,4.79
2026-02-16 04:43:57.214254,1,2.81,17.4,26.0,0,4.98
2026-02-16 05:43:57.214254,1,2.89,16.2,26.0,0,5.21
2026-02-16 06:43:57.214254,1,2.67,18.6,26.0,0,4.22
2026-02-16 07:43:57.214254,2,2.99,20.9,22.0,0,6.73
2026-02-16 08:43:57.214254,2,7.4,22.7,22.0,0,8.57
2026-02-16 09:43:57.214254,18,6.94,22.6,22.0,0,9.04
2026-02-16 10:43:57.214254,30,6.35,24.4,22.0,0,10.75
2026-02-16 11:43:57.214254,38,6.28,25.6,22.0,0,11.41
2026-02-16 12:43:57.214254,31,8.09,27.2,22.0,0,13.06
2026-02-16 13:43:57.214254,42,7.73,24.1,22.0,0,10.81
2026-02-16 14:43:57.214254,39,7.92,25.4,22.0,0,12.08
2026-02-16 15:43:57.214254,34,6.0,24.5,22.0,0,9.97
2026-02-16 16:43:57.214254,21,6.25,25.2,22.0,0,10.03
2026-02-16 17:43:57.214254,18,8.11,24.5,22.0,0,10.32
2026-02-16 18:43:57.214254,17,7.02,19.0,22.0,0,8.88
2026-02-16 19:43:57.214254,15,3.0,18.8,22.0,0,6.31
2026-02-16 20:43:57.214254,11,2.99,16.7,22.0,0,6.32
2026-02-16 21:43:57.214254,15,2.97,15.3,22.0,0,6.97
2026-02-16 22:43:57.214254,1,2.91,13.0,26.0,0,4.82
2026-02-16 23:43:57.214254,1,2.72,17.3,26.0,0,4.59
2026-02-17 00:43:57.214254,2,2.7,14.6,26.0,0,5.26
2026-02-17 01:43:57.214254,1,2.85,15.4,26.0,0,4.88
2026-02-17 02:43:57.214254,2,2.71,14.3,26.0,0,4.5
2026-02-17 03:43:57.214254,1,2.6,16.0,26.0,0,4.93
2026-02-17 04:43:57.214254,2,2.9,17.7,26.0,0,5.16
2026-02-17 05:43:57.214254,2,2.54,20.9,26.0,0,5.05
2026-02-17 06:43:57.214254,2,2.99,20.5,26.0,0,4.85
2026-02-17 07:43:57.214254,2,2.55,20.0,22.0,0,6.08
2026-02-17 08:43:57.214254,1,6.28,19.8,22.0,0,6.85
2026-02-17 09:43:57.214254,20,6.54,23.5,22.0,0,9.84
2026-02-17 10:43:57.214254,31,6.52,24.6,22.0,0,10.46
2026-02-17 11:43:57.214254,33,7.26,25.0,22.0,0,11.22
2026-02-17 12:43:57.214254,26,7.52,27.7,22.0,0,12.59
2026-02-17 13:43:57.214254,33,7.98,26.4,22.0,0,12.18
2026-02-17 14:43:57.214254,27,6.86,26.5,22.0,0,11.9
2026-02-17 15:43:57.214254,40,6.84,26.7,22.0,0,13.07
2026-02-17 16:43:57.214254,24,6.66,21.4,22.0,0,8.7
2026-02-17 17:43:57.214254,23,8.96,20.3,22.0,0,10.2
2026-02-17 18:43:57.214254,10,7.44,16.7,22.0,0,8.11
2026-02-17 19:43:57.214254,12,2.71,16.2,22.0,0,6.33
2026-02-17 20:43:57.214254,16,2.51,20.1,22.0,0,6.93
2026-02-17 21:43:57.214254,11,2.87,14.5,22.0,0,6.83
2026-02-17 22:43:57.214254,2,2.71,16.0,26.0,0,5.25
2026-02-17 23:43:57.214254,1,2.8,12.5,26.0,0,4.91
2026-02-18 00:43:57.214254,2,2.71,16.4,26.0,0,4.25
2026-02-18 01:43:57.214254,1,2.53,13.6,26.0,0,5.51
2026-02-18 02:43:57.214254,1,2.91,14.0,26.0,0,5.39
2026-02-18 03:43:57.214254,2,2.93,15.7,26.0,0,5.03
2026-02-18 04:43:57.214254,2,2.56,17.5,26.0,0,4.72
2026-02-18 05:43:57.214254,2,2.95,18.3,26.0,0,5.38
2026-02-18 06:43:57.214254,1,2.89,18.0,26.0,0,4.57
2026-02-18 07:43:57.214254,1,2.94,22.6,22.0,0,6.75
2026-02-18 08:43:57.214254,2,6.94,26.2,22.0,0,10.83
2026-02-18 09:43:57.214254,21,7.13,25.5,22.0,0,11.08
2026-02-18 10:43:57.214254,32,7.43,28.5,22.0,0,14.08
2026-02-18 11:43:57.214254,43,8.07,25.8,22.0,0,12.74
2026-02-18 12:43:57.214254,34,9.0,27.5,22.0,0,13.45
2026-02-18 13:43:57.214254,35,8.17,24.9,22.0,0,11.76
2026-02-18 14:43:57.214254,29,7.45,24.4,22.0,0,10.98
2026-02-18 15:43:57.214254,38,6.93,25.9,22.0,0,12.69
2026-02-18 16:43:57.214254,22,6.6,23.0,22.0,0,9.73
2026-02-18 17:43:57.214254,21,6.05,22.4,22.0,0,8.97
2026-02-18 18:43:57.214254,13,8.31,21.3,22.0,0,8.52
2026-02-18 19:43:57.214254,13,2.86,21.4,22.0,0,7.45
2026-02-18 20:43:57.214254,19,2.65,16.9,22.0,0,6.98
2026-02-18 21:43:57.214254,15,2.79,15.9,22.0,0,6.66
2026-02-18 22:43:57.214254,1,2.88,14.7,26.0,0,4.64
2026-02-18 23:43:57.214254,2,2.54,15.4,26.0,0,4.26
2026-02-19 00:43:57.214254,2,2.95,12.7,26.0,0,4.62
2026-02-19 01:43:57.214254,2,2.64,15.3,26.0,0,5.29
2026-02-19 02:43:57.214254,2,2.59,17.5,26.0,0,6.1
2026-02-19 03:43:57.214254,1,2.68,17.6,26.0,0,4.71
2026-02-19 04:43:57.214254,1,2.54,17.5,26.0,0,5.58
2026-02-19 05:43:57.214254,1,2.88,18.7,26.0,0,5.02
2026-02-19 06:43:57.214254,1,2.53,20.4,26.0,0,5.13
2026-02-19 07:43:57.214254,2,2.68,23.0,22.0,0,6.47
2026-02-19 08:43:57.214254,2,7.31,25.7,22.0,0,10.53
2026-02-19 09:43:57.214254,19,7.82,25.9,22.0,0,11.89
2026-02-19 10:43:57.214254,37,8.44,25.5,22.0,0,12.57
2026-02-19 11:43:57.214254,40,7.26,26.2,22.0,0,12.67
2026-02-19 12:43:57.214254,37,7.55,27.6,22.0,0,12.6
2026-02-19 13:43:57.214254,37,7.09,28.6,22.0,0,13.87
2026-02-19 14:43:57.214254,31,6.45,25.1,22.0,0,11.61
2026-02-19 15:43:57.214254,34,7.05,25.8,22.0,0,12.11
2026-02-19 16:43:57.214254,22,8.01,23.4,22.0,0,9.9
2026-02-19 17:43:57.214254,24,6.78,21.4,22.0,0,8.37
2026-02-19 18:43:57.214254,14,7.51,22.5,22.0,0,8.66
2026-02-19 19:43:57.214254,14,2.84,17.2,22.0,0,6.64
2026-02-19 20:43:57.214254,16,2.55,16.1,22.0,0,7.17
2026-02-19 21:43:57.214254,13,2.62,18.9,22.0,0,6.41
2026-02-19 22:43:57.214254,2,2.8,16.6,26.0,0,4.92
2026-02-19 23:43:57.214254,2,2.63,15.3,26.0,0,4.99
2026-02-20 00:43:57.214254,1,2.52,16.3,26.0,0,5.12
2026-02-20 01:43:57.214254,2,2.86,16.7,26.0,0,4.06
2026-02-20 02:43:57.214254,2,2.55,17.3,26.0,0,4.67
2026-02-20 03:43:57.214254,2,2.68,16.2,26.0,0,5.69
2026-02-20 04:43:57.214254,2,2.9,17.4,26.0,0,5.83
2026-02-20 05:43:57.214254,1,2.65,21.5,26.0,0,4.99
2026-02-20 06:43:57.214254,2,2.71,20.9,26.0,0,4.89
2026-02-20 07:43:57.214254,2,2.56,24.6,22.0,0,8.09
2026-02-20 08:43:57.214254,2,8.07,22.8,22.0,0,8.67
2026-02-20 09:43:57.214254,28,8.8,23.0,22.0,0,11.15
2026-02-20 10:43:57.214254,36,6.0,26.9,22.0,0,11.75
2026-02-20 11:43:57.214254,33,7.26,27.5,22.0,0,13.08
2026-02-20 12:43:57.214254,37,6.19,27.5,22.0,0,12.95
2026-02-20 13:43:57.214254,36,7.67,27.6,22.0,0,12.82
2026-02-20 14:43:57.214254,36,8.19,28.5,22.0,0,13.58
2026-02-20 15:43:57.214254,29,7.03,25.4,22.0,0,11.51
2026-02-20 16:43:57.214254,18,6.06,25.7,22.0,0,10.57
2026-02-20 17:43:57.214254,21,6.42,24.6,22.0,0,10.77
2026-02-20 18:43:57.214254,15,8.96,19.7,22.0,0,9.95
2026-02-20 19:43:57.214254,16,2.6,17.2,22.0,0,6.56
2026-02-20 20:43:57.214254,14,2.93,16.2,22.0,0,7.39
2026-02-20 21:43:57.214254,18,2.76,17.4,22.0,0,7.39
2026-02-20 22:43:57.214254,1,2.98,18.2,26.0,0,5.14
2026-02-20 23:43:57.214254,2,2.87,16.8,26.0,0,4.96
2026-02-21 00:43:57.214254,0,2.65,15.3,26.0,1,4.95
2026-02-21 01:43:57.214254,0,2.94,14.8,26.0,1,5.48
2026-02-21 02:43:57.214254,0,2.84,16.0,26.0,1,5.09
2026-02-21 03:43:57.214254,0,2.59,18.3,26.0,1,4.73
2026-02-21 04:43:57.214254,0,2.58,18.7,26.0,1,4.98
2026-02-21 05:43:57.214254,1,2.61,21.0,26.0,1,4.76
2026-02-21 06:43:57.214254,0,2.88,21.2,26.0,1,5.04
2026-02-21 07:43:57.214254,1,2.54,24.7,26.0,1,6.69
2026-02-21 08:43:57.214254,1,2.87,23.2,26.0,1,5.83
2026-02-21 09:43:57.214254,0,2.58,28.0,26.0,1,7.35
2026-02-21 10:43:57.214254,7,2.86,21.0,26.0,1,7.23
2026-02-21 11:43:57.214254,7,2.59,30.0,26.0,1,9.39
2026-02-21 12:43:57.214254,10,2.54,27.5,26.0,1,7.5
2026-02-21 13:43:57.214254,8,2.77,26.8,26.0,1,7.22
2026-02-21 14:43:57.214254,8,2.56,24.9,26.0,1,6.37
2026-02-21 15:43:57.214254,8,2.81,29.5,26.0,1,8.04
2026-02-21 16:43:57.214254,8,2.57,24.3,26.0,1,6.56
2026-02-21 17:43:57.214254,1,2.97,21.6,26.0,1,5.86
2026-02-21 18:43:57.214254,0,2.9,18.7,26.0,1,5.54
2026-02-21 19:43:57.214254,0,2.98,20.7,26.0,1,6.17
2026-02-21 20:43:57.214254,1,2.58,17.6,26.0,1,6.64
2026-02-21 21:43:57.214254,0,2.77,17.6,26.0,1,5.67
2026-02-21 22:43:57.214254,1,2.7,13.7,26.0,1,5.46
2026-02-21 23:43:57.214254,0,2.84,15.0,26.0,1,5.05
2026-02-22 00:43:57.214254,1,2.56,18.3,26.0,1,4.81
2026-02-22 01:43:57.214254,1,2.95,17.9,26.0,1,5.1
2026-02-22 02:43:57.214254,1,2.73,18.4,26.0,1,4.86
2026-02-22 03:43:57.214254,1,2.63,18.4,26.0,1,5.11
2026-02-22 04:43:57.214254,0,2.91,18.4,26.0,1,5.89
2026-02-22 05:43:57.214254,0,2.68,17.8,26.0,1,4.88
2026-02-22 06:43:57.214254,1,2.82,20.7,26.0,1,5.33
2026-02-22 07:43:57.214254,1,2.68,23.1,26.0,1,6.14
2026-02-22 08:43:57.214254,1,2.61,25.6,26.0,1,6.64
2026-02-22 09:43:57.214254,1,2.94,24.4,26.0,1,6.13
2026-02-22 10:43:57.214254,6,2.72,27.2,26.0,1,7.4
2026-02-22 11:43:57.214254,5,2.72,28.8,26.0,1,8.22
2026-02-22 12:43:57.214254,9,2.94,27.0,26.0,1,6.85
2026-02-22 13:43:57.214254,8,2.64,24.9,26.0,1,6.38
2026-02-22 14:43:57.214254,6,2.52,27.7,26.0,1,7.76
2026-02-22 15:43:57.214254,8,2.61,25.5,26.0,1,6.94
2026-02-22 16:43:57.214254,7,2.91,25.4,26.0,1,5.78
2026-02-22 17:43:57.214254,1,2.87,24.2,26.0,1,6.41
2026-02-22 18:43:57.214254,1,2.54,20.3,26.0,1,6.54
2026-02-22 19:43:57.214254,0,2.73,21.8,26.0,1,6.5
2026-02-22 20:43:57.214254,1,2.69,22.1,26.0,1,5.55
2026-02-22 21:43:57.214254,1,2.8,18.8,26.0,1,5.92
2026-02-22 22:43:57.214254,0,2.79,17.7,26.0,1,5.44
2026-02-22 23:43:57.214254,0,2.51,16.8,26.0,1,4.34
2026-02-23 00:43:57.214254,2,2.76,14.3,26.0,0,5.03
2026-02-23 01:43:57.214254,1,2.84,16.2,26.0,0,4.5
2026-02-23 02:43:57.214254,2,2.79,18.7,26.0,0,4.71
2026-02-23 03:43:57.214254,1,2.76,16.9,26.0,0,4.95
2026-02-23 04:43:57.214254,2,2.73,18.0,26.0,0,5.63
2026-02-23 05:43:57.214254,2,2.7,17.8,26.0,0,4.77
2026-02-23 06:43:57.214254,2,2.92,19.4,26.0,0,5.43
2026-02-23 07:43:57.214254,1,2.72,23.2,22.0,0,7.73
2026-02-23 08:43:57.214254,1,8.69,26.0,22.0,0,11.12
2026-02-23 09:43:57.214254,20,8.1,26.3,22.0,0,12.46
2026-02-23 10:43:57.214254,40,6.63,27.0,22.0,0,12.83
2026-02-23 11:43:57.214254,40,8.24,28.9,22.0,0,14.14
2026-02-23 12:43:57.214254,39,6.32,27.2,22.0,0,12.35
2026-02-23 13:43:57.214254,32,6.36,29.6,22.0,0,13.95
2026-02-23 14:43:57.214254,33,6.72,27.7,22.0,0,12.52
2026-02-23 15:43:57.214254,30,8.45,25.2,22.0,0,12.27
2026-02-23 16:43:57.214254,23,6.36,25.9,22.0,0,10.94
2026-02-23 17:43:57.214254,20,6.46,27.1,22.0,0,10.61
2026-02-23 18:43:57.214254,15,6.26,23.5,22.0,0,9.7
2026-02-23 19:43:57.214254,16,2.75,21.5,22.0,0,5.94
2026-02-23 20:43:57.214254,14,2.78,18.9,22.0,0,6.0
2026-02-23 21:43:57.214254,16,2.7,18.7,22.0,0,6.64
2026-02-23 22:43:57.214254,2,2.73,15.6,26.0,0,4.65
2026-02-23 23:43:57.214254,1,2.53,15.7,26.0,0,5.36
2026-02-24 00:43:57.214254,2,2.88,18.1,26.0,0,4.72
2026-02-24 01:43:57.214254,1,2.87,15.6,26.0,0,5.45
2026-02-24 02:43:57.214254,1,2.7,17.6,26.0,0,5.66
2026-02-24 03:43:57.214254,1,2.88,19.1,26.0,0,5.57
2026-02-24 04:43:57.214254,1,2.56,19.1,26.0,0,5.4
2026-02-24 05:43:57.214254,2,2.99,20.0,26.0,0,4.93
2026-02-24 06:43:57.214254,2,2.56,22.3,26.0,0,5.27
2026-02-24 07:43:57.214254,2,2.79,24.4,22.0,0,7.17
2026-02-24 08:43:57.214254,2,6.41,26.4,22.0,0,10.56
2026-02-24 09:43:57.214254,23,8.08,25.4,22.0,0,11.57
2026-02-24 10:43:57.214254,37,8.5,26.2,22.0,0,12.45
2026-02-24 11:43:57.214254,33,6.16,29.7,22.0,0,13.46
2026-02-24 12:43:57.214254,34,8.14,27.9,22.0,0,14.1
2026-02-24 13:43:57.214254,37,8.42,27.7,22.0,0,14.2
2026-02-24 14:43:57.214254,39,8.19,27.2,22.0,0,13.32
2026-02-24 15:43:57.214254,33,6.98,25.7,22.0,0,11.67
2026-02-24 16:43:57.214254,19,8.57,23.0,22.0,0,9.92
2026-02-24 17:43:57.214254,23,7.11,25.9,22.0,0,11.87
2026-02-24 18:43:57.214254,15,8.69,23.5,22.0,0,10.43
2026-02-24 19:43:57.214254,16,2.81,21.0,22.0,0,7.19
2026-02-24 20:43:57.214254,16,2.76,16.7,22.0,0,7.37
2026-02-24 21:43:57.214254,13,2.72,18.6,22.0,0,6.87
2026-02-24 22:43:57.214254,1,2.61,17.6,26.0,0,5.45
2026-02-24 23:43:57.214254,1,2.68,15.9,26.0,0,5.27
2026-02-25 00:43:57.214254,1,2.69,14.3,26.0,0,5.29
2026-02-25 01:43:57.214254,1,2.71,15.2,26.0,0,4.2
2026-02-25 02:43:57.214254,2,2.57,18.3,26.0,0,4.3
2026-02-25 03:43:57.214254,2,2.8,18.4,26.0,0,4.47
2026-02-25 04:43:57.214254,1,2.71,20.4,26.0,0,4.6
2026-02-25 05:43:57.214254,2,2.73,20.3,26.0,0,4.28
2026-02-25 06:43:57.214254,2,2.77,21.2,26.0,0,5.42
2026-02-25 07:43:57.214254,2,2.73,24.3,22.0,0,8.06
2026-02-25 08:43:57.214254,1,8.32,26.0,22.0,0,10.98
2026-02-25 09:43:57.214254,27,8.7,26.5,22.0,0,12.45
2026-02-25 10:43:57.214254,35,8.6,29.2,22.0,0,14.94
2026-02-25 11:43:57.214254,32,7.15,29.5,22.0,0,14.05
2026-02-25 12:43:57.214254,37,8.1,30.7,22.0,0,15.14
2026-02-25 13:43:57.214254,38,8.49,31.6,22.0,0,16.16
2026-02-25 14:43:57.214254,36,8.69,27.0,22.0,0,13.09
2026-02-25 15:43:57.214254,27,7.9,26.6,22.0,0,12.18
2026-02-25 16:43:57.214254,22,7.79,26.0,22.0,0,11.81
2026-02-25 17:43:57.214254,21,8.1,24.0,22.0,0,10.39
2026-02-25 18:43:57.214254,14,7.7,20.2,22.0,0,8.21
2026-02-25 19:43:57.214254,11,2.95,19.9,22.0,0,7.14
2026-02-25 20:43:57.214254,13,2.85,20.8,22.0,0,7.0
2026-02-25 21:43:57.214254,13,2.63,18.1,22.0,0,6.6
2026-02-25 22:43:57.214254,2,2.78,14.2,26.0,0,4.74
2026-02-25 23:43:57.214254,1,2.53,16.7,26.0,0,5.54
2026-02-26 00:43:57.214254,1,2.99,18.6,26.0,0,4.83
2026-02-26 01:43:57.214254,2,2.77,16.9,26.0,0,5.72
2026-02-26 02:43:57.214254,2,2.7,19.9,26.0,0,4.69
2026-02-26 03:43:57.214254,2,2.53,16.7,26.0,0,5.34
2026-02-26 04:43:57.214254,2,2.97,19.5,26.0,0,4.87
2026-02-26 05:43:57.214254,2,2.67,23.0,26.0,0,4.73
2026-02-26 06:43:57.214254,1,2.81,22.6,26.0,0,4.7
2026-02-26 07:43:57.214254,2,2.61,25.0,22.0,0,8.14
2026-02-26 08:43:57.214254,1,6.97,26.3,22.0,0,11.29
2026-02-26 09:43:57.214254,21,8.49,26.2,22.0,0,11.6
2026-02-26 10:43:57.214254,31,7.58,26.6,22.0,0,12.26
2026-02-26 11:43:57.214254,34,6.46,29.6,22.0,0,14.12
2026-02-26 12:43:57.214254,32,6.28,29.0,22.0,0,12.77
2026-02-26 13:43:57.214254,34,7.39,31.1,22.0,0,15.69
2026-02-26 14:43:57.214254,33,7.13,25.5,22.0,0,11.03
2026-02-26 15:43:57.214254,32,8.83,27.5,22.0,0,13.3
2026-02-26 16:43:57.214254,20,8.53,29.0,22.0,0,14.12
2026-02-26 17:43:57.214254,20,8.8,26.6,22.0,0,12.66
2026-02-26 18:43:57.214254,13,6.96,25.6,22.0,0,10.75
2026-02-26 19:43:57.214254,14,2.93,20.1,22.0,0,6.73
2026-02-26 20:43:57.214254,13,2.76,19.9,22.0,0,6.25
2026-02-26 21:43:57.214254,16,2.57,18.6,22.0,0,6.41
2026-02-26 22:43:57.214254,2,2.51,16.7,26.0,0,4.25
2026-02-26 23:43:57.214254,2,2.55,19.3,26.0,0,4.89
2026-02-27 00:43:57.214254,2,2.8,17.8,26.0,0,5.05
2026-02-27 01:43:57.214254,2,2.9,19.8,26.0,0,5.76
2026-02-27 02:43:57.214254,2,2.53,17.8,26.0,0,4.85
2026-02-27 03:43:57.214254,2,2.81,17.3,26.0,0,4.94
2026-02-27 04:43:57.214254,1,2.53,23.6,26.0,0,4.73
2026-02-27 05:43:57.214254,1,2.58,20.6,26.0,0,4.55
2026-02-27 06:43:57.214254,1,2.73,24.3,26.0,0,4.8
2026-02-27 07:43:57.214254,2,2.96,24.4,22.0,0,7.34
2026-02-27 08:43:57.214254,2,8.09,28.0,22.0,0,12.05
2026-02-27 09:43:57.214254,21,6.75,29.2,22.0,0,13.11
2026-02-27 10:43:57.214254,31,8.86,29.8,22.0,0,14.16
2026-02-27 11:43:57.214254,40,8.59,27.8,22.0,0,13.53
2026-02-27 12:43:57.214254,30,6.65,31.8,22.0,0,15.41
2026-02-27 13:43:57.214254,36,6.78,30.3,22.0,0,14.56
2026-02-27 14:43:57.214254,37,7.63,30.4,22.0,0,14.82
2026-02-27 15:43:57.214254,38,7.19,28.5,22.0,0,12.97
2026-02-27 16:43:57.214254,21,7.43,29.1,22.0,0,13.28
2026-02-27 17:43:57.214254,23,8.78,25.8,22.0,0,11.51
2026-02-27 18:43:57.214254,15,6.8,25.2,22.0,0,10.28
2026-02-27 19:43:57.214254,14,2.89,24.8,22.0,0,8.61
2026-02-27 20:43:57.214254,14,2.65,20.5,22.0,0,7.19
2026-02-27 21:43:57.214254,11,2.85,18.3,22.0,0,6.61
2026-02-27 22:43:57.214254,2,2.86,17.3,26.0,0,5.66
2026-02-27 23:43:57.214254,1,2.91,18.6,26.0,0,4.62
2026-02-28 00:43:57.214254,1,2.65,17.7,26.0,1,4.29
2026-02-28 01:43:57.214254,0,2.89,20.2,26.0,1,4.5
2026-02-28 02:43:57.214254,1,2.67,21.6,26.0,1,5.38
2026-02-28 03:43:57.214254,0,2.72,20.6,26.0,1,4.74
2026-02-28 04:43:57.214254,0,2.82,21.0,26.0,1,4.57
2026-02-28 05:43:57.214254,1,2.98,24.0,26.0,1,4.44
2026-02-28 06:43:57.214254,1,2.52,25.9,26.0,1,4.95
2026-02-28 07:43:57.214254,0,2.63,26.2,26.0,1,6.61
2026-02-28 08:43:57.214254,1,2.96,26.8,26.0,1,6.54
2026-02-28 09:43:57.214254,1,2.78,32.1,26.0,1,10.06
2026-02-28 10:43:57.214254,8,2.97,29.6,26.0,1,8.71
2026-02-28 11:43:57.214254,7,2.63,29.1,26.0,1,7.75
2026-02-28 12:43:57.214254,7,2.95,32.1,26.0,1,9.7
2026-02-28 13:43:57.214254,8,2.68,31.0,26.0,1,9.26
2026-02-28 14:43:57.214254,8,2.97,28.9,26.0,1,8.55
2026-02-28 15:43:57.214254,8,2.85,28.1,26.0,1,7.12
2026-02-28 16:43:57.214254,9,2.78,29.0,26.0,1,8.58
2026-02-28 17:43:57.214254,0,2.58,29.4,26.0,1,8.11
2026-02-28 18:43:57.214254,1,3.0,24.4,26.0,1,6.54
2026-02-28 19:43:57.214254,1,2.74,24.2,26.0,1,5.8
2026-02-28 20:43:57.214254,0,2.94,19.8,26.0,1,5.78
2026-02-28 21:43:57.214254,1,2.93,19.0,26.0,1,5.86
2026-02-28 22:43:57.214254,0,2.75,19.9,26.0,1,5.22
2026-02-28 23:43:57.214254,1,2.97,17.1,26.0,1,5.05
2026-03-01 00:43:57.214254,0,2.75,20.9,26.0,1,5.39
2026-03-01 01:43:57.214254,0,3.0,19.2,26.0,1,4.16
2026-03-01 02:43:57.214254,0,2.82,20.9,26.0,1,5.07
2026-03-01 03:43:57.214254,0,2.7,20.0,26.0,1,4.78
2026-03-01 04:43:57.214254,0,2.68,20.9,26.0,1,4.27
2026-03-01 05:43:57.214254,0,2.52,26.1,26.0,1,5.11
2026-03-01 06:43:57.214254,0,2.68,25.9,26.0,1,4.8
2026-03-01 07:43:57.214254,1,2.68,26.0,26.0,1,6.8
2026-03-01 08:43:57.214254,0,2.72,29.7,26.0,1,8.72
2026-03-01 09:43:57.214254,0,2.99,30.3,26.0,1,8.97
2026-03-01 10:43:57.214254,7,2.8,32.6,26.0,1,11.08
2026-03-01 11:43:57.214254,9,2.71,30.3,26.0,1,9.57
2026-03-01 12:43:57.214254,8,2.94,31.9,26.0,1,9.55
2026-03-01 13:43:57.214254,8,3.0,30.2,26.0,1,9.61
2026-03-01 14:43:57.214254,9,2.95,29.7,26.0,1,8.57
2026-03-01 15:43:57.214254,7,2.59,30.5,26.0,1,9.67
2026-03-01 16:43:57.214254,8,2.89,31.9,26.0,1,9.94
2026-03-01 17:43:57.214254,0,2.82,27.0,26.0,1,6.72
2026-03-01 18:43:57.214254,1,2.6,25.0,26.0,1,5.48
2026-03-01 19:43:57.214254,0,2.85,23.4,26.0,1,6.25
2026-03-01 20:43:57.214254,1,2.59,24.9,26.0,1,5.9
2026-03-01 21:43:57.214254,1,2.96,21.2,26.0,1,6.2
2026-03-01 22:43:57.214254,0,2.69,21.3,26.0,1,4.31
2026-03-01 23:43:57.214254,0,2.86,20.3,26.0,1,5.18
2026-03-02 00:43:57.214254,1,2.63,20.1,26.0,0,4.79
2026-03-02 01:43:57.214254,2,2.72,20.9,26.0,0,4.89
2026-03-02 02:43:57.214254,1,2.78,18.7,26.0,0,4.74
2026-03-02 03:43:57.214254,1,2.56,23.3,26.0,0,5.3
2026-03-02 04:43:57.214254,2,2.98,24.3,26.0,0,5.1
2026-03-02 05:43:57.214254,1,2.8,25.0,26.0,0,5.34
2026-03-02 06:43:57.214254,1,2.67,26.4,26.0,0,5.04
2026-03-02 07:43:57.214254,1,2.74,27.9,22.0,0,9.45
2026-03-02 08:43:57.214254,2,8.43,33.2,22.0,0,15.35
2026-03-02 09:43:57.214254,22,6.99,30.1,22.0,0,13.9
2026-03-02 10:43:57.214254,41,8.81,32.1,22.0,0,17.09
2026-03-02 11:43:57.214254,34,6.4,32.2,22.0,0,15.22
2026-03-02 12:43:57.214254,30,8.42,30.8,22.0,0,15.51
2026-03-02 13:43:57.214254,34,8.17,30.3,22.0,0,15.02
2026-03-02 14:43:57.214254,33,6.33,31.3,22.0,0,15.1
2026-03-02 15:43:57.214254,42,8.0,31.3,22.0,0,15.9
2026-03-02 16:43:57.214254,23,8.2,29.3,22.0,0,14.37
2026-03-02 17:43:57.214254,23,7.75,25.0,22.0,0,11.22
2026-03-02 18:43:57.214254,14,8.54,28.0,22.0,0,12.86
2026-03-02 19:43:57.214254,14,2.76,24.4,22.0,0,8.13
2026-03-02 20:43:57.214254,14,2.77,22.2,22.0,0,6.46
2026-03-02 21:43:57.214254,18,2.61,21.1,22.0,0,5.96
2026-03-02 22:43:57.214254,2,2.58,20.5,26.0,0,5.1
2026-03-02 23:43:57.214254,2,2.77,19.4,26.0,0,5.19
2026-03-03 00:43:57.214254,1,2.81,22.0,26.0,0,4.99
2026-03-03 01:43:57.214254,1,2.9,18.6,26.0,0,4.65
2026-03-03 02:43:57.214254,2,2.58,22.4,26.0,0,4.93
2026-03-03 03:43:57.214254,2,2.91,22.4,26.0,0,5.4
2026-03-03 04:43:57.214254,1,2.79,23.9,26.0,0,5.75
2026-03-03 05:43:57.214254,1,2.72,23.2,26.0,0,6.06
2026-03-03 06:43:57.214254,1,2.62,24.7,26.0,0,5.23
2026-03-03 07:43:57.214254,1,2.92,27.7,22.0,0,9.63
2026-03-03 08:43:57.214254,1,6.93,30.0,22.0,0,12.43
2026-03-03 09:43:57.214254,17,8.69,30.0,22.0,0,14.13
2026-03-03 10:43:57.214254,31,7.49,32.5,22.0,0,14.92
2026-03-03 11:43:57.214254,35,6.66,32.0,22.0,0,15.58
2026-03-03 12:43:57.214254,34,7.2,32.0,22.0,0,15.01
2026-03-03 13:43:57.214254,32,8.08,34.0,22.0,0,16.82
2026-03-03 14:43:57.214254,29,7.21,31.8,22.0,0,14.43
2026-03-03 15:43:57.214254,34,7.58,32.0,22.0,0,16.27
2026-03-03 16:43:57.214254,17,7.18,28.0,22.0,0,12.22
2026-03-03 17:43:57.214254,20,6.87,29.9,22.0,0,12.89
2026-03-03 18:43:57.214254,15,8.73,26.9,22.0,0,12.48
2026-03-03 19:43:57.214254,14,2.84,23.1,22.0,0,7.75
2026-03-03 20:43:57.214254,17,2.57,22.8,22.0,0,7.36
2026-03-03 21:43:57.214254,14,2.94,22.6,22.0,0,6.83
2026-03-03 22:43:57.214254,2,2.83,22.1,26.0,0,5.43
2026-03-03 23:43:57.214254,2,2.83,20.1,26.0,0,4.2
2026-03-04 00:43:57.214254,1,2.61,21.4,26.0,0,4.9
2026-03-04 01:43:57.214254,1,2.8,22.1,26.0,0,4.91
2026-03-04 02:43:57.214254,2,2.91,22.4,26.0,0,5.72
2026-03-04 03:43:57.214254,2,2.92,23.3,26.0,0,5.06
2026-03-04 04:43:57.214254,2,2.81,22.1,26.0,0,5.17
2026-03-04 05:43:57.214254,1,2.8,22.7,26.0,0,5.23
2026-03-04 06:43:57.214254,1,2.76,29.1,26.0,0,6.93
2026-03-04 07:43:57.214254,1,2.76,28.9,22.0,0,10.06
2026-03-04 08:43:57.214254,2,6.8,29.6,22.0,0,12.28
2026-03-04 09:43:57.214254,24,7.99,30.6,22.0,0,14.19
2026-03-04 10:43:57.214254,35,8.34,32.6,22.0,0,17.02
2026-03-04 11:43:57.214254,31,7.38,35.7,22.0,0,17.66
2026-03-04 12:43:57.214254,38,6.01,34.6,22.0,0,16.87
2026-03-04 13:43:57.214254,39,6.14,34.2,22.0,0,16.5
2026-03-04 14:43:57.214254,35,8.8,33.5,22.0,0,17.5
2026-03-04 15:43:57.214254,32,8.05,35.5,22.0,0,18.05
2026-03-04 16:43:57.214254,22,6.48,29.2,22.0,0,13.18
2026-03-04 17:43:57.214254,27,8.27,32.2,22.0,0,16.34
2026-03-04 18:43:57.214254,12,6.65,29.1,22.0,0,12.84
2026-03-04 19:43:57.214254,14,2.78,25.4,22.0,0,9.22
2026-03-04 20:43:57.214254,15,2.86,23.4,22.0,0,7.82
2026-03-04 21:43:57.214254,13,2.96,22.9,22.0,0,7.52
2026-03-04 22:43:57.214254,1,2.66,20.8,26.0,0,4.99
2026-03-04 23:43:57.214254,1,2.81,21.1,26.0,0,4.73
