timestamp,occupancy,is_weekend,temp_outside,electricity_kwh
2025-12-05 01:32:16.485070,1,0,19.9,10.06
2025-12-05 02:32:16.485070,1,0,19.2,10.2
2025-12-05 03:32:16.485070,1,0,24.1,10.1
2025-12-05 04:32:16.485070,1,0,23.8,9.92
2025-12-05 05:32:16.485070,2,0,27.4,9.84
2025-12-05 06:32:16.485070,2,0,26.3,10.38
2025-12-05 07:32:16.485070,17,0,26.9,15.9
2025-12-05 08:32:16.485070,45,0,29.3,20.63
2025-12-05 09:32:16.485070,34,0,28.6,18.84
2025-12-05 10:32:16.485070,71,0,32.1,21.9
2025-12-05 11:32:16.485070,49,0,32.4,22.77
2025-12-05 12:32:16.485070,58,0,31.3,22.24
2025-12-05 13:32:16.485070,66,0,32.9,23.77
2025-12-05 14:32:16.485070,52,0,28.8,20.0
2025-12-05 15:32:16.485070,54,0,30.3,20.94
2025-12-05 16:32:16.485070,47,0,29.9,21.43
2025-12-05 17:32:16.485070,43,0,26.6,19.0
2025-12-05 18:32:16.485070,20,0,26.6,17.57
2025-12-05 19:32:16.485070,18,0,26.1,15.69
2025-12-05 20:32:16.485070,1,0,21.6,9.56
2025-12-05 21:32:16.485070,2,0,24.4,9.58
2025-12-05 22:32:16.485070,2,0,22.0,10.19
2025-12-05 23:32:16.485070,2,0,21.8,10.04
2025-12-06 00:32:16.485070,0,1,21.9,11.34
2025-12-06 01:32:16.485070,0,1,22.8,11.93
2025-12-06 02:32:16.485070,0,1,24.2,10.64
2025-12-06 03:32:16.485070,0,1,22.8,10.32
2025-12-06 04:32:16.485070,1,1,23.8,10.47
2025-12-06 05:32:16.485070,1,1,26.4,11.22
2025-12-06 06:32:16.485070,1,1,28.9,11.11
2025-12-06 07:32:16.485070,0,1,26.9,12.43
2025-12-06 08:32:16.485070,0,1,30.1,12.61
2025-12-06 09:32:16.485070,0,1,29.0,12.99
2025-12-06 10:32:16.485070,3,1,31.0,12.97
2025-12-06 11:32:16.485070,2,1,31.2,13.32
2025-12-06 12:32:16.485070,2,1,31.3,13.06
2025-12-06 13:32:16.485070,3,1,31.0,13.26
2025-12-06 14:32:16.485070,3,1,27.1,12.74
2025-12-06 15:32:16.485070,0,1,32.2,13.03
2025-12-06 16:32:16.485070,1,1,28.6,12.26
2025-12-06 17:32:16.485070,1,1,26.5,13.32
2025-12-06 18:32:16.485070,0,1,27.1,13.06
2025-12-06 19:32:16.485070,0,1,25.2,12.58
2025-12-06 20:32:16.485070,0,1,23.9,11.26
2025-12-06 21:32:16.485070,1,1,22.0,10.75
2025-12-06 22:32:16.485070,1,1,21.7,10.51
2025-12-06 23:32:16.485070,0,1,21.4,11.0
2025-12-07 00:32:16.485070,1,1,21.3,10.17
2025-12-07 01:32:16.485070,1,1,22.2,10.89
2025-12-07 02:32:16.485070,0,1,21.4,10.69
2025-12-07 03:32:16.485070,1,1,24.0,10.64
2025-12-07 04:32:16.485070,0,1,24.9,10.77
2025-12-07 05:32:16.485070,0,1,25.1,11.81
2025-12-07 06:32:16.485070,1,1,28.5,10.93
2025-12-07 07:32:16.485070,1,1,26.0,12.81
2025-12-07 08:32:16.485070,1,1,31.2,13.69
2025-12-07 09:32:16.485070,0,1,29.3,13.36
2025-12-07 10:32:16.485070,2,1,31.3,12.99
2025-12-07 11:32:16.485070,3,1,31.6,13.29
2025-12-07 12:32:16.485070,3,1,32.5,13.45
2025-12-07 13:32:16.485070,3,1,32.1,13.65
2025-12-07 14:32:16.485070,3,1,32.6,12.65
2025-12-07 15:32:16.485070,0,1,29.6,12.73
2025-12-07 16:32:16.485070,1,1,31.0,13.12
2025-12-07 17:32:16.485070,1,1,27.8,12.95
2025-12-07 18:32:16.485070,0,1,26.3,12.65
2025-12-07 19:32:16.485070,1,1,24.1,13.04
2025-12-07 20:32:16.485070,0,1,25.1,11.46
2025-12-07 21:32:16.485070,1,1,24.1,11.79
2025-12-07 22:32:16.485070,1,1,22.9,11.15
2025-12-07 23:32:16.485070,1,1,20.7,11.27
2025-12-08 00:32:16.485070,1,0,21.9,9.87
2025-12-08 01:32:16.485070,2,0,22.3,9.49
2025-12-08 02:32:16.485070,2,0,24.5,10.48
2025-12-08 03:32:16.485070,2,0,25.3,10.84
2025-12-08 04:32:16.485070,1,0,26.3,9.54
2025-12-08 05:32:16.485070,2,0,23.7,9.88
2025-12-08 06:32:16.485070,2,0,28.1,9.9
2025-12-08 07:32:16.485070,18,0,29.9,17.55
2025-12-08 08:32:16.485070,40,0,29.3,20.41
2025-12-08 09:32:16.485070,41,0,30.0,20.36
2025-12-08 10:32:16.485070,48,0,30.1,20.6
2025-12-08 11:32:16.485070,63,0,32.6,22.72
2025-12-08 12:32:16.485070,54,0,32.2,21.71
2025-12-08 13:32:16.485070,57,0,32.4,21.78
2025-12-08 14:32:16.485070,66,0,34.1,23.84
2025-12-08 15:32:16.485070,56,0,32.7,22.37
2025-12-08 16:32:16.485070,37,0,30.8,21.3
2025-12-08 17:32:16.485070,33,0,28.7,19.51
2025-12-08 18:32:16.485070,19,0,27.0,18.1
2025-12-08 19:32:16.485070,18,0,24.1,14.55
2025-12-08 20:32:16.485070,2,0,23.4,10.2
2025-12-08 21:32:16.485070,1,0,25.3,10.22
2025-12-08 22:32:16.485070,1,0,20.9,9.71
2025-12-08 23:32:16.485070,2,0,22.8,9.73
2025-12-09 00:32:16.485070,2,0,21.9,9.95
2025-12-09 01:32:16.485070,2,0,21.9,10.21
2025-12-09 02:32:16.485070,2,0,25.2,9.94
2025-12-09 03:32:16.485070,2,0,25.1,10.41
2025-12-09 04:32:16.485070,2,0,24.4,10.14
2025-12-09 05:32:16.485070,2,0,26.9,10.61
2025-12-09 06:32:16.485070,1,0,28.6,10.24
2025-12-09 07:32:16.485070,16,0,28.7,17.31
2025-12-09 08:32:16.485070,36,0,30.1,20.87
2025-12-09 09:32:16.485070,36,0,32.4,21.42
2025-12-09 10:32:16.485070,63,0,31.4,22.13
2025-12-09 11:32:16.485070,59,0,33.8,23.0
2025-12-09 12:32:16.485070,64,0,33.2,24.47
2025-12-09 13:32:16.485070,55,0,31.4,22.32
2025-12-09 14:32:16.485070,54,0,32.2,22.71
2025-12-09 15:32:16.485070,65,0,30.8,21.93
2025-12-09 16:32:16.485070,42,0,30.5,20.93
2025-12-09 17:32:16.485070,41,0,28.5,19.65
2025-12-09 18:32:16.485070,20,0,28.4,19.04
2025-12-09 19:32:16.485070,17,0,25.6,15.26
2025-12-09 20:32:16.485070,1,0,25.3,10.16
2025-12-09 21:32:16.485070,1,0,24.7,9.57
2025-12-09 22:32:16.485070,1,0,24.6,10.59
2025-12-09 23:32:16.485070,2,0,23.8,9.72
2025-12-10 00:32:16.485070,1,0,23.8,9.51
2025-12-10 01:32:16.485070,2,0,23.0,9.11
2025-12-10 02:32:16.485070,2,0,24.7,10.08
2025-12-10 03:32:16.485070,2,0,26.1,10.52
2025-12-10 04:32:16.485070,2,0,26.3,10.5
2025-12-10 05:32:16.485070,2,0,29.0,10.5
2025-12-10 06:32:16.485070,1,0,28.3,9.5
2025-12-10 07:32:16.485070,21,0,28.9,16.8
2025-12-10 08:32:16.485070,39,0,31.0,21.35
2025-12-10 09:32:16.485070,39,0,32.9,22.36
2025-12-10 10:32:16.485070,61,0,33.3,22.89
2025-12-10 11:32:16.485070,51,0,33.4,22.41
2025-12-10 12:32:16.485070,60,0,34.4,23.67
2025-12-10 13:32:16.485070,62,0,33.3,23.66
2025-12-10 14:32:16.485070,49,0,31.5,21.32
2025-12-10 15:32:16.485070,53,0,30.6,21.72
2025-12-10 16:32:16.485070,37,0,29.6,20.9
2025-12-10 17:32:16.485070,39,0,29.1,20.09
2025-12-10 18:32:16.485070,20,0,27.7,18.4
2025-12-10 19:32:16.485070,20,0,27.0,16.12
2025-12-10 20:32:16.485070,1,0,23.7,9.83
2025-12-10 21:32:16.485070,2,0,23.7,10.19
2025-12-10 22:32:16.485070,2,0,22.9,9.61
2025-12-10 23:32:16.485070,1,0,23.2,9.89
2025-12-11 00:32:16.485070,1,0,24.2,10.94
2025-12-11 01:32:16.485070,1,0,24.1,10.43
2025-12-11 02:32:16.485070,2,0,25.1,10.12
2025-12-11 03:32:16.485070,1,0,23.3,9.59
2025-12-11 04:32:16.485070,1,0,26.4,10.45
2025-12-11 05:32:16.485070,2,0,26.6,9.45
2025-12-11 06:32:16.485070,2,0,31.5,10.64
2025-12-11 07:32:16.485070,20,0,30.9,18.29
2025-12-11 08:32:16.485070,36,0,30.6,20.69
2025-12-11 09:32:16.485070,42,0,33.0,22.24
2025-12-11 10:32:16.485070,62,0,33.1,23.41
2025-12-11 11:32:16.485070,57,0,33.0,23.02
2025-12-11 12:32:16.485070,56,0,35.0,24.41
2025-12-11 13:32:16.485070,60,0,33.5,23.34
2025-12-11 14:32:16.485070,67,0,33.6,22.91
2025-12-11 15:32:16.485070,57,0,33.1,22.99
2025-12-11 16:32:16.485070,34,0,32.9,22.48
2025-12-11 17:32:16.485070,38,0,31.2,21.15
2025-12-11 18:32:16.485070,19,0,28.9,20.1
2025-12-11 19:32:16.485070,21,0,30.0,18.12
2025-12-11 20:32:16.485070,1,0,26.8,9.93
2025-12-11 21:32:16.485070,1,0,25.4,9.87
2025-12-11 22:32:16.485070,1,0,25.9,9.67
2025-12-11 23:32:16.485070,2,0,27.9,10.55
2025-12-12 00:32:16.485070,2,0,24.7,9.64
2025-12-12 01:32:16.485070,1,0,25.3,9.93
2025-12-12 02:32:16.485070,2,0,24.8,9.97
2025-12-12 03:32:16.485070,2,0,26.5,10.16
2025-12-12 04:32:16.485070,1,0,26.8,10.09
2025-12-12 05:32:16.485070,2,0,26.8,9.92
2025-12-12 06:32:16.485070,1,0,30.1,10.26
2025-12-12 07:32:16.485070,17,0,31.1,18.56
2025-12-12 08:32:16.485070,47,0,29.8,20.59
2025-12-12 09:32:16.485070,35,0,30.5,20.4
2025-12-12 10:32:16.485070,63,0,34.1,23.85
2025-12-12 11:32:16.485070,57,0,35.2,24.03
2025-12-12 12:32:16.485070,61,0,36.4,24.71
2025-12-12 13:32:16.485070,66,0,34.4,23.43
2025-12-12 14:32:16.485070,60,0,32.9,22.14
2025-12-12 15:32:16.485070,58,0,33.3,22.58
2025-12-12 16:32:16.485070,41,0,31.7,21.27
2025-12-12 17:32:16.485070,39,0,29.7,20.24
2025-12-12 18:32:16.485070,18,0,30.3,19.18
2025-12-12 19:32:16.485070,18,0,28.5,16.22
2025-12-12 20:32:16.485070,2,0,28.4,9.96
2025-12-12 21:32:16.485070,2,0,23.9,9.74
2025-12-12 22:32:16.485070,2,0,26.0,9.57
2025-12-12 23:32:16.485070,1,0,26.1,10.43
2025-12-13 00:32:16.485070,1,1,25.5,11.31
2025-12-13 01:32:16.485070,1,1,25.7,11.94
2025-12-13 02:32:16.485070,1,1,23.9,10.56
2025-12-13 03:32:16.485070,1,1,24.4,11.7
2025-12-13 04:32:16.485070,0,1,26.3,11.35
2025-12-13 05:32:16.485070,1,1,27.1,11.2
2025-12-13 06:32:16.485070,1,1,31.0,10.74
2025-12-13 07:32:16.485070,0,1,29.8,12.71
2025-12-13 08:32:16.485070,1,1,31.5,12.32
2025-12-13 09:32:16.485070,1,1,33.6,13.12
2025-12-13 10:32:16.485070,3,1,36.2,13.38
2025-12-13 11:32:16.485070,2,1,34.1,13.21
2025-12-13 12:32:16.485070,3,1,33.1,12.99
2025-12-13 13:32:16.485070,2,1,35.4,13.37
2025-12-13 14:32:16.485070,3,1,34.6,12.37
2025-12-13 15:32:16.485070,0,1,32.5,12.55
2025-12-13 16:32:16.485070,1,1,31.3,12.65
2025-12-13 17:32:16.485070,1,1,30.5,13.29
2025-12-13 18:32:16.485070,1,1,29.0,13.03
2025-12-13 19:32:16.485070,1,1,27.0,12.98
2025-12-13 20:32:16.485070,0,1,27.0,10.75
2025-12-13 21:32:16.485070,1,1,25.9,10.98
2025-12-13 22:32:16.485070,1,1,28.6,10.79
2025-12-13 23:32:16.485070,1,1,26.1,11.32
2025-12-14 00:32:16.485070,0,1,24.6,10.54
2025-12-14 01:32:16.485070,0,1,26.8,10.98
2025-12-14 02:32:16.485070,0,1,26.4,11.22
2025-12-14 03:32:16.485070,1,1,26.7,10.86
2025-12-14 04:32:16.485070,1,1,27.8,9.85
2025-12-14 05:32:16.485070,0,1,28.8,11.79
2025-12-14 06:32:16.485070,1,1,30.5,10.88
2025-12-14 07:32:16.485070,0,1,31.7,13.99
2025-12-14 08:32:16.485070,1,1,33.2,12.97
2025-12-14 09:32:16.485070,1,1,34.4,13.93
2025-12-14 10:32:16.485070,2,1,35.0,13.59
2025-12-14 11:32:16.485070,3,1,36.4,13.23
2025-12-14 12:32:16.485070,3,1,33.5,13.28
2025-12-14 13:32:16.485070,2,1,36.7,13.4
2025-12-14 14:32:16.485070,3,1,36.1,13.52
2025-12-14 15:32:16.485070,1,1,35.3,12.84
2025-12-14 16:32:16.485070,0,1,32.4,12.62
2025-12-14 17:32:16.485070,1,1,30.4,13.25
2025-12-14 18:32:16.485070,0,1,28.1,12.89
2025-12-14 19:32:16.485070,0,1,28.8,12.41
2025-12-14 20:32:16.485070,1,1,28.2,11.18
2025-12-14 21:32:16.485070,0,1,25.8,10.57
2025-12-14 22:32:16.485070,0,1,28.1,10.79
2025-12-14 23:32:16.485070,0,1,24.2,10.48
2025-12-15 00:32:16.485070,1,0,24.9,9.87
2025-12-15 01:32:16.485070,2,0,26.0,8.94
2025-12-15 02:32:16.485070,2,0,26.9,9.56
2025-12-15 03:32:16.485070,1,0,25.9,9.49
2025-12-15 04:32:16.485070,1,0,26.8,10.21
2025-12-15 05:32:16.485070,1,0,30.8,10.19
2025-12-15 06:32:16.485070,1,0,30.1,9.99
2025-12-15 07:32:16.485070,24,0,31.4,18.6
2025-12-15 08:32:16.485070,37,0,34.8,23.42
2025-12-15 09:32:16.485070,47,0,33.9,23.38
2025-12-15 10:32:16.485070,57,0,34.4,22.69
2025-12-15 11:32:16.485070,62,0,36.1,24.61
2025-12-15 12:32:16.485070,56,0,34.0,23.19
2025-12-15 13:32:16.485070,54,0,34.6,23.67
2025-12-15 14:32:16.485070,54,0,34.0,22.82
2025-12-15 15:32:16.485070,63,0,33.7,23.48
2025-12-15 16:32:16.485070,42,0,30.2,20.81
2025-12-15 17:32:16.485070,36,0,33.2,21.6
2025-12-15 18:32:16.485070,20,0,29.3,19.11
2025-12-15 19:32:16.485070,21,0,28.7,17.97
2025-12-15 20:32:16.485070,1,0,28.6,9.55
2025-12-15 21:32:16.485070,2,0,27.9,9.08
2025-12-15 22:32:16.485070,1,0,26.7,10.39
2025-12-15 23:32:16.485070,1,0,25.3,10.1
2025-12-16 00:32:16.485070,2,0,25.3,9.99
2025-12-16 01:32:16.485070,1,0,25.0,9.62
2025-12-16 02:32:16.485070,1,0,26.5,9.97
2025-12-16 03:32:16.485070,2,0,25.3,10.12
2025-12-16 04:32:16.485070,2,0,27.9,10.02
2025-12-16 05:32:16.485070,1,0,30.0,10.02
2025-12-16 06:32:16.485070,2,0,32.3,9.94
2025-12-16 07:32:16.485070,17,0,32.1,18.99
2025-12-16 08:32:16.485070,32,0,31.3,20.62
2025-12-16 09:32:16.485070,37,0,33.8,22.15
2025-12-16 10:32:16.485070,48,0,35.1,23.35
2025-12-16 11:32:16.485070,57,0,35.7,23.41
2025-12-16 12:32:16.485070,68,0,35.3,24.06
2025-12-16 13:32:16.485070,58,0,34.5,24.06
2025-12-16 14:32:16.485070,54,0,33.9,23.04
2025-12-16 15:32:16.485070,66,0,35.3,23.86
2025-12-16 16:32:16.485070,41,0,33.4,22.84
2025-12-16 17:32:16.485070,31,0,33.0,21.9
2025-12-16 18:32:16.485070,17,0,30.8,19.64
2025-12-16 19:32:16.485070,22,0,29.2,17.13
2025-12-16 20:32:16.485070,1,0,28.0,10.09
2025-12-16 21:32:16.485070,2,0,26.6,10.55
2025-12-16 22:32:16.485070,2,0,25.9,9.98
2025-12-16 23:32:16.485070,1,0,28.5,10.22
2025-12-17 00:32:16.485070,1,0,26.9,9.79
2025-12-17 01:32:16.485070,2,0,25.0,10.53
2025-12-17 02:32:16.485070,1,0,26.1,9.52
2025-12-17 03:32:16.485070,2,0,28.9,10.56
2025-12-17 04:32:16.485070,2,0,29.7,10.02
2025-12-17 05:32:16.485070,1,0,28.0,10.45
2025-12-17 06:32:16.485070,2,0,32.2,11.04
2025-12-17 07:32:16.485070,22,0,33.4,19.71
2025-12-17 08:32:16.485070,40,0,32.9,21.62
2025-12-17 09:32:16.485070,37,0,36.2,23.64
2025-12-17 10:32:16.485070,57,0,36.0,24.55
2025-12-17 11:32:16.485070,60,0,37.1,24.94
2025-12-17 12:32:16.485070,64,0,35.8,24.21
2025-12-17 13:32:16.485070,60,0,35.8,24.4
2025-12-17 14:32:16.485070,60,0,36.5,24.74
2025-12-17 15:32:16.485070,58,0,36.0,24.33
2025-12-17 16:32:16.485070,41,0,33.9,22.32
2025-12-17 17:32:16.485070,44,0,33.0,22.53
2025-12-17 18:32:16.485070,20,0,30.8,20.16
2025-12-17 19:32:16.485070,16,0,29.3,17.04
2025-12-17 20:32:16.485070,1,0,29.1,10.01
2025-12-17 21:32:16.485070,1,0,27.1,10.12
2025-12-17 22:32:16.485070,2,0,27.3,9.98
2025-12-17 23:32:16.485070,2,0,25.7,10.06
2025-12-18 00:32:16.485070,2,0,26.3,9.33
2025-12-18 01:32:16.485070,2,0,27.7,10.38
2025-12-18 02:32:16.485070,1,0,27.2,9.65
2025-12-18 03:32:16.485070,2,0,29.2,10.04
2025-12-18 04:32:16.485070,1,0,28.7,9.76
2025-12-18 05:32:16.485070,1,0,32.2,9.87
2025-12-18 06:32:16.485070,2,0,30.9,10.15
2025-12-18 07:32:16.485070,17,0,33.8,19.52
2025-12-18 08:32:16.485070,43,0,34.5,22.79
2025-12-18 09:32:16.485070,40,0,35.1,23.88
2025-12-18 10:32:16.485070,58,0,35.9,24.67
2025-12-18 11:32:16.485070,65,0,35.6,24.76
2025-12-18 12:32:16.485070,60,0,38.7,25.52
2025-12-18 13:32:16.485070,57,0,35.3,24.21
2025-12-18 14:32:16.485070,62,0,36.0,24.88
2025-12-18 15:32:16.485070,59,0,35.8,24.6
2025-12-18 16:32:16.485070,44,0,32.6,22.57
2025-12-18 17:32:16.485070,43,0,31.1,21.38
2025-12-18 18:32:16.485070,20,0,30.9,20.28
2025-12-18 19:32:16.485070,19,0,29.5,17.74
2025-12-18 20:32:16.485070,2,0,29.3,10.73
2025-12-18 21:32:16.485070,2,0,30.8,10.17
2025-12-18 22:32:16.485070,2,0,27.7,10.06
2025-12-18 23:32:16.485070,2,0,25.9,10.39
2025-12-19 00:32:16.485070,1,0,26.7,10.7
2025-12-19 01:32:16.485070,2,0,28.1,9.75
2025-12-19 02:32:16.485070,2,0,26.6,10.6
2025-12-19 03:32:16.485070,2,0,28.2,10.19
2025-12-19 04:32:16.485070,1,0,27.2,10.24
2025-12-19 05:32:16.485070,1,0,30.6,10.22
2025-12-19 06:32:16.485070,2,0,31.2,10.19
2025-12-19 07:32:16.485070,25,0,34.2,20.58
2025-12-19 08:32:16.485070,43,0,34.4,23.72
2025-12-19 09:32:16.485070,43,0,34.9,23.11
2025-12-19 10:32:16.485070,48,0,37.9,24.87
2025-12-19 11:32:16.485070,64,0,38.4,25.58
2025-12-19 12:32:16.485070,64,0,35.2,24.48
2025-12-19 13:32:16.485070,65,0,36.7,25.49
2025-12-19 14:32:16.485070,64,0,37.0,24.27
2025-12-19 15:32:16.485070,57,0,35.8,24.29
2025-12-19 16:32:16.485070,40,0,33.6,22.0
2025-12-19 17:32:16.485070,39,0,34.0,22.83
2025-12-19 18:32:16.485070,22,0,32.0,20.9
2025-12-19 19:32:16.485070,21,0,30.5,17.84
2025-12-19 20:32:16.485070,1,0,28.7,9.68
2025-12-19 21:32:16.485070,1,0,29.6,11.0
2025-12-19 22:32:16.485070,2,0,28.3,10.07
2025-12-19 23:32:16.485070,2,0,28.3,10.01
2025-12-20 00:32:16.485070,0,1,26.8,10.63
2025-12-20 01:32:16.485070,1,1,28.2,11.89
2025-12-20 02:32:16.485070,0,1,29.5,11.31
2025-12-20 03:32:16.485070,1,1,28.0,10.96
2025-12-20 04:32:16.485070,1,1,29.3,10.77
2025-12-20 05:32:16.485070,0,1,32.3,10.86
2025-12-20 06:32:16.485070,1,1,32.1,11.11
2025-12-20 07:32:16.485070,0,1,34.6,13.62
2025-12-20 08:32:16.485070,1,1,35.2,13.61
2025-12-20 09:32:16.485070,0,1,34.9,13.3
2025-12-20 10:32:16.485070,2,1,33.9,12.94
2025-12-20 11:32:16.485070,2,1,37.2,13.53
2025-12-20 12:32:16.485070,2,1,38.0,13.07
2025-12-20 13:32:16.485070,2,1,37.3,12.73
2025-12-20 14:32:16.485070,3,1,37.1,12.9
2025-12-20 15:32:16.485070,0,1,33.9,12.53
2025-12-20 16:32:16.485070,0,1,32.4,13.05
2025-12-20 17:32:16.485070,1,1,34.3,12.6
2025-12-20 18:32:16.485070,1,1,31.4,12.76
2025-12-20 19:32:16.485070,0,1,28.1,12.65
2025-12-20 20:32:16.485070,0,1,29.6,11.1
2025-12-20 21:32:16.485070,1,1,29.9,10.63
2025-12-20 22:32:16.485070,1,1,29.4,11.48
2025-12-20 23:32:16.485070,0,1,26.6,10.54
2025-12-21 00:32:16.485070,1,1,26.2,11.34
2025-12-21 01:32:16.485070,0,1,27.6,11.5
2025-12-21 02:32:16.485070,1,1,28.3,11.42
2025-12-21 03:32:16.485070,1,1,29.8,11.02
2025-12-21 04:32:16.485070,1,1,30.3,11.35
2025-12-21 05:32:16.485070,0,1,31.7,11.04
2025-12-21 06:32:16.485070,0,1,30.2,10.54
2025-12-21 07:32:16.485070,0,1,35.1,12.29
2025-12-21 08:32:16.485070,0,1,35.8,12.51
2025-12-21 09:32:16.485070,1,1,35.8,13.97
2025-12-21 10:32:16.485070,2,1,34.8,14.08
2025-12-21 11:32:16.485070,3,1,36.4,13.36
2025-12-21 12:32:16.485070,2,1,36.5,13.55
2025-12-21 13:32:16.485070,2,1,37.8,12.86
2025-12-21 14:32:16.485070,2,1,36.8,12.85
2025-12-21 15:32:16.485070,1,1,36.6,13.62
2025-12-21 16:32:16.485070,0,1,33.7,12.86
2025-12-21 17:32:16.485070,1,1,33.5,12.64
2025-12-21 18:32:16.485070,1,1,30.2,13.78
2025-12-21 19:32:16.485070,0,1,31.9,13.02
2025-12-21 20:32:16.485070,1,1,34.3,11.37
2025-12-21 21:32:16.485070,0,1,31.8,11.09
2025-12-21 22:32:16.485070,1,1,27.8,10.67
2025-12-21 23:32:16.485070,0,1,28.2,11.18
2025-12-22 00:32:16.485070,1,0,29.0,10.66
2025-12-22 01:32:16.485070,1,0,26.7,9.55
2025-12-22 02:32:16.485070,1,0,28.2,10.43
2025-12-22 03:32:16.485070,1,0,27.9,9.87
2025-12-22 04:32:16.485070,2,0,30.9,9.51
2025-12-22 05:32:16.485070,2,0,31.4,10.42
2025-12-22 06:32:16.485070,1,0,31.2,9.94
2025-12-22 07:32:16.485070,20,0,33.8,19.75
2025-12-22 08:32:16.485070,37,0,32.9,21.92
2025-12-22 09:32:16.485070,37,0,35.1,22.75
2025-12-22 10:32:16.485070,63,0,37.3,24.79
2025-12-22 11:32:16.485070,53,0,36.9,24.09
2025-12-22 12:32:16.485070,60,0,36.5,24.89
2025-12-22 13:32:16.485070,60,0,38.4,25.85
2025-12-22 14:32:16.485070,71,0,36.7,25.23
2025-12-22 15:32:16.485070,70,0,38.0,25.15
2025-12-22 16:32:16.485070,33,0,37.0,24.01
2025-12-22 17:32:16.485070,38,0,34.8,22.94
2025-12-22 18:32:16.485070,17,0,31.1,20.17
2025-12-22 19:32:16.485070,19,0,31.4,18.35
2025-12-22 20:32:16.485070,2,0,29.7,9.59
2025-12-22 21:32:16.485070,2,0,28.5,10.76
2025-12-22 22:32:16.485070,2,0,28.4,11.25
2025-12-22 23:32:16.485070,2,0,25.6,10.01
2025-12-23 00:32:16.485070,2,0,26.9,9.12
2025-12-23 01:32:16.485070,1,0,26.9,10.5
2025-12-23 02:32:16.485070,1,0,28.5,10.18
2025-12-23 03:32:16.485070,1,0,28.2,10.2
2025-12-23 04:32:16.485070,1,0,28.6,10.26
2025-12-23 05:32:16.485070,1,0,32.7,10.23
2025-12-23 06:32:16.485070,1,0,29.9,10.8
2025-12-23 07:32:16.485070,19,0,34.3,20.16
2025-12-23 08:32:16.485070,44,0,35.4,23.29
2025-12-23 09:32:16.485070,48,0,35.1,23.19
2025-12-23 10:32:16.485070,60,0,37.3,24.99
2025-12-23 11:32:16.485070,68,0,38.5,24.76
2025-12-23 12:32:16.485070,55,0,39.5,26.49
2025-12-23 13:32:16.485070,64,0,37.0,25.13
2025-12-23 14:32:16.485070,61,0,37.4,24.32
2025-12-23 15:32:16.485070,68,0,35.2,24.53
2025-12-23 16:32:16.485070,42,0,32.7,21.66
2025-12-23 17:32:16.485070,38,0,35.7,23.44
2025-12-23 18:32:16.485070,16,0,33.4,21.7
2025-12-23 19:32:16.485070,20,0,32.6,18.98
2025-12-23 20:32:16.485070,1,0,30.5,11.05
2025-12-23 21:32:16.485070,2,0,26.7,9.88
2025-12-23 22:32:16.485070,2,0,25.8,10.17
2025-12-23 23:32:16.485070,2,0,28.5,10.44
2025-12-24 00:32:16.485070,1,0,27.9,9.2
2025-12-24 01:32:16.485070,1,0,28.0,10.24
2025-12-24 02:32:16.485070,1,0,27.8,9.68
2025-12-24 03:32:16.485070,2,0,28.0,10.36
2025-12-24 04:32:16.485070,1,0,31.7,10.65
2025-12-24 05:32:16.485070,1,0,30.6,9.77
2025-12-24 06:32:16.485070,2,0,30.2,10.05
2025-12-24 07:32:16.485070,18,0,35.8,20.55
2025-12-24 08:32:16.485070,45,0,35.6,23.84
2025-12-24 09:32:16.485070,44,0,36.8,24.49
2025-12-24 10:32:16.485070,55,0,37.0,25.18
2025-12-24 11:32:16.485070,62,0,37.9,24.51
2025-12-24 12:32:16.485070,52,0,37.8,24.85
2025-12-24 13:32:16.485070,58,0,39.1,25.76
2025-12-24 14:32:16.485070,55,0,38.4,25.04
2025-12-24 15:32:16.485070,50,0,37.9,23.83
2025-12-24 16:32:16.485070,35,0,37.5,23.99
2025-12-24 17:32:16.485070,45,0,36.2,23.22
2025-12-24 18:32:16.485070,16,0,29.7,19.72
2025-12-24 19:32:16.485070,17,0,29.4,17.02
2025-12-24 20:32:16.485070,2,0,30.6,10.17
2025-12-24 21:32:16.485070,2,0,28.2,9.69
2025-12-24 22:32:16.485070,2,0,27.7,10.13
2025-12-24 23:32:16.485070,2,0,28.2,10.26
2025-12-25 00:32:16.485070,2,0,30.0,10.5
2025-12-25 01:32:16.485070,2,0,29.6,10.92
2025-12-25 02:32:16.485070,2,0,28.9,10.68
2025-12-25 03:32:16.485070,2,0,28.2,10.49
2025-12-25 04:32:16.485070,1,0,28.9,9.59
2025-12-25 05:32:16.485070,1,0,32.0,9.88
2025-12-25 06:32:16.485070,1,0,31.9,10.22
2025-12-25 07:32:16.485070,21,0,32.5,18.73
2025-12-25 08:32:16.485070,42,0,36.5,24.42
2025-12-25 09:32:16.485070,46,0,36.4,24.83
2025-12-25 10:32:16.485070,64,0,36.3,25.06
2025-12-25 11:32:16.485070,70,0,39.3,26.88
2025-12-25 12:32:16.485070,62,0,38.9,25.58
2025-12-25 13:32:16.485070,69,0,36.9,25.04
2025-12-25 14:32:16.485070,60,0,37.8,25.52
2025-12-25 15:32:16.485070,65,0,38.0,25.38
2025-12-25 16:32:16.485070,40,0,36.6,24.41
2025-12-25 17:32:16.485070,46,0,34.2,22.67
2025-12-25 18:32:16.485070,19,0,32.5,21.73
2025-12-25 19:32:16.485070,18,0,31.2,17.91
2025-12-25 20:32:16.485070,2,0,30.9,10.46
2025-12-25 21:32:16.485070,1,0,28.9,10.54
2025-12-25 22:32:16.485070,1,0,28.4,9.41
2025-12-25 23:32:16.485070,2,0,29.8,9.77
2025-12-26 00:32:16.485070,2,0,29.7,9.68
2025-12-26 01:32:16.485070,1,0,27.7,9.41
2025-12-26 02:32:16.485070,1,0,27.4,10.36
2025-12-26 03:32:16.485070,2,0,30.9,10.26
2025-12-26 04:32:16.485070,1,0,30.1,9.63
2025-12-26 05:32:16.485070,1,0,30.8,10.29
2025-12-26 06:32:16.485070,2,0,31.8,9.82
2025-12-26 07:32:16.485070,22,0,36.0,20.74
2025-12-26 08:32:16.485070,39,0,33.3,22.32
2025-12-26 09:32:16.485070,42,0,40.4,25.87
2025-12-26 10:32:16.485070,56,0,37.8,24.74
2025-12-26 11:32:16.485070,58,0,37.5,25.06
2025-12-26 12:32:16.485070,43,0,37.4,24.44
2025-12-26 13:32:16.485070,62,0,37.5,25.64
2025-12-26 14:32:16.485070,64,0,38.9,25.61
2025-12-26 15:32:16.485070,52,0,38.3,25.25
2025-12-26 16:32:16.485070,42,0,34.4,23.05
2025-12-26 17:32:16.485070,37,0,35.5,23.54
2025-12-26 18:32:16.485070,18,0,31.1,20.14
2025-12-26 19:32:16.485070,16,0,32.1,19.21
2025-12-26 20:32:16.485070,1,0,33.1,9.57
2025-12-26 21:32:16.485070,1,0,28.4,10.15
2025-12-26 22:32:16.485070,1,0,26.6,9.55
2025-12-26 23:32:16.485070,1,0,27.7,10.44
2025-12-27 00:32:16.485070,1,1,26.4,10.84
2025-12-27 01:32:16.485070,0,1,27.1,11.56
2025-12-27 02:32:16.485070,0,1,29.1,11.55
2025-12-27 03:32:16.485070,0,1,30.2,11.54
2025-12-27 04:32:16.485070,0,1,32.8,11.13
2025-12-27 05:32:16.485070,1,1,33.7,10.64
2025-12-27 06:32:16.485070,0,1,32.7,11.72
2025-12-27 07:32:16.485070,1,1,34.4,12.22
2025-12-27 08:32:16.485070,1,1,35.0,12.88
2025-12-27 09:32:16.485070,0,1,39.0,12.78
2025-12-27 10:32:16.485070,3,1,38.6,13.12
2025-12-27 11:32:16.485070,3,1,37.1,13.0
2025-12-27 12:32:16.485070,2,1,37.8,12.5
2025-12-27 13:32:16.485070,2,1,37.8,13.74
2025-12-27 14:32:16.485070,3,1,36.2,13.06
2025-12-27 15:32:16.485070,1,1,37.2,13.25
2025-12-27 16:32:16.485070,0,1,35.3,13.86
2025-12-27 17:32:16.485070,1,1,34.2,13.12
2025-12-27 18:32:16.485070,0,1,33.3,13.51
2025-12-27 19:32:16.485070,0,1,32.0,12.7
2025-12-27 20:32:16.485070,0,1,31.4,11.05
2025-12-27 21:32:16.485070,1,1,30.4,10.76
2025-12-27 22:32:16.485070,1,1,31.2,11.56
2025-12-27 23:32:16.485070,0,1,28.9,11.14
2025-12-28 00:32:16.485070,0,1,28.1,11.35
2025-12-28 01:32:16.485070,1,1,28.0,11.24
2025-12-28 02:32:16.485070,1,1,29.0,10.94
2025-12-28 03:32:16.485070,1,1,29.9,11.23
2025-12-28 04:32:16.485070,0,1,29.6,11.21
2025-12-28 05:32:16.485070,1,1,32.0,10.83
2025-12-28 06:32:16.485070,0,1,34.1,11.09
2025-12-28 07:32:16.485070,0,1,33.9,12.48
2025-12-28 08:32:16.485070,0,1,33.5,13.14
2025-12-28 09:32:16.485070,0,1,36.6,13.77
2025-12-28 10:32:16.485070,2,1,37.0,12.86
2025-12-28 11:32:16.485070,3,1,38.5,13.23
2025-12-28 12:32:16.485070,3,1,38.4,12.23
2025-12-28 13:32:16.485070,2,1,36.3,13.19
2025-12-28 14:32:16.485070,2,1,35.2,13.79
2025-12-28 15:32:16.485070,1,1,37.3,12.9
2025-12-28 16:32:16.485070,0,1,34.9,13.44
2025-12-28 17:32:16.485070,0,1,33.7,12.86
2025-12-28 18:32:16.485070,1,1,30.7,13.12
2025-12-28 19:32:16.485070,0,1,30.7,12.49
2025-12-28 20:32:16.485070,0,1,30.4,11.05
2025-12-28 21:32:16.485070,1,1,28.5,10.98
2025-12-28 22:32:16.485070,1,1,31.1,10.17
2025-12-28 23:32:16.485070,1,1,27.4,11.43
2025-12-29 00:32:16.485070,2,0,27.9,9.92
2025-12-29 01:32:16.485070,2,0,27.2,9.85
2025-12-29 02:32:16.485070,1,0,26.6,9.98
2025-12-29 03:32:16.485070,2,0,29.7,10.61
2025-12-29 04:32:16.485070,2,0,29.9,10.03
2025-12-29 05:32:16.485070,2,0,31.4,10.6
2025-12-29 06:32:16.485070,2,0,34.2,9.98
2025-12-29 07:32:16.485070,19,0,33.4,19.78
2025-12-29 08:32:16.485070,40,0,36.0,23.19
2025-12-29 09:32:16.485070,35,0,37.3,23.65
2025-12-29 10:32:16.485070,56,0,36.7,24.1
2025-12-29 11:32:16.485070,56,0,39.1,26.12
2025-12-29 12:32:16.485070,55,0,37.7,24.48
2025-12-29 13:32:16.485070,62,0,38.7,25.88
2025-12-29 14:32:16.485070,54,0,36.9,24.77
2025-12-29 15:32:16.485070,61,0,36.9,24.58
2025-12-29 16:32:16.485070,31,0,35.9,23.42
2025-12-29 17:32:16.485070,33,0,34.8,22.76
2025-12-29 18:32:16.485070,19,0,34.0,22.19
2025-12-29 19:32:16.485070,18,0,31.2,18.29
2025-12-29 20:32:16.485070,1,0,32.9,9.56
2025-12-29 21:32:16.485070,1,0,28.5,9.84
2025-12-29 22:32:16.485070,1,0,31.3,9.78
2025-12-29 23:32:16.485070,1,0,29.9,9.33
2025-12-30 00:32:16.485070,1,0,28.8,10.67
2025-12-30 01:32:16.485070,2,0,27.5,9.67
2025-12-30 02:32:16.485070,2,0,27.4,10.28
2025-12-30 03:32:16.485070,1,0,27.3,10.68
2025-12-30 04:32:16.485070,2,0,33.0,9.76
2025-12-30 05:32:16.485070,1,0,31.2,9.56
2025-12-30 06:32:16.485070,1,0,33.8,9.96
2025-12-30 07:32:16.485070,20,0,33.9,20.83
2025-12-30 08:32:16.485070,39,0,35.4,23.09
2025-12-30 09:32:16.485070,36,0,35.4,22.75
2025-12-30 10:32:16.485070,51,0,36.7,24.34
2025-12-30 11:32:16.485070,61,0,38.3,25.52
2025-12-30 12:32:16.485070,49,0,38.3,24.95
2025-12-30 13:32:16.485070,57,0,37.4,25.8
2025-12-30 14:32:16.485070,71,0,36.9,24.98
2025-12-30 15:32:16.485070,59,0,36.4,24.32
2025-12-30 16:32:16.485070,35,0,35.4,23.1
2025-12-30 17:32:16.485070,35,0,33.5,22.34
2025-12-30 18:32:16.485070,17,0,35.7,22.18
2025-12-30 19:32:16.485070,23,0,30.2,17.15
2025-12-30 20:32:16.485070,2,0,30.3,10.38
2025-12-30 21:32:16.485070,2,0,27.8,10.18
2025-12-30 22:32:16.485070,2,0,30.3,9.88
2025-12-30 23:32:16.485070,1,0,28.7,9.87
2025-12-31 00:32:16.485070,2,0,27.6,9.86
2025-12-31 01:32:16.485070,1,0,28.4,9.95
2025-12-31 02:32:16.485070,2,0,30.5,9.77
2025-12-31 03:32:16.485070,1,0,27.7,9.5
2025-12-31 04:32:16.485070,1,0,29.7,9.73
2025-12-31 05:32:16.485070,2,0,31.7,10.39
2025-12-31 06:32:16.485070,1,0,31.4,10.2
2025-12-31 07:32:16.485070,21,0,31.8,18.5
2025-12-31 08:32:16.485070,36,0,33.6,21.7
2025-12-31 09:32:16.485070,40,0,35.2,23.3
2025-12-31 10:32:16.485070,57,0,36.6,24.41
2025-12-31 11:32:16.485070,61,0,37.5,25.0
2025-12-31 12:32:16.485070,61,0,35.0,24.07
2025-12-31 13:32:16.485070,54,0,36.1,23.96
2025-12-31 14:32:16.485070,61,0,37.6,24.73
2025-12-31 15:32:16.485070,61,0,37.5,25.78
2025-12-31 16:32:16.485070,36,0,33.1,21.6
2025-12-31 17:32:16.485070,42,0,33.5,22.14
2025-12-31 18:32:16.485070,21,0,30.2,19.14
2025-12-31 19:32:16.485070,19,0,31.9,18.42
2025-12-31 20:32:16.485070,2,0,31.3,10.44
2025-12-31 21:32:16.485070,1,0,27.9,10.31
2025-12-31 22:32:16.485070,1,0,29.5,10.54
2025-12-31 23:32:16.485070,2,0,27.8,10.03
2026-01-01 00:32:16.485070,2,0,25.8,9.43
2026-01-01 01:32:16.485070,2,0,27.3,10.69
2026-01-01 02:32:16.485070,2,0,29.2,9.78
2026-01-01 03:32:16.485070,2,0,29.9,9.81
2026-01-01 04:32:16.485070,1,0,31.3,9.96
2026-01-01 05:32:16.485070,2,0,30.8,9.48
2026-01-01 06:32:16.485070,2,0,34.6,9.62
2026-01-01 07:32:16.485070,20,0,33.9,19.57
2026-01-01 08:32:16.485070,38,0,35.3,24.04
2026-01-01 09:32:16.485070,38,0,35.9,22.61
2026-01-01 10:32:16.485070,69,0,39.1,25.7
2026-01-01 11:32:16.485070,52,0,37.6,24.45
2026-01-01 12:32:16.485070,60,0,37.7,24.63
2026-01-01 13:32:16.485070,67,0,37.2,24.7
2026-01-01 14:32:16.485070,53,0,38.6,25.37
2026-01-01 15:32:16.485070,68,0,36.2,25.54
2026-01-01 16:32:16.485070,35,0,35.3,23.0
2026-01-01 17:32:16.485070,37,0,34.3,21.98
2026-01-01 18:32:16.485070,19,0,35.2,22.41
2026-01-01 19:32:16.485070,18,0,30.2,18.02
2026-01-01 20:32:16.485070,2,0,30.7,9.93
2026-01-01 21:32:16.485070,1,0,27.6,9.24
2026-01-01 22:32:16.485070,1,0,28.2,10.94
2026-01-01 23:32:16.485070,2,0,29.5,10.99
2026-01-02 00:32:16.485070,1,0,26.9,10.33
2026-01-02 01:32:16.485070,2,0,30.7,10.15
2026-01-02 02:32:16.485070,2,0,28.2,10.46
2026-01-02 03:32:16.485070,2,0,28.6,9.73
2026-01-02 04:32:16.485070,2,0,30.1,9.67
2026-01-02 05:32:16.485070,2,0,30.0,9.77
2026-01-02 06:32:16.485070,2,0,30.2,9.81
2026-01-02 07:32:16.485070,18,0,34.6,20.06
2026-01-02 08:32:16.485070,33,0,35.1,22.48
2026-01-02 09:32:16.485070,41,0,36.4,24.82
2026-01-02 10:32:16.485070,62,0,36.7,24.6
2026-01-02 11:32:16.485070,60,0,38.1,25.17
2026-01-02 12:32:16.485070,54,0,36.8,24.01
2026-01-02 13:32:16.485070,57,0,37.4,24.9
2026-01-02 14:32:16.485070,65,0,36.2,24.67
2026-01-02 15:32:16.485070,56,0,37.3,24.01
2026-01-02 16:32:16.485070,40,0,35.1,22.72
2026-01-02 17:32:16.485070,40,0,34.8,22.81
2026-01-02 18:32:16.485070,22,0,33.7,21.65
2026-01-02 19:32:16.485070,19,0,32.2,18.68
2026-01-02 20:32:16.485070,1,0,30.4,10.36
2026-01-02 21:32:16.485070,1,0,28.2,10.32
2026-01-02 22:32:16.485070,1,0,27.4,10.9
2026-01-02 23:32:16.485070,2,0,29.1,9.97
2026-01-03 00:32:16.485070,0,1,26.7,10.84
2026-01-03 01:32:16.485070,0,1,28.1,9.88
2026-01-03 02:32:16.485070,1,1,27.0,11.47
2026-01-03 03:32:16.485070,1,1,27.8,11.27
2026-01-03 04:32:16.485070,1,1,31.1,11.35
2026-01-03 05:32:16.485070,0,1,31.4,10.8
2026-01-03 06:32:16.485070,1,1,31.4,10.83
2026-01-03 07:32:16.485070,0,1,32.8,13.17
2026-01-03 08:32:16.485070,1,1,34.4,12.38
2026-01-03 09:32:16.485070,1,1,38.1,13.06
2026-01-03 10:32:16.485070,2,1,36.7,13.5
2026-01-03 11:32:16.485070,3,1,37.4,13.37
2026-01-03 12:32:16.485070,2,1,35.9,12.83
2026-01-03 13:32:16.485070,3,1,38.2,12.47
2026-01-03 14:32:16.485070,2,1,37.8,13.39
2026-01-03 15:32:16.485070,1,1,33.3,13.01
2026-01-03 16:32:16.485070,0,1,36.9,13.06
2026-01-03 17:32:16.485070,1,1,33.4,13.3
2026-01-03 18:32:16.485070,0,1,31.7,12.78
2026-01-03 19:32:16.485070,1,1,32.2,12.87
2026-01-03 20:32:16.485070,1,1,30.6,10.4
2026-01-03 21:32:16.485070,0,1,28.0,10.54
2026-01-03 22:32:16.485070,1,1,27.9,10.95
2026-01-03 23:32:16.485070,0,1,26.6,10.61
2026-01-04 00:32:16.485070,1,1,28.8,11.75
2026-01-04 01:32:16.485070,0,1,28.5,11.6
2026-01-04 02:32:16.485070,1,1,28.5,11.18
2026-01-04 03:32:16.485070,1,1,26.4,10.88
2026-01-04 04:32:16.485070,1,1,29.4,10.83
2026-01-04 05:32:16.485070,1,1,32.7,10.44
2026-01-04 06:32:16.485070,1,1,30.2,11.27
2026-01-04 07:32:16.485070,1,1,34.0,13.28
2026-01-04 08:32:16.485070,0,1,35.9,12.99
2026-01-04 09:32:16.485070,0,1,37.3,13.42
2026-01-04 10:32:16.485070,3,1,37.2,13.23
2026-01-04 11:32:16.485070,2,1,37.5,12.6
2026-01-04 12:32:16.485070,3,1,37.3,13.74
2026-01-04 13:32:16.485070,2,1,36.6,12.48
2026-01-04 14:32:16.485070,3,1,36.7,13.46
2026-01-04 15:32:16.485070,0,1,36.6,12.38
2026-01-04 16:32:16.485070,0,1,36.2,13.06
2026-01-04 17:32:16.485070,1,1,34.4,12.81
2026-01-04 18:32:16.485070,0,1,33.1,12.99
2026-01-04 19:32:16.485070,0,1,28.8,13.13
2026-01-04 20:32:16.485070,0,1,28.8,11.4
2026-01-04 21:32:16.485070,0,1,28.5,11.18
2026-01-04 22:32:16.485070,0,1,27.5,11.18
2026-01-04 23:32:16.485070,0,1,25.5,11.03
2026-01-05 00:32:16.485070,2,0,25.2,10.17
2026-01-05 01:32:16.485070,1,0,24.6,10.53
2026-01-05 02:32:16.485070,2,0,27.4,10.75
2026-01-05 03:32:16.485070,2,0,26.6,9.63
2026-01-05 04:32:16.485070,1,0,28.4,10.42
2026-01-05 05:32:16.485070,1,0,29.0,9.98
2026-01-05 06:32:16.485070,1,0,32.4,9.64
2026-01-05 07:32:16.485070,22,0,32.1,18.37
2026-01-05 08:32:16.485070,35,0,34.7,23.17
2026-01-05 09:32:16.485070,44,0,34.6,23.46
2026-01-05 10:32:16.485070,60,0,37.5,25.47
2026-01-05 11:32:16.485070,55,0,37.9,25.62
2026-01-05 12:32:16.485070,57,0,36.0,24.13
2026-01-05 13:32:16.485070,58,0,36.2,25.16
2026-01-05 14:32:16.485070,58,0,37.8,25.05
2026-01-05 15:32:16.485070,62,0,35.4,23.94
2026-01-05 16:32:16.485070,38,0,34.3,22.86
2026-01-05 17:32:16.485070,47,0,34.3,22.78
2026-01-05 18:32:16.485070,18,0,31.6,20.29
2026-01-05 19:32:16.485070,21,0,30.4,17.8
2026-01-05 20:32:16.485070,2,0,29.5,10.1
2026-01-05 21:32:16.485070,2,0,27.7,9.97
2026-01-05 22:32:16.485070,1,0,26.3,9.99
2026-01-05 23:32:16.485070,2,0,26.7,11.21
2026-01-06 00:32:16.485070,2,0,27.2,10.22
2026-01-06 01:32:16.485070,2,0,24.1,10.71
2026-01-06 02:32:16.485070,2,0,25.6,10.33
2026-01-06 03:32:16.485070,1,0,29.3,9.81
2026-01-06 04:32:16.485070,2,0,29.8,9.84
2026-01-06 05:32:16.485070,1,0,29.5,10.28
2026-01-06 06:32:16.485070,1,0,33.5,9.68
2026-01-06 07:32:16.485070,19,0,31.3,18.76
2026-01-06 08:32:16.485070,43,0,34.1,22.72
2026-01-06 09:32:16.485070,40,0,35.5,23.71
2026-01-06 10:32:16.485070,66,0,34.7,23.92
2026-01-06 11:32:16.485070,61,0,39.1,26.26
2026-01-06 12:32:16.485070,52,0,35.3,23.09
2026-01-06 13:32:16.485070,55,0,37.1,25.11
2026-01-06 14:32:16.485070,81,0,37.0,26.34
2026-01-06 15:32:16.485070,55,0,33.4,22.85
2026-01-06 16:32:16.485070,47,0,32.6,21.86
2026-01-06 17:32:16.485070,36,0,33.5,22.45
2026-01-06 18:32:16.485070,22,0,28.4,19.25
2026-01-06 19:32:16.485070,19,0,30.4,18.22
2026-01-06 20:32:16.485070,1,0,27.8,10.08
2026-01-06 21:32:16.485070,2,0,26.8,10.25
2026-01-06 22:32:16.485070,1,0,27.0,10.25
2026-01-06 23:32:16.485070,2,0,27.0,10.73
2026-01-07 00:32:16.485070,2,0,26.0,10.21
2026-01-07 01:32:16.485070,2,0,26.2,11.16
2026-01-07 02:32:16.485070,1,0,28.5,10.04
2026-01-07 03:32:16.485070,2,0,27.2,10.19
2026-01-07 04:32:16.485070,2,0,29.5,9.14
2026-01-07 05:32:16.485070,2,0,31.3,9.51
2026-01-07 06:32:16.485070,1,0,28.7,10.15
2026-01-07 07:32:16.485070,21,0,32.4,19.28
2026-01-07 08:32:16.485070,44,0,34.1,22.0
2026-01-07 09:32:16.485070,42,0,36.0,23.83
2026-01-07 10:32:16.485070,57,0,34.4,23.81
2026-01-07 11:32:16.485070,59,0,35.1,24.45
2026-01-07 12:32:16.485070,56,0,36.3,24.23
2026-01-07 13:32:16.485070,55,0,35.5,23.16
2026-01-07 14:32:16.485070,64,0,35.6,24.42
2026-01-07 15:32:16.485070,55,0,34.9,23.64
2026-01-07 16:32:16.485070,34,0,33.9,22.61
2026-01-07 17:32:16.485070,45,0,32.9,21.37
2026-01-07 18:32:16.485070,19,0,33.1,21.39
2026-01-07 19:32:16.485070,22,0,28.9,17.65
2026-01-07 20:32:16.485070,1,0,30.2,9.94
2026-01-07 21:32:16.485070,2,0,26.7,10.07
2026-01-07 22:32:16.485070,2,0,27.6,9.83
2026-01-07 23:32:16.485070,1,0,23.8,9.56
2026-01-08 00:32:16.485070,2,0,24.5,10.22
2026-01-08 01:32:16.485070,1,0,25.2,9.05
2026-01-08 02:32:16.485070,2,0,27.0,10.28
2026-01-08 03:32:16.485070,2,0,27.9,10.27
2026-01-08 04:32:16.485070,1,0,30.6,9.98
2026-01-08 05:32:16.485070,1,0,29.5,10.2
2026-01-08 06:32:16.485070,2,0,30.2,9.93
2026-01-08 07:32:16.485070,19,0,32.4,18.75
2026-01-08 08:32:16.485070,37,0,32.4,21.54
2026-01-08 09:32:16.485070,41,0,33.9,22.47
2026-01-08 10:32:16.485070,53,0,36.2,23.59
2026-01-08 11:32:16.485070,61,0,36.1,24.15
2026-01-08 12:32:16.485070,57,0,37.1,24.53
2026-01-08 13:32:16.485070,63,0,34.5,24.02
2026-01-08 14:32:16.485070,64,0,35.0,24.7
2026-01-08 15:32:16.485070,62,0,35.7,24.48
2026-01-08 16:32:16.485070,28,0,33.9,22.21
2026-01-08 17:32:16.485070,34,0,33.4,22.03
2026-01-08 18:32:16.485070,19,0,32.9,21.87
2026-01-08 19:32:16.485070,19,0,30.7,17.98
2026-01-08 20:32:16.485070,1,0,29.0,10.1
2026-01-08 21:32:16.485070,2,0,28.3,10.03
2026-01-08 22:32:16.485070,1,0,26.4,9.94
2026-01-08 23:32:16.485070,2,0,26.8,9.88
2026-01-09 00:32:16.485070,1,0,26.9,10.61
2026-01-09 01:32:16.485070,1,0,24.3,10.23
2026-01-09 02:32:16.485070,1,0,28.2,10.76
2026-01-09 03:32:16.485070,1,0,27.6,9.79
2026-01-09 04:32:16.485070,1,0,28.3,9.93
2026-01-09 05:32:16.485070,2,0,27.5,10.26
2026-01-09 06:32:16.485070,2,0,31.9,10.16
2026-01-09 07:32:16.485070,16,0,31.2,18.03
2026-01-09 08:32:16.485070,46,0,33.2,22.98
2026-01-09 09:32:16.485070,38,0,34.6,21.94
2026-01-09 10:32:16.485070,62,0,32.9,22.44
2026-01-09 11:32:16.485070,53,0,37.4,24.9
2026-01-09 12:32:16.485070,50,0,35.3,23.3
2026-01-09 13:32:16.485070,52,0,36.2,24.45
2026-01-09 14:32:16.485070,63,0,34.8,24.02
2026-01-09 15:32:16.485070,57,0,35.3,23.98
2026-01-09 16:32:16.485070,42,0,34.0,22.65
2026-01-09 17:32:16.485070,40,0,30.4,20.98
2026-01-09 18:32:16.485070,21,0,29.8,19.98
2026-01-09 19:32:16.485070,20,0,29.3,17.23
2026-01-09 20:32:16.485070,2,0,28.1,9.5
2026-01-09 21:32:16.485070,1,0,28.7,9.73
2026-01-09 22:32:16.485070,2,0,24.6,10.47
2026-01-09 23:32:16.485070,1,0,26.3,9.68
2026-01-10 00:32:16.485070,0,1,25.5,11.4
2026-01-10 01:32:16.485070,1,1,23.6,10.67
2026-01-10 02:32:16.485070,0,1,25.2,10.4
2026-01-10 03:32:16.485070,0,1,27.4,11.12
2026-01-10 04:32:16.485070,0,1,28.6,10.7
2026-01-10 05:32:16.485070,1,1,31.5,11.68
2026-01-10 06:32:16.485070,0,1,29.8,11.62
2026-01-10 07:32:16.485070,1,1,32.1,13.48
2026-01-10 08:32:16.485070,0,1,33.0,12.85
2026-01-10 09:32:16.485070,0,1,32.3,12.88
2026-01-10 10:32:16.485070,3,1,33.2,12.91
2026-01-10 11:32:16.485070,2,1,37.5,13.42
2026-01-10 12:32:16.485070,3,1,35.3,12.36
2026-01-10 13:32:16.485070,3,1,32.8,13.12
2026-01-10 14:32:16.485070,2,1,33.8,13.01
2026-01-10 15:32:16.485070,1,1,32.2,12.91
2026-01-10 16:32:16.485070,1,1,32.3,12.72
2026-01-10 17:32:16.485070,1,1,30.6,13.12
2026-01-10 18:32:16.485070,1,1,31.1,12.79
2026-01-10 19:32:16.485070,0,1,31.9,13.24
2026-01-10 20:32:16.485070,0,1,31.0,11.14
2026-01-10 21:32:16.485070,1,1,27.3,11.29
2026-01-10 22:32:16.485070,1,1,26.0,10.72
2026-01-10 23:32:16.485070,1,1,26.0,11.08
2026-01-11 00:32:16.485070,1,1,23.0,11.44
2026-01-11 01:32:16.485070,1,1,27.1,11.68
2026-01-11 02:32:16.485070,0,1,28.2,10.83
2026-01-11 03:32:16.485070,0,1,26.3,10.94
2026-01-11 04:32:16.485070,0,1,27.4,11.67
2026-01-11 05:32:16.485070,0,1,30.4,11.47
2026-01-11 06:32:16.485070,0,1,25.8,10.13
2026-01-11 07:32:16.485070,0,1,29.5,12.34
2026-01-11 08:32:16.485070,1,1,32.3,14.13
2026-01-11 09:32:16.485070,0,1,33.1,12.77
2026-01-11 10:32:16.485070,2,1,35.7,13.56
2026-01-11 11:32:16.485070,3,1,33.1,13.03
2026-01-11 12:32:16.485070,2,1,35.1,12.7
2026-01-11 13:32:16.485070,2,1,34.5,13.7
2026-01-11 14:32:16.485070,2,1,34.9,12.69
2026-01-11 15:32:16.485070,0,1,32.5,13.7
2026-01-11 16:32:16.485070,0,1,33.6,12.98
2026-01-11 17:32:16.485070,0,1,30.4,12.56
2026-01-11 18:32:16.485070,1,1,31.0,13.08
2026-01-11 19:32:16.485070,0,1,30.5,13.16
2026-01-11 20:32:16.485070,1,1,29.2,11.53
2026-01-11 21:32:16.485070,1,1,26.0,11.03
2026-01-11 22:32:16.485070,0,1,26.1,12.19
2026-01-11 23:32:16.485070,1,1,23.4,11.42
2026-01-12 00:32:16.485070,1,0,25.0,10.25
2026-01-12 01:32:16.485070,2,0,26.3,9.7
2026-01-12 02:32:16.485070,2,0,26.8,10.32
2026-01-12 03:32:16.485070,2,0,24.1,10.32
2026-01-12 04:32:16.485070,2,0,27.2,10.1
2026-01-12 05:32:16.485070,2,0,27.7,10.31
2026-01-12 06:32:16.485070,1,0,28.9,9.78
2026-01-12 07:32:16.485070,20,0,31.7,18.34
2026-01-12 08:32:16.485070,39,0,28.8,20.39
2026-01-12 09:32:16.485070,41,0,32.7,22.0
2026-01-12 10:32:16.485070,59,0,33.4,23.64
2026-01-12 11:32:16.485070,50,0,35.6,24.02
2026-01-12 12:32:16.485070,55,0,34.9,23.49
2026-01-12 13:32:16.485070,55,0,32.4,21.56
2026-01-12 14:32:16.485070,74,0,33.3,23.09
2026-01-12 15:32:16.485070,62,0,34.9,23.9
2026-01-12 16:32:16.485070,30,0,32.3,21.74
2026-01-12 17:32:16.485070,38,0,30.8,20.57
2026-01-12 18:32:16.485070,22,0,29.7,19.1
2026-01-12 19:32:16.485070,20,0,29.4,17.63
2026-01-12 20:32:16.485070,1,0,24.2,9.98
2026-01-12 21:32:16.485070,2,0,25.9,9.93
2026-01-12 22:32:16.485070,2,0,24.9,10.56
2026-01-12 23:32:16.485070,2,0,22.7,9.93
2026-01-13 00:32:16.485070,2,0,23.9,10.41
2026-01-13 01:32:16.485070,1,0,20.8,10.42
2026-01-13 02:32:16.485070,2,0,23.6,9.86
2026-01-13 03:32:16.485070,2,0,25.4,9.9
2026-01-13 04:32:16.485070,2,0,28.2,9.65
2026-01-13 05:32:16.485070,1,0,28.4,9.71
2026-01-13 06:32:16.485070,1,0,27.5,9.75
2026-01-13 07:32:16.485070,21,0,30.2,18.04
2026-01-13 08:32:16.485070,40,0,31.0,21.32
2026-01-13 09:32:16.485070,41,0,32.1,21.41
2026-01-13 10:32:16.485070,52,0,33.5,22.87
2026-01-13 11:32:16.485070,68,0,33.5,23.49
2026-01-13 12:32:16.485070,52,0,33.1,22.65
2026-01-13 13:32:16.485070,60,0,34.3,23.7
2026-01-13 14:32:16.485070,61,0,33.6,23.58
2026-01-13 15:32:16.485070,60,0,33.0,22.72
2026-01-13 16:32:16.485070,46,0,32.4,22.45
2026-01-13 17:32:16.485070,45,0,29.9,19.97
2026-01-13 18:32:16.485070,19,0,28.5,18.81
2026-01-13 19:32:16.485070,19,0,30.5,18.66
2026-01-13 20:32:16.485070,1,0,27.1,9.84
2026-01-13 21:32:16.485070,1,0,26.6,9.8
2026-01-13 22:32:16.485070,1,0,24.1,10.71
2026-01-13 23:32:16.485070,1,0,21.8,11.33
2026-01-14 00:32:16.485070,1,0,24.4,9.9
2026-01-14 01:32:16.485070,2,0,24.9,10.82
2026-01-14 02:32:16.485070,1,0,22.8,10.35
2026-01-14 03:32:16.485070,1,0,25.6,9.37
2026-01-14 04:32:16.485070,2,0,28.0,10.05
2026-01-14 05:32:16.485070,1,0,27.6,10.62
2026-01-14 06:32:16.485070,2,0,28.7,9.96
2026-01-14 07:32:16.485070,19,0,29.6,17.3
2026-01-14 08:32:16.485070,44,0,33.3,22.45
2026-01-14 09:32:16.485070,36,0,34.0,22.19
2026-01-14 10:32:16.485070,47,0,30.6,20.71
2026-01-14 11:32:16.485070,67,0,34.3,23.59
2026-01-14 12:32:16.485070,55,0,34.1,23.22
2026-01-14 13:32:16.485070,69,0,36.0,24.4
2026-01-14 14:32:16.485070,54,0,31.8,22.44
2026-01-14 15:32:16.485070,64,0,33.6,23.31
2026-01-14 16:32:16.485070,40,0,32.8,22.56
2026-01-14 17:32:16.485070,40,0,30.1,20.24
2026-01-14 18:32:16.485070,18,0,29.1,18.63
2026-01-14 19:32:16.485070,22,0,28.3,16.9
2026-01-14 20:32:16.485070,2,0,26.3,10.1
2026-01-14 21:32:16.485070,1,0,27.0,9.84
2026-01-14 22:32:16.485070,2,0,23.8,9.71
2026-01-14 23:32:16.485070,2,0,22.5,10.15
2026-01-15 00:32:16.485070,1,0,23.5,9.56
2026-01-15 01:32:16.485070,2,0,23.8,9.97
2026-01-15 02:32:16.485070,2,0,24.6,9.75
2026-01-15 03:32:16.485070,1,0,25.1,9.71
2026-01-15 04:32:16.485070,2,0,25.6,9.89
2026-01-15 05:32:16.485070,1,0,26.8,9.53
2026-01-15 06:32:16.485070,1,0,29.9,10.09
2026-01-15 07:32:16.485070,19,0,29.4,18.15
2026-01-15 08:32:16.485070,35,0,31.0,20.61
2026-01-15 09:32:16.485070,40,0,30.8,20.51
2026-01-15 10:32:16.485070,70,0,32.3,23.16
2026-01-15 11:32:16.485070,55,0,32.7,22.48
2026-01-15 12:32:16.485070,42,0,34.7,23.07
2026-01-15 13:32:16.485070,61,0,32.7,22.79
2026-01-15 14:32:16.485070,63,0,31.6,22.75
2026-01-15 15:32:16.485070,62,0,30.5,21.7
2026-01-15 16:32:16.485070,45,0,32.2,22.03
2026-01-15 17:32:16.485070,37,0,29.2,20.36
2026-01-15 18:32:16.485070,18,0,25.9,18.45
2026-01-15 19:32:16.485070,17,0,27.5,16.61
2026-01-15 20:32:16.485070,1,0,25.9,10.31
2026-01-15 21:32:16.485070,1,0,24.6,9.88
2026-01-15 22:32:16.485070,2,0,23.4,9.85
2026-01-15 23:32:16.485070,1,0,24.2,10.39
2026-01-16 00:32:16.485070,1,0,22.3,9.68
2026-01-16 01:32:16.485070,1,0,21.9,9.54
2026-01-16 02:32:16.485070,1,0,23.5,10.73
2026-01-16 03:32:16.485070,1,0,24.5,10.05
2026-01-16 04:32:16.485070,2,0,22.7,10.26
2026-01-16 05:32:16.485070,2,0,25.7,9.64
2026-01-16 06:32:16.485070,1,0,26.8,10.01
2026-01-16 07:32:16.485070,23,0,28.5,16.7
2026-01-16 08:32:16.485070,42,0,28.4,19.67
2026-01-16 09:32:16.485070,38,0,31.4,20.78
2026-01-16 10:32:16.485070,63,0,31.4,22.34
2026-01-16 11:32:16.485070,54,0,31.6,21.66
2026-01-16 12:32:16.485070,59,0,33.6,22.91
2026-01-16 13:32:16.485070,59,0,35.3,23.71
2026-01-16 14:32:16.485070,62,0,32.0,22.38
2026-01-16 15:32:16.485070,64,0,29.5,21.9
2026-01-16 16:32:16.485070,44,0,31.6,21.26
2026-01-16 17:32:16.485070,40,0,29.6,20.53
2026-01-16 18:32:16.485070,21,0,25.7,17.79
2026-01-16 19:32:16.485070,20,0,26.4,16.42
2026-01-16 20:32:16.485070,2,0,24.3,9.79
2026-01-16 21:32:16.485070,1,0,25.5,9.27
2026-01-16 22:32:16.485070,1,0,22.8,10.34
2026-01-16 23:32:16.485070,1,0,21.7,10.18
2026-01-17 00:32:16.485070,1,1,22.6,10.55
2026-01-17 01:32:16.485070,1,1,23.4,11.3
2026-01-17 02:32:16.485070,0,1,22.7,10.04
2026-01-17 03:32:16.485070,1,1,22.9,10.71
2026-01-17 04:32:16.485070,1,1,25.2,11.15
2026-01-17 05:32:16.485070,1,1,23.6,10.29
2026-01-17 06:32:16.485070,0,1,26.7,10.83
2026-01-17 07:32:16.485070,1,1,26.7,13.02
2026-01-17 08:32:16.485070,0,1,32.1,12.58
2026-01-17 09:32:16.485070,0,1,29.1,12.84
2026-01-17 10:32:16.485070,3,1,33.3,13.26
2026-01-17 11:32:16.485070,2,1,30.6,13.34
2026-01-17 12:32:16.485070,2,1,32.7,12.56
2026-01-17 13:32:16.485070,2,1,31.6,13.15
2026-01-17 14:32:16.485070,3,1,30.6,12.62
2026-01-17 15:32:16.485070,0,1,29.9,12.48
2026-01-17 16:32:16.485070,1,1,27.2,12.76
2026-01-17 17:32:16.485070,1,1,29.5,12.96
2026-01-17 18:32:16.485070,0,1,28.7,13.39
2026-01-17 19:32:16.485070,0,1,25.1,12.69
2026-01-17 20:32:16.485070,1,1,22.3,11.11
2026-01-17 21:32:16.485070,1,1,20.9,10.45
2026-01-17 22:32:16.485070,1,1,20.2,10.87
2026-01-17 23:32:16.485070,0,1,21.5,11.26
2026-01-18 00:32:16.485070,1,1,21.2,11.83
2026-01-18 01:32:16.485070,0,1,21.8,11.12
2026-01-18 02:32:16.485070,0,1,20.6,10.81
2026-01-18 03:32:16.485070,0,1,23.8,10.78
2026-01-18 04:32:16.485070,1,1,26.5,10.82
2026-01-18 05:32:16.485070,1,1,26.8,11.6
2026-01-18 06:32:16.485070,0,1,25.8,11.39
2026-01-18 07:32:16.485070,0,1,26.9,13.14
2026-01-18 08:32:16.485070,1,1,28.6,12.48
2026-01-18 09:32:16.485070,0,1,30.9,12.74
2026-01-18 10:32:16.485070,3,1,31.1,13.15
2026-01-18 11:32:16.485070,3,1,31.8,12.76
2026-01-18 12:32:16.485070,2,1,30.4,12.55
2026-01-18 13:32:16.485070,2,1,31.6,12.53
2026-01-18 14:32:16.485070,2,1,32.3,13.42
2026-01-18 15:32:16.485070,0,1,27.7,12.77
2026-01-18 16:32:16.485070,1,1,27.4,12.68
2026-01-18 17:32:16.485070,0,1,28.1,13.09
2026-01-18 18:32:16.485070,0,1,26.2,13.0
2026-01-18 19:32:16.485070,1,1,25.5,13.97
2026-01-18 20:32:16.485070,0,1,23.0,11.16
2026-01-18 21:32:16.485070,1,1,23.4,10.57
2026-01-18 22:32:16.485070,1,1,21.6,10.67
2026-01-18 23:32:16.485070,0,1,22.1,10.92
2026-01-19 00:32:16.485070,1,0,20.9,9.93
2026-01-19 01:32:16.485070,1,0,21.7,9.74
2026-01-19 02:32:16.485070,1,0,20.7,10.52
2026-01-19 03:32:16.485070,1,0,24.0,9.43
2026-01-19 04:32:16.485070,1,0,24.8,9.96
2026-01-19 05:32:16.485070,2,0,22.8,9.56
2026-01-19 06:32:16.485070,2,0,24.7,10.15
2026-01-19 07:32:16.485070,20,0,27.2,15.93
2026-01-19 08:32:16.485070,44,0,28.5,19.44
2026-01-19 09:32:16.485070,40,0,27.7,20.08
2026-01-19 10:32:16.485070,55,0,30.8,21.93
2026-01-19 11:32:16.485070,76,0,28.6,21.84
2026-01-19 12:32:16.485070,70,0,28.4,21.4
2026-01-19 13:32:16.485070,61,0,33.9,22.88
2026-01-19 14:32:16.485070,66,0,30.2,22.63
2026-01-19 15:32:16.485070,62,0,29.1,20.76
2026-01-19 16:32:16.485070,41,0,27.8,18.74
2026-01-19 17:32:16.485070,34,0,29.3,19.75
2026-01-19 18:32:16.485070,18,0,25.9,17.74
2026-01-19 19:32:16.485070,17,0,24.3,15.0
2026-01-19 20:32:16.485070,2,0,23.9,10.33
2026-01-19 21:32:16.485070,1,0,23.4,10.2
2026-01-19 22:32:16.485070,1,0,21.1,9.27
2026-01-19 23:32:16.485070,1,0,20.8,9.46
2026-01-20 00:32:16.485070,1,0,21.1,10.46
2026-01-20 01:32:16.485070,1,0,20.8,10.12
2026-01-20 02:32:16.485070,2,0,22.3,10.57
2026-01-20 03:32:16.485070,1,0,20.6,9.77
2026-01-20 04:32:16.485070,1,0,24.2,9.86
2026-01-20 05:32:16.485070,2,0,23.9,10.45
2026-01-20 06:32:16.485070,1,0,26.2,10.14
2026-01-20 07:32:16.485070,19,0,27.0,16.87
2026-01-20 08:32:16.485070,45,0,27.5,19.8
2026-01-20 09:32:16.485070,33,0,27.9,18.97
2026-01-20 10:32:16.485070,56,0,28.3,20.7
2026-01-20 11:32:16.485070,56,0,30.5,21.07
2026-01-20 12:32:16.485070,56,0,30.9,20.89
2026-01-20 13:32:16.485070,64,0,31.6,22.99
2026-01-20 14:32:16.485070,57,0,29.9,21.42
2026-01-20 15:32:16.485070,55,0,28.6,20.69
2026-01-20 16:32:16.485070,44,0,28.9,20.18
2026-01-20 17:32:16.485070,35,0,27.1,18.54
2026-01-20 18:32:16.485070,17,0,26.3,17.88
2026-01-20 19:32:16.485070,21,0,24.9,15.5
2026-01-20 20:32:16.485070,2,0,23.4,10.24
2026-01-20 21:32:16.485070,2,0,22.5,9.47
2026-01-20 22:32:16.485070,1,0,21.5,10.37
2026-01-20 23:32:16.485070,2,0,20.1,10.41
2026-01-21 00:32:16.485070,2,0,20.2,9.96
2026-01-21 01:32:16.485070,1,0,19.5,10.27
2026-01-21 02:32:16.485070,2,0,19.7,10.38
2026-01-21 03:32:16.485070,2,0,24.3,10.06
2026-01-21 04:32:16.485070,1,0,23.9,10.75
2026-01-21 05:32:16.485070,2,0,22.9,9.94
2026-01-21 06:32:16.485070,1,0,25.5,10.7
2026-01-21 07:32:16.485070,16,0,27.0,16.73
2026-01-21 08:32:16.485070,37,0,26.2,18.33
2026-01-21 09:32:16.485070,36,0,28.4,19.97
2026-01-21 10:32:16.485070,66,0,30.3,22.11
2026-01-21 11:32:16.485070,70,0,30.4,21.43
2026-01-21 12:32:16.485070,52,0,30.1,20.54
2026-01-21 13:32:16.485070,64,0,28.9,21.24
2026-01-21 14:32:16.485070,54,0,28.0,19.64
2026-01-21 15:32:16.485070,63,0,28.9,21.42
2026-01-21 16:32:16.485070,34,0,28.1,19.7
2026-01-21 17:32:16.485070,39,0,28.3,19.74
2026-01-21 18:32:16.485070,20,0,25.0,17.59
2026-01-21 19:32:16.485070,22,0,22.6,14.17
2026-01-21 20:32:16.485070,1,0,23.0,9.84
2026-01-21 21:32:16.485070,1,0,22.3,9.01
2026-01-21 22:32:16.485070,1,0,21.2,10.13
2026-01-21 23:32:16.485070,2,0,21.6,10.42
2026-01-22 00:32:16.485070,2,0,18.9,10.23
2026-01-22 01:32:16.485070,1,0,19.6,10.2
2026-01-22 02:32:16.485070,2,0,19.4,10.33
2026-01-22 03:32:16.485070,1,0,20.9,10.26
2026-01-22 04:32:16.485070,2,0,20.6,10.08
2026-01-22 05:32:16.485070,2,0,21.6,9.7
2026-01-22 06:32:16.485070,1,0,23.1,9.25
2026-01-22 07:32:16.485070,18,0,24.9,14.55
2026-01-22 08:32:16.485070,37,0,28.4,19.34
2026-01-22 09:32:16.485070,39,0,27.8,20.27
2026-01-22 10:32:16.485070,77,0,28.4,21.08
2026-01-22 11:32:16.485070,63,0,28.6,21.12
2026-01-22 12:32:16.485070,55,0,28.7,20.25
2026-01-22 13:32:16.485070,58,0,30.2,21.75
2026-01-22 14:32:16.485070,64,0,27.7,20.26
2026-01-22 15:32:16.485070,54,0,27.6,20.08
2026-01-22 16:32:16.485070,45,0,26.5,18.65
2026-01-22 17:32:16.485070,35,0,25.8,17.92
2026-01-22 18:32:16.485070,19,0,22.4,17.31
2026-01-22 19:32:16.485070,21,0,25.5,15.88
2026-01-22 20:32:16.485070,2,0,21.6,10.82
2026-01-22 21:32:16.485070,2,0,19.9,9.72
2026-01-22 22:32:16.485070,1,0,20.1,10.15
2026-01-22 23:32:16.485070,1,0,17.6,10.14
2026-01-23 00:32:16.485070,1,0,19.2,9.73
2026-01-23 01:32:16.485070,1,0,19.4,9.59
2026-01-23 02:32:16.485070,2,0,20.1,10.26
2026-01-23 03:32:16.485070,1,0,19.7,10.11
2026-01-23 04:32:16.485070,1,0,22.1,9.93
2026-01-23 05:32:16.485070,1,0,21.5,10.37
2026-01-23 06:32:16.485070,1,0,23.1,9.87
2026-01-23 07:32:16.485070,18,0,24.1,15.2
2026-01-23 08:32:16.485070,37,0,26.2,18.47
2026-01-23 09:32:16.485070,47,0,27.9,19.7
2026-01-23 10:32:16.485070,58,0,28.2,19.49
2026-01-23 11:32:16.485070,65,0,27.9,20.06
2026-01-23 12:32:16.485070,70,0,28.9,20.68
2026-01-23 13:32:16.485070,66,0,29.0,20.23
2026-01-23 14:32:16.485070,62,0,30.1,21.19
2026-01-23 15:32:16.485070,56,0,28.6,20.07
2026-01-23 16:32:16.485070,41,0,25.9,18.68
2026-01-23 17:32:16.485070,30,0,27.0,18.56
2026-01-23 18:32:16.485070,21,0,25.1,16.84
2026-01-23 19:32:16.485070,17,0,23.5,13.97
2026-01-23 20:32:16.485070,1,0,21.5,10.06
2026-01-23 21:32:16.485070,2,0,20.0,10.0
2026-01-23 22:32:16.485070,2,0,20.3,9.44
2026-01-23 23:32:16.485070,2,0,19.4,9.95
2026-01-24 00:32:16.485070,0,1,18.2,10.74
2026-01-24 01:32:16.485070,1,1,16.4,11.17
2026-01-24 02:32:16.485070,1,1,19.3,10.4
2026-01-24 03:32:16.485070,0,1,19.9,11.38
2026-01-24 04:32:16.485070,0,1,20.9,10.62
2026-01-24 05:32:16.485070,1,1,21.8,10.79
2026-01-24 06:32:16.485070,0,1,24.5,10.95
2026-01-24 07:32:16.485070,1,1,22.8,13.68
2026-01-24 08:32:16.485070,1,1,26.1,12.83
2026-01-24 09:32:16.485070,1,1,26.5,13.41
2026-01-24 10:32:16.485070,3,1,29.0,12.82
2026-01-24 11:32:16.485070,2,1,30.3,13.0
2026-01-24 12:32:16.485070,3,1,28.0,12.9
2026-01-24 13:32:16.485070,2,1,28.1,12.99
2026-01-24 14:32:16.485070,2,1,28.6,13.42
2026-01-24 15:32:16.485070,1,1,28.2,13.1
2026-01-24 16:32:16.485070,0,1,24.6,13.93
2026-01-24 17:32:16.485070,1,1,27.5,13.18
2026-01-24 18:32:16.485070,0,1,23.6,12.5
2026-01-24 19:32:16.485070,1,1,22.6,12.88
2026-01-24 20:32:16.485070,0,1,21.9,11.48
2026-01-24 21:32:16.485070,0,1,19.6,11.27
2026-01-24 22:32:16.485070,1,1,20.6,10.69
2026-01-24 23:32:16.485070,1,1,14.9,10.69
2026-01-25 00:32:16.485070,0,1,17.8,10.73
2026-01-25 01:32:16.485070,1,1,18.2,11.55
2026-01-25 02:32:16.485070,1,1,19.0,10.54
2026-01-25 03:32:16.485070,0,1,19.9,11.15
2026-01-25 04:32:16.485070,0,1,20.8,10.54
2026-01-25 05:32:16.485070,1,1,23.5,11.05
2026-01-25 06:32:16.485070,1,1,23.1,10.46
2026-01-25 07:32:16.485070,0,1,26.3,12.56
2026-01-25 08:32:16.485070,1,1,26.2,13.31
2026-01-25 09:32:16.485070,0,1,26.6,13.36
2026-01-25 10:32:16.485070,2,1,25.7,12.73
2026-01-25 11:32:16.485070,2,1,28.1,12.97
2026-01-25 12:32:16.485070,2,1,27.3,13.24
2026-01-25 13:32:16.485070,3,1,26.9,13.53
2026-01-25 14:32:16.485070,2,1,26.9,12.31
2026-01-25 15:32:16.485070,0,1,27.1,12.09
2026-01-25 16:32:16.485070,1,1,27.0,12.94
2026-01-25 17:32:16.485070,1,1,23.7,12.81
2026-01-25 18:32:16.485070,1,1,25.0,13.06
2026-01-25 19:32:16.485070,1,1,22.8,13.19
2026-01-25 20:32:16.485070,1,1,22.8,11.31
2026-01-25 21:32:16.485070,1,1,19.0,11.56
2026-01-25 22:32:16.485070,1,1,19.8,11.23
2026-01-25 23:32:16.485070,1,1,19.0,10.61
2026-01-26 00:32:16.485070,1,0,19.1,9.78
2026-01-26 01:32:16.485070,1,0,18.9,9.93
2026-01-26 02:32:16.485070,2,0,16.8,10.25
2026-01-26 03:32:16.485070,1,0,19.1,9.93
2026-01-26 04:32:16.485070,2,0,19.9,10.15
2026-01-26 05:32:16.485070,1,0,21.8,10.04
2026-01-26 06:32:16.485070,1,0,24.0,10.45
2026-01-26 07:32:16.485070,19,0,25.2,15.54
2026-01-26 08:32:16.485070,35,0,23.3,16.82
2026-01-26 09:32:16.485070,42,0,26.2,18.83
2026-01-26 10:32:16.485070,70,0,27.4,21.16
2026-01-26 11:32:16.485070,61,0,26.9,19.92
2026-01-26 12:32:16.485070,65,0,26.3,20.12
2026-01-26 13:32:16.485070,66,0,28.6,20.9
2026-01-26 14:32:16.485070,60,0,28.2,20.81
2026-01-26 15:32:16.485070,65,0,25.7,19.27
2026-01-26 16:32:16.485070,38,0,26.2,19.0
2026-01-26 17:32:16.485070,39,0,25.4,18.19
2026-01-26 18:32:16.485070,18,0,22.4,16.48
2026-01-26 19:32:16.485070,17,0,20.2,13.65
2026-01-26 20:32:16.485070,1,0,19.2,9.72
2026-01-26 21:32:16.485070,1,0,18.1,10.3
2026-01-26 22:32:16.485070,1,0,17.6,10.07
2026-01-26 23:32:16.485070,2,0,17.4,9.9
2026-01-27 00:32:16.485070,1,0,18.5,10.29
2026-01-27 01:32:16.485070,1,0,17.1,10.01
2026-01-27 02:32:16.485070,2,0,17.5,10.38
2026-01-27 03:32:16.485070,1,0,18.5,9.88
2026-01-27 04:32:16.485070,1,0,18.6,10.39
2026-01-27 05:32:16.485070,2,0,22.4,10.29
2026-01-27 06:32:16.485070,2,0,24.3,9.69
2026-01-27 07:32:16.485070,19,0,24.0,14.78
2026-01-27 08:32:16.485070,42,0,25.1,17.62
2026-01-27 09:32:16.485070,41,0,24.5,18.5
2026-01-27 10:32:16.485070,57,0,24.3,17.58
2026-01-27 11:32:16.485070,56,0,27.6,20.31
2026-01-27 12:32:16.485070,59,0,26.7,19.85
2026-01-27 13:32:16.485070,55,0,26.9,20.09
2026-01-27 14:32:16.485070,57,0,25.7,18.74
2026-01-27 15:32:16.485070,58,0,23.7,18.25
2026-01-27 16:32:16.485070,42,0,24.9,17.58
2026-01-27 17:32:16.485070,32,0,22.9,17.69
2026-01-27 18:32:16.485070,18,0,21.1,16.58
2026-01-27 19:32:16.485070,21,0,21.7,14.95
2026-01-27 20:32:16.485070,2,0,19.5,10.31
2026-01-27 21:32:16.485070,2,0,22.0,10.02
2026-01-27 22:32:16.485070,2,0,15.7,9.92
2026-01-27 23:32:16.485070,1,0,18.3,9.62
2026-01-28 00:32:16.485070,1,0,16.9,10.1
2026-01-28 01:32:16.485070,1,0,17.1,9.79
2026-01-28 02:32:16.485070,2,0,15.6,11.02
2026-01-28 03:32:16.485070,1,0,18.9,9.7
2026-01-28 04:32:16.485070,2,0,21.8,9.48
2026-01-28 05:32:16.485070,2,0,18.7,10.49
2026-01-28 06:32:16.485070,2,0,21.9,10.03
2026-01-28 07:32:16.485070,22,0,23.8,14.62
2026-01-28 08:32:16.485070,45,0,23.8,18.06
2026-01-28 09:32:16.485070,35,0,25.8,18.31
2026-01-28 10:32:16.485070,59,0,26.2,19.57
2026-01-28 11:32:16.485070,60,0,28.0,20.52
2026-01-28 12:32:16.485070,56,0,27.3,19.57
2026-01-28 13:32:16.485070,64,0,25.8,19.14
2026-01-28 14:32:16.485070,64,0,25.9,19.31
2026-01-28 15:32:16.485070,58,0,25.2,18.76
2026-01-28 16:32:16.485070,39,0,23.1,17.13
2026-01-28 17:32:16.485070,36,0,23.9,17.33
2026-01-28 18:32:16.485070,23,0,23.4,17.23
2026-01-28 19:32:16.485070,22,0,22.0,15.03
2026-01-28 20:32:16.485070,2,0,21.6,10.34
2026-01-28 21:32:16.485070,1,0,17.0,10.56
2026-01-28 22:32:16.485070,1,0,15.8,9.49
2026-01-28 23:32:16.485070,2,0,18.9,10.65
2026-01-29 00:32:16.485070,1,0,16.6,9.47
2026-01-29 01:32:16.485070,1,0,18.7,10.21
2026-01-29 02:32:16.485070,2,0,18.2,9.93
2026-01-29 03:32:16.485070,1,0,17.1,9.54
2026-01-29 04:32:16.485070,1,0,17.8,10.52
2026-01-29 05:32:16.485070,2,0,21.8,9.78
2026-01-29 06:32:16.485070,2,0,22.6,9.44
2026-01-29 07:32:16.485070,18,0,23.2,14.36
2026-01-29 08:32:16.485070,41,0,26.1,18.77
2026-01-29 09:32:16.485070,42,0,25.6,19.24
2026-01-29 10:32:16.485070,57,0,24.8,18.96
2026-01-29 11:32:16.485070,56,0,26.1,19.18
2026-01-29 12:32:16.485070,54,0,27.6,19.48
2026-01-29 13:32:16.485070,62,0,24.9,18.59
2026-01-29 14:32:16.485070,57,0,24.8,18.91
2026-01-29 15:32:16.485070,74,0,25.3,18.71
2026-01-29 16:32:16.485070,34,0,23.6,17.37
2026-01-29 17:32:16.485070,40,0,23.2,17.89
2026-01-29 18:32:16.485070,20,0,20.7,16.75
2026-01-29 19:32:16.485070,17,0,20.6,14.91
2026-01-29 20:32:16.485070,2,0,18.6,9.58
2026-01-29 21:32:16.485070,1,0,17.4,10.64
2026-01-29 22:32:16.485070,1,0,18.3,10.27
2026-01-29 23:32:16.485070,2,0,18.1,10.97
2026-01-30 00:32:16.485070,1,0,17.3,10.02
2026-01-30 01:32:16.485070,2,0,15.9,10.03
2026-01-30 02:32:16.485070,1,0,16.9,10.23
2026-01-30 03:32:16.485070,2,0,17.9,10.85
2026-01-30 04:32:16.485070,2,0,17.7,9.82
2026-01-30 05:32:16.485070,1,0,19.7,10.86
2026-01-30 06:32:16.485070,1,0,20.9,9.83
2026-01-30 07:32:16.485070,18,0,22.2,14.75
2026-01-30 08:32:16.485070,42,0,22.3,17.52
2026-01-30 09:32:16.485070,38,0,25.1,17.43
2026-01-30 10:32:16.485070,50,0,25.4,18.75
2026-01-30 11:32:16.485070,62,0,25.2,18.56
2026-01-30 12:32:16.485070,56,0,27.3,20.11
2026-01-30 13:32:16.485070,59,0,27.2,19.93
2026-01-30 14:32:16.485070,58,0,23.8,18.42
2026-01-30 15:32:16.485070,47,0,25.1,18.55
2026-01-30 16:32:16.485070,41,0,24.2,17.87
2026-01-30 17:32:16.485070,30,0,24.2,17.22
2026-01-30 18:32:16.485070,23,0,22.6,16.82
2026-01-30 19:32:16.485070,19,0,20.7,14.25
2026-01-30 20:32:16.485070,1,0,18.7,10.75
2026-01-30 21:32:16.485070,2,0,17.6,10.48
2026-01-30 22:32:16.485070,1,0,18.8,9.96
2026-01-30 23:32:16.485070,1,0,16.1,10.36
2026-01-31 00:32:16.485070,1,1,14.7,11.22
2026-01-31 01:32:16.485070,0,1,16.9,10.17
2026-01-31 02:32:16.485070,0,1,19.2,11.28
2026-01-31 03:32:16.485070,1,1,16.6,10.9
2026-01-31 04:32:16.485070,0,1,18.3,10.8
2026-01-31 05:32:16.485070,0,1,18.3,10.96
2026-01-31 06:32:16.485070,1,1,21.8,11.46
2026-01-31 07:32:16.485070,0,1,22.6,12.97
2026-01-31 08:32:16.485070,1,1,26.0,13.19
2026-01-31 09:32:16.485070,0,1,24.6,13.0
2026-01-31 10:32:16.485070,3,1,27.2,12.4
2026-01-31 11:32:16.485070,3,1,26.1,12.5
2026-01-31 12:32:16.485070,2,1,25.2,12.47
2026-01-31 13:32:16.485070,3,1,25.1,13.01
2026-01-31 14:32:16.485070,3,1,25.8,12.79
2026-01-31 15:32:16.485070,1,1,24.7,13.12
2026-01-31 16:32:16.485070,0,1,24.7,12.79
2026-01-31 17:32:16.485070,1,1,23.8,12.98
2026-01-31 18:32:16.485070,1,1,21.3,12.51
2026-01-31 19:32:16.485070,0,1,19.6,12.87
2026-01-31 20:32:16.485070,0,1,17.5,10.94
2026-01-31 21:32:16.485070,0,1,16.2,11.71
2026-01-31 22:32:16.485070,1,1,16.1,11.58
2026-01-31 23:32:16.485070,0,1,13.7,10.84
2026-02-01 00:32:16.485070,1,1,16.6,10.82
2026-02-01 01:32:16.485070,1,1,15.5,10.54
2026-02-01 02:32:16.485070,1,1,14.2,11.28
2026-02-01 03:32:16.485070,1,1,15.9,10.99
2026-02-01 04:32:16.485070,0,1,17.1,11.13
2026-02-01 05:32:16.485070,0,1,19.5,11.41
2026-02-01 06:32:16.485070,0,1,19.3,11.54
2026-02-01 07:32:16.485070,0,1,23.2,13.45
2026-02-01 08:32:16.485070,0,1,23.0,12.78
2026-02-01 09:32:16.485070,1,1,22.7,13.03
2026-02-01 10:32:16.485070,3,1,25.4,13.09
2026-02-01 11:32:16.485070,2,1,24.2,12.17
2026-02-01 12:32:16.485070,3,1,25.0,12.57
2026-02-01 13:32:16.485070,2,1,24.8,12.86
2026-02-01 14:32:16.485070,2,1,24.8,13.11
2026-02-01 15:32:16.485070,0,1,23.9,12.53
2026-02-01 16:32:16.485070,1,1,21.9,13.24
2026-02-01 17:32:16.485070,1,1,21.1,12.51
2026-02-01 18:32:16.485070,1,1,19.2,13.51
2026-02-01 19:32:16.485070,1,1,20.2,13.0
2026-02-01 20:32:16.485070,1,1,16.1,11.05
2026-02-01 21:32:16.485070,1,1,18.3,11.33
2026-02-01 22:32:16.485070,1,1,16.0,11.3
2026-02-01 23:32:16.485070,1,1,17.5,11.25
2026-02-02 00:32:16.485070,1,0,16.9,10.21
2026-02-02 01:32:16.485070,2,0,15.8,10.17
2026-02-02 02:32:16.485070,1,0,14.6,10.19
2026-02-02 03:32:16.485070,2,0,15.3,10.68
2026-02-02 04:32:16.485070,1,0,19.8,10.24
2026-02-02 05:32:16.485070,2,0,17.4,9.59
2026-02-02 06:32:16.485070,2,0,18.3,10.21
2026-02-02 07:32:16.485070,17,0,20.5,15.0
2026-02-02 08:32:16.485070,43,0,23.5,17.21
2026-02-02 09:32:16.485070,42,0,21.9,18.81
2026-02-02 10:32:16.485070,57,0,24.3,19.17
2026-02-02 11:32:16.485070,56,0,26.3,19.97
2026-02-02 12:32:16.485070,62,0,27.5,20.56
2026-02-02 13:32:16.485070,56,0,25.0,18.36
2026-02-02 14:32:16.485070,66,0,23.7,18.28
2026-02-02 15:32:16.485070,64,0,25.4,18.93
2026-02-02 16:32:16.485070,28,0,22.9,16.72
2026-02-02 17:32:16.485070,46,0,23.1,17.17
2026-02-02 18:32:16.485070,21,0,19.4,16.69
2026-02-02 19:32:16.485070,18,0,19.3,15.11
2026-02-02 20:32:16.485070,1,0,16.4,10.3
2026-02-02 21:32:16.485070,1,0,18.9,10.69
2026-02-02 22:32:16.485070,2,0,16.1,10.21
2026-02-02 23:32:16.485070,2,0,17.0,9.76
2026-02-03 00:32:16.485070,2,0,15.7,10.82
2026-02-03 01:32:16.485070,2,0,16.6,9.93
2026-02-03 02:32:16.485070,2,0,14.7,10.49
2026-02-03 03:32:16.485070,2,0,14.1,9.44
2026-02-03 04:32:16.485070,2,0,19.0,9.84
2026-02-03 05:32:16.485070,1,0,18.7,9.56
2026-02-03 06:32:16.485070,2,0,21.1,10.14
2026-02-03 07:32:16.485070,21,0,20.1,14.94
2026-02-03 08:32:16.485070,42,0,21.6,17.2
2026-02-03 09:32:16.485070,38,0,23.5,18.43
2026-02-03 10:32:16.485070,55,0,24.9,19.04
2026-02-03 11:32:16.485070,55,0,24.3,18.31
2026-02-03 12:32:16.485070,51,0,25.5,18.92
2026-02-03 13:32:16.485070,51,0,22.6,17.65
2026-02-03 14:32:16.485070,53,0,26.0,19.33
2026-02-03 15:32:16.485070,63,0,21.7,17.81
2026-02-03 16:32:16.485070,36,0,23.6,18.04
2026-02-03 17:32:16.485070,34,0,19.9,17.54
2026-02-03 18:32:16.485070,19,0,20.5,16.44
2026-02-03 19:32:16.485070,18,0,17.2,14.27
2026-02-03 20:32:16.485070,1,0,16.1,10.31
2026-02-03 21:32:16.485070,1,0,15.4,9.47
2026-02-03 22:32:16.485070,2,0,16.8,10.44
2026-02-03 23:32:16.485070,2,0,15.4,10.53
2026-02-04 00:32:16.485070,2,0,16.0,10.3
2026-02-04 01:32:16.485070,2,0,16.4,10.61
2026-02-04 02:32:16.485070,1,0,13.7,10.07
2026-02-04 03:32:16.485070,2,0,15.8,9.6
2026-02-04 04:32:16.485070,2,0,16.8,10.48
2026-02-04 05:32:16.485070,2,0,19.0,10.32
2026-02-04 06:32:16.485070,2,0,20.3,9.37
2026-02-04 07:32:16.485070,21,0,21.7,14.84
2026-02-04 08:32:16.485070,35,0,22.4,17.31
2026-02-04 09:32:16.485070,37,0,23.3,17.03
2026-02-04 10:32:16.485070,62,0,25.3,19.44
2026-02-04 11:32:16.485070,62,0,24.5,18.25
2026-02-04 12:32:16.485070,55,0,23.8,17.94
2026-02-04 13:32:16.485070,64,0,27.0,20.25
2026-02-04 14:32:16.485070,67,0,23.1,18.86
2026-02-04 15:32:16.485070,52,0,23.6,17.9
2026-02-04 16:32:16.485070,41,0,21.6,17.29
2026-02-04 17:32:16.485070,44,0,19.6,17.57
2026-02-04 18:32:16.485070,18,0,18.3,16.47
2026-02-04 19:32:16.485070,21,0,21.1,15.47
2026-02-04 20:32:16.485070,2,0,18.1,10.41
2026-02-04 21:32:16.485070,1,0,16.8,10.63
2026-02-04 22:32:16.485070,1,0,16.9,9.78
2026-02-04 23:32:16.485070,2,0,11.9,9.79
2026-02-05 00:32:16.485070,1,0,15.5,10.2
2026-02-05 01:32:16.485070,2,0,13.0,10.34
2026-02-05 02:32:16.485070,2,0,16.2,9.96
2026-02-05 03:32:16.485070,2,0,17.3,10.22
2026-02-05 04:32:16.485070,2,0,17.3,10.08
2026-02-05 05:32:16.485070,2,0,17.6,9.65
2026-02-05 06:32:16.485070,2,0,21.0,10.27
2026-02-05 07:32:16.485070,19,0,18.9,14.68
2026-02-05 08:32:16.485070,43,0,22.6,17.85
2026-02-05 09:32:16.485070,41,0,20.7,17.63
2026-02-05 10:32:16.485070,71,0,24.6,19.66
2026-02-05 11:32:16.485070,58,0,24.7,19.45
2026-02-05 12:32:16.485070,55,0,27.5,19.82
2026-02-05 13:32:16.485070,62,0,24.6,18.24
2026-02-05 14:32:16.485070,64,0,23.2,18.78
2026-02-05 15:32:16.485070,69,0,22.9,18.8
2026-02-05 16:32:16.485070,42,0,21.4,17.56
2026-02-05 17:32:16.485070,39,0,19.6,17.18
2026-02-05 18:32:16.485070,18,0,19.8,16.88
2026-02-05 19:32:16.485070,18,0,16.9,15.02
2026-02-05 20:32:16.485070,2,0,17.3,10.12
2026-02-05 21:32:16.485070,2,0,15.8,9.35
2026-02-05 22:32:16.485070,2,0,14.1,9.73
2026-02-05 23:32:16.485070,1,0,14.8,9.79
2026-02-06 00:32:16.485070,1,0,14.8,10.3
2026-02-06 01:32:16.485070,2,0,13.0,9.6
2026-02-06 02:32:16.485070,1,0,15.3,9.7
2026-02-06 03:32:16.485070,1,0,14.5,10.15
2026-02-06 04:32:16.485070,2,0,16.8,10.31
2026-02-06 05:32:16.485070,2,0,16.9,9.83
2026-02-06 06:32:16.485070,1,0,17.3,9.59
2026-02-06 07:32:16.485070,16,0,21.3,14.98
2026-02-06 08:32:16.485070,41,0,21.5,18.15
2026-02-06 09:32:16.485070,34,0,22.2,17.94
2026-02-06 10:32:16.485070,46,0,24.5,18.08
2026-02-06 11:32:16.485070,60,0,24.7,18.34
2026-02-06 12:32:16.485070,65,0,25.8,19.35
2026-02-06 13:32:16.485070,46,0,22.5,17.84
2026-02-06 14:32:16.485070,58,0,23.6,18.38
2026-02-06 15:32:16.485070,50,0,25.2,18.82
2026-02-06 16:32:16.485070,35,0,22.3,16.98
2026-02-06 17:32:16.485070,47,0,21.3,18.29
2026-02-06 18:32:16.485070,18,0,20.4,16.34
2026-02-06 19:32:16.485070,18,0,17.9,14.88
2026-02-06 20:32:16.485070,1,0,17.4,9.85
2026-02-06 21:32:16.485070,1,0,16.9,9.08
2026-02-06 22:32:16.485070,2,0,14.4,9.7
2026-02-06 23:32:16.485070,2,0,14.2,10.27
2026-02-07 00:32:16.485070,0,1,13.9,11.2
2026-02-07 01:32:16.485070,0,1,16.0,11.12
2026-02-07 02:32:16.485070,1,1,14.6,10.73
2026-02-07 03:32:16.485070,0,1,16.1,10.19
2026-02-07 04:32:16.485070,1,1,17.6,11.27
2026-02-07 05:32:16.485070,1,1,16.8,11.14
2026-02-07 06:32:16.485070,1,1,18.4,10.95
2026-02-07 07:32:16.485070,0,1,22.9,13.79
2026-02-07 08:32:16.485070,1,1,21.5,13.01
2026-02-07 09:32:16.485070,0,1,22.6,12.95
2026-02-07 10:32:16.485070,2,1,23.3,13.31
2026-02-07 11:32:16.485070,3,1,24.6,12.45
2026-02-07 12:32:16.485070,3,1,23.5,13.36
2026-02-07 13:32:16.485070,2,1,24.9,12.77
2026-02-07 14:32:16.485070,2,1,24.3,13.15
2026-02-07 15:32:16.485070,0,1,22.8,12.75
2026-02-07 16:32:16.485070,1,1,22.8,12.89
2026-02-07 17:32:16.485070,0,1,20.1,13.57
2026-02-07 18:32:16.485070,1,1,16.8,12.7
2026-02-07 19:32:16.485070,0,1,17.4,13.2
2026-02-07 20:32:16.485070,1,1,18.6,10.95
2026-02-07 21:32:16.485070,1,1,15.3,11.26
2026-02-07 22:32:16.485070,1,1,14.2,11.25
2026-02-07 23:32:16.485070,1,1,14.5,11.08
2026-02-08 00:32:16.485070,0,1,15.6,11.33
2026-02-08 01:32:16.485070,1,1,13.3,11.17
2026-02-08 02:32:16.485070,0,1,14.9,11.97
2026-02-08 03:32:16.485070,0,1,14.5,10.62
2026-02-08 04:32:16.485070,1,1,16.4,10.7
2026-02-08 05:32:16.485070,1,1,15.4,11.05
2026-02-08 06:32:16.485070,1,1,20.2,11.29
2026-02-08 07:32:16.485070,1,1,22.9,13.05
2026-02-08 08:32:16.485070,0,1,21.7,12.77
2026-02-08 09:32:16.485070,1,1,21.7,13.22
2026-02-08 10:32:16.485070,3,1,24.2,13.05
2026-02-08 11:32:16.485070,2,1,22.8,12.74
2026-02-08 12:32:16.485070,2,1,23.7,13.44
2026-02-08 13:32:16.485070,3,1,22.8,13.24
2026-02-08 14:32:16.485070,3,1,22.8,12.5
2026-02-08 15:32:16.485070,1,1,22.4,12.85
2026-02-08 16:32:16.485070,0,1,23.1,13.38
2026-02-08 17:32:16.485070,0,1,21.5,12.95
2026-02-08 18:32:16.485070,0,1,19.0,13.5
2026-02-08 19:32:16.485070,0,1,18.6,13.48
2026-02-08 20:32:16.485070,1,1,17.0,10.9
2026-02-08 21:32:16.485070,0,1,15.3,11.29
2026-02-08 22:32:16.485070,1,1,15.3,10.95
2026-02-08 23:32:16.485070,1,1,13.6,10.6
2026-02-09 00:32:16.485070,1,0,16.5,10.28
2026-02-09 01:32:16.485070,1,0,14.2,9.6
2026-02-09 02:32:16.485070,2,0,14.8,10.17
2026-02-09 03:32:16.485070,1,0,14.5,10.12
2026-02-09 04:32:16.485070,2,0,19.1,10.11
2026-02-09 05:32:16.485070,2,0,17.7,9.63
2026-02-09 06:32:16.485070,2,0,18.4,9.99
2026-02-09 07:32:16.485070,22,0,20.8,14.39
2026-02-09 08:32:16.485070,39,0,20.8,18.07
2026-02-09 09:32:16.485070,37,0,23.6,17.77
2026-02-09 10:32:16.485070,51,0,22.5,17.81
2026-02-09 11:32:16.485070,54,0,24.9,18.8
2026-02-09 12:32:16.485070,57,0,21.5,18.25
2026-02-09 13:32:16.485070,63,0,23.0,17.45
2026-02-09 14:32:16.485070,63,0,24.6,18.43
2026-02-09 15:32:16.485070,57,0,22.6,17.66
2026-02-09 16:32:16.485070,39,0,21.4,17.14
2026-02-09 17:32:16.485070,41,0,19.8,17.57
2026-02-09 18:32:16.485070,20,0,18.4,17.26
2026-02-09 19:32:16.485070,21,0,16.8,14.37
2026-02-09 20:32:16.485070,1,0,15.9,9.45
2026-02-09 21:32:16.485070,1,0,15.3,9.73
2026-02-09 22:32:16.485070,2,0,13.9,10.01
2026-02-09 23:32:16.485070,2,0,13.8,10.09
2026-02-10 00:32:16.485070,1,0,14.5,9.78
2026-02-10 01:32:16.485070,2,0,15.1,10.19
2026-02-10 02:32:16.485070,1,0,15.5,10.07
2026-02-10 03:32:16.485070,2,0,16.0,10.04
2026-02-10 04:32:16.485070,2,0,16.3,9.8
2026-02-10 05:32:16.485070,1,0,16.0,10.7
2026-02-10 06:32:16.485070,1,0,19.4,10.69
2026-02-10 07:32:16.485070,18,0,20.7,14.11
2026-02-10 08:32:16.485070,43,0,21.7,18.39
2026-02-10 09:32:16.485070,41,0,22.5,17.62
2026-02-10 10:32:16.485070,63,0,25.0,18.95
2026-02-10 11:32:16.485070,60,0,24.5,18.4
2026-02-10 12:32:16.485070,63,0,23.8,18.39
2026-02-10 13:32:16.485070,62,0,24.7,18.41
2026-02-10 14:32:16.485070,63,0,24.0,18.7
2026-02-10 15:32:16.485070,56,0,22.7,18.31
2026-02-10 16:32:16.485070,37,0,20.8,18.38
2026-02-10 17:32:16.485070,38,0,22.1,17.41
2026-02-10 18:32:16.485070,20,0,19.0,16.65
2026-02-10 19:32:16.485070,20,0,18.9,15.29
2026-02-10 20:32:16.485070,2,0,16.2,11.12
2026-02-10 21:32:16.485070,2,0,15.5,10.03
2026-02-10 22:32:16.485070,1,0,15.0,9.66
2026-02-10 23:32:16.485070,1,0,14.2,10.46
2026-02-11 00:32:16.485070,1,0,12.9,10.16
2026-02-11 01:32:16.485070,2,0,15.8,10.67
2026-02-11 02:32:16.485070,2,0,14.0,9.6
2026-02-11 03:32:16.485070,2,0,17.0,10.32
2026-02-11 04:32:16.485070,1,0,14.6,10.43
2026-02-11 05:32:16.485070,2,0,16.6,10.57
2026-02-11 06:32:16.485070,1,0,18.4,9.92
2026-02-11 07:32:16.485070,17,0,20.7,14.48
2026-02-11 08:32:16.485070,35,0,21.2,17.68
2026-02-11 09:32:16.485070,44,0,22.1,17.51
2026-02-11 10:32:16.485070,63,0,22.3,18.91
2026-02-11 11:32:16.485070,64,0,23.1,18.39
2026-02-11 12:32:16.485070,56,0,23.8,17.76
2026-02-11 13:32:16.485070,68,0,23.2,18.91
2026-02-11 14:32:16.485070,66,0,21.8,19.35
2026-02-11 15:32:16.485070,60,0,24.9,18.9
2026-02-11 16:32:16.485070,37,0,21.8,18.04
2026-02-11 17:32:16.485070,36,0,20.5,17.3
2026-02-11 18:32:16.485070,20,0,18.6,16.8
2026-02-11 19:32:16.485070,23,0,17.6,15.05
2026-02-11 20:32:16.485070,2,0,18.6,10.4
2026-02-11 21:32:16.485070,2,0,15.8,10.14
2026-02-11 22:32:16.485070,1,0,15.4,9.81
2026-02-11 23:32:16.485070,1,0,13.4,10.1
2026-02-12 00:32:16.485070,2,0,13.5,10.39
2026-02-12 01:32:16.485070,1,0,12.0,10.49
2026-02-12 02:32:16.485070,1,0,15.3,10.97
2026-02-12 03:32:16.485070,1,0,16.5,9.33
2026-02-12 04:32:16.485070,1,0,15.6,10.15
2026-02-12 05:32:16.485070,2,0,20.4,10.55
2026-02-12 06:32:16.485070,2,0,17.8,10.08
2026-02-12 07:32:16.485070,18,0,19.3,14.43
2026-02-12 08:32:16.485070,43,0,20.8,17.57
2026-02-12 09:32:16.485070,44,0,23.3,17.73
2026-02-12 10:32:16.485070,67,0,20.6,18.16
2026-02-12 11:32:16.485070,58,0,22.5,18.2
2026-02-12 12:32:16.485070,64,0,24.2,17.9
2026-02-12 13:32:16.485070,59,0,24.3,18.51
2026-02-12 14:32:16.485070,60,0,22.9,18.17
2026-02-12 15:32:16.485070,61,0,24.4,19.06
2026-02-12 16:32:16.485070,38,0,21.3,17.51
2026-02-12 17:32:16.485070,42,0,18.9,17.96
2026-02-12 18:32:16.485070,20,0,19.2,17.14
2026-02-12 19:32:16.485070,20,0,18.0,14.74
2026-02-12 20:32:16.485070,1,0,16.4,10.49
2026-02-12 21:32:16.485070,1,0,14.3,9.67
2026-02-12 22:32:16.485070,2,0,12.3,10.46
2026-02-12 23:32:16.485070,1,0,15.3,9.57
2026-02-13 00:32:16.485070,2,0,12.5,9.69
2026-02-13 01:32:16.485070,1,0,13.2,9.87
2026-02-13 02:32:16.485070,1,0,14.1,9.48
2026-02-13 03:32:16.485070,2,0,16.3,10.03
2026-02-13 04:32:16.485070,1,0,16.1,9.65
2026-02-13 05:32:16.485070,1,0,17.9,9.79
2026-02-13 06:32:16.485070,2,0,19.9,9.98
2026-02-13 07:32:16.485070,18,0,22.0,15.02
2026-02-13 08:32:16.485070,39,0,21.6,18.37
2026-02-13 09:32:16.485070,40,0,22.5,17.9
2026-02-13 10:32:16.485070,57,0,21.7,18.32
2026-02-13 11:32:16.485070,62,0,25.1,19.45
2026-02-13 12:32:16.485070,59,0,24.3,18.03
2026-02-13 13:32:16.485070,62,0,25.5,19.59
2026-02-13 14:32:16.485070,56,0,24.3,18.93
2026-02-13 15:32:16.485070,72,0,22.8,18.44
2026-02-13 16:32:16.485070,42,0,21.0,17.37
2026-02-13 17:32:16.485070,33,0,20.1,17.34
2026-02-13 18:32:16.485070,19,0,17.8,16.83
2026-02-13 19:32:16.485070,20,0,19.0,14.78
2026-02-13 20:32:16.485070,2,0,16.5,9.88
2026-02-13 21:32:16.485070,1,0,15.7,10.63
2026-02-13 22:32:16.485070,2,0,14.0,10.4
2026-02-13 23:32:16.485070,1,0,13.2,11.15
2026-02-14 00:32:16.485070,0,1,14.8,10.76
2026-02-14 01:32:16.485070,1,1,16.6,10.67
2026-02-14 02:32:16.485070,0,1,12.7,10.66
2026-02-14 03:32:16.485070,0,1,15.0,10.39
2026-02-14 04:32:16.485070,0,1,16.6,10.54
2026-02-14 05:32:16.485070,1,1,16.4,10.98
2026-02-14 06:32:16.485070,0,1,20.3,10.82
2026-02-14 07:32:16.485070,1,1,20.4,12.57
2026-02-14 08:32:16.485070,1,1,21.4,13.15
2026-02-14 09:32:16.485070,0,1,22.0,12.99
2026-02-14 10:32:16.485070,2,1,24.9,12.96
2026-02-14 11:32:16.485070,2,1,23.9,12.42
2026-02-14 12:32:16.485070,3,1,22.1,13.6
2026-02-14 13:32:16.485070,2,1,22.4,13.72
2026-02-14 14:32:16.485070,3,1,23.3,12.56
2026-02-14 15:32:16.485070,0,1,22.8,12.81
2026-02-14 16:32:16.485070,0,1,22.0,12.54
2026-02-14 17:32:16.485070,0,1,19.9,12.9
2026-02-14 18:32:16.485070,1,1,19.4,13.29
2026-02-14 19:32:16.485070,1,1,18.4,13.67
2026-02-14 20:32:16.485070,0,1,17.7,11.53
2026-02-14 21:32:16.485070,0,1,14.5,11.1
2026-02-14 22:32:16.485070,0,1,13.1,10.72
2026-02-14 23:32:16.485070,0,1,14.5,10.35
2026-02-15 00:32:16.485070,0,1,13.3,11.37
2026-02-15 01:32:16.485070,1,1,13.6,10.43
2026-02-15 02:32:16.485070,1,1,13.3,11.5
2026-02-15 03:32:16.485070,1,1,15.6,11.5
2026-02-15 04:32:16.485070,0,1,18.0,11.47
2026-02-15 05:32:16.485070,0,1,15.8,11.21
2026-02-15 06:32:16.485070,1,1,20.3,10.53
2026-02-15 07:32:16.485070,0,1,18.2,13.52
2026-02-15 08:32:16.485070,1,1,22.3,12.96
2026-02-15 09:32:16.485070,1,1,20.7,12.97
2026-02-15 10:32:16.485070,3,1,24.3,13.54
2026-02-15 11:32:16.485070,2,1,24.7,12.48
2026-02-15 12:32:16.485070,3,1,24.2,13.31
2026-02-15 13:32:16.485070,3,1,25.0,13.7
2026-02-15 14:32:16.485070,3,1,23.5,13.24
2026-02-15 15:32:16.485070,0,1,21.0,13.26
2026-02-15 16:32:16.485070,0,1,23.2,12.85
2026-02-15 17:32:16.485070,0,1,21.6,12.8
2026-02-15 18:32:16.485070,0,1,21.3,12.8
2026-02-15 19:32:16.485070,0,1,18.4,12.89
2026-02-15 20:32:16.485070,0,1,18.4,11.15
2026-02-15 21:32:16.485070,1,1,17.0,10.92
2026-02-15 22:32:16.485070,1,1,13.0,10.83
2026-02-15 23:32:16.485070,0,1,10.7,11.56
2026-02-16 00:32:16.485070,1,0,14.0,9.55
2026-02-16 01:32:16.485070,2,0,15.1,9.86
2026-02-16 02:32:16.485070,1,0,13.8,9.75
2026-02-16 03:32:16.485070,2,0,16.4,10.24
2026-02-16 04:32:16.485070,2,0,16.5,10.21
2026-02-16 05:32:16.485070,1,0,21.1,10.0
2026-02-16 06:32:16.485070,1,0,18.5,10.11
2026-02-16 07:32:16.485070,18,0,21.3,15.12
2026-02-16 08:32:16.485070,37,0,22.1,18.0
2026-02-16 09:32:16.485070,40,0,20.7,17.63
2026-02-16 10:32:16.485070,60,0,20.6,18.06
2026-02-16 11:32:16.485070,49,0,23.0,17.85
2026-02-16 12:32:16.485070,52,0,24.5,19.4
2026-02-16 13:32:16.485070,60,0,27.8,19.84
2026-02-16 14:32:16.485070,69,0,23.5,18.48
2026-02-16 15:32:16.485070,57,0,22.1,18.2
2026-02-16 16:32:16.485070,36,0,22.5,17.01
2026-02-16 17:32:16.485070,42,0,20.5,18.43
2026-02-16 18:32:16.485070,21,0,20.6,17.31
2026-02-16 19:32:16.485070,23,0,18.4,14.25
2026-02-16 20:32:16.485070,1,0,16.9,10.05
2026-02-16 21:32:16.485070,2,0,16.2,9.98
2026-02-16 22:32:16.485070,2,0,14.8,10.31
2026-02-16 23:32:16.485070,2,0,14.5,10.44
2026-02-17 00:32:16.485070,1,0,16.1,10.09
2026-02-17 01:32:16.485070,1,0,14.8,10.26
2026-02-17 02:32:16.485070,2,0,13.7,9.25
2026-02-17 03:32:16.485070,1,0,14.4,10.86
2026-02-17 04:32:16.485070,1,0,17.0,10.27
2026-02-17 05:32:16.485070,1,0,18.1,9.83
2026-02-17 06:32:16.485070,2,0,19.2,10.11
2026-02-17 07:32:16.485070,20,0,23.0,15.82
2026-02-17 08:32:16.485070,40,0,22.0,17.44
2026-02-17 09:32:16.485070,36,0,23.9,17.75
2026-02-17 10:32:16.485070,60,0,22.4,17.88
2026-02-17 11:32:16.485070,45,0,23.1,18.34
2026-02-17 12:32:16.485070,62,0,23.8,18.32
2026-02-17 13:32:16.485070,63,0,25.0,18.57
2026-02-17 14:32:16.485070,57,0,23.8,18.74
2026-02-17 15:32:16.485070,55,0,22.5,18.58
2026-02-17 16:32:16.485070,40,0,21.9,17.59
2026-02-17 17:32:16.485070,46,0,20.8,17.22
2026-02-17 18:32:16.485070,20,0,19.2,17.2
2026-02-17 19:32:16.485070,15,0,19.5,15.04
2026-02-17 20:32:16.485070,2,0,18.5,10.12
2026-02-17 21:32:16.485070,1,0,15.0,9.72
2026-02-17 22:32:16.485070,1,0,14.4,9.94
2026-02-17 23:32:16.485070,2,0,16.7,10.06
2026-02-18 00:32:16.485070,1,0,16.1,10.56
2026-02-18 01:32:16.485070,2,0,12.3,10.25
2026-02-18 02:32:16.485070,1,0,16.7,10.61
2026-02-18 03:32:16.485070,1,0,16.9,10.18
2026-02-18 04:32:16.485070,2,0,16.6,9.68
2026-02-18 05:32:16.485070,1,0,18.6,10.27
2026-02-18 06:32:16.485070,1,0,20.0,10.09
2026-02-18 07:32:16.485070,20,0,18.0,14.63
2026-02-18 08:32:16.485070,45,0,21.2,17.11
2026-02-18 09:32:16.485070,44,0,24.9,18.79
2026-02-18 10:32:16.485070,51,0,23.3,18.04
2026-02-18 11:32:16.485070,51,0,24.2,17.95
2026-02-18 12:32:16.485070,57,0,24.7,18.63
2026-02-18 13:32:16.485070,56,0,24.3,17.62
2026-02-18 14:32:16.485070,58,0,23.4,17.91
2026-02-18 15:32:16.485070,58,0,25.3,19.1
2026-02-18 16:32:16.485070,40,0,21.5,17.37
2026-02-18 17:32:16.485070,41,0,21.3,17.34
2026-02-18 18:32:16.485070,21,0,19.9,17.18
2026-02-18 19:32:16.485070,17,0,18.7,14.52
2026-02-18 20:32:16.485070,1,0,18.8,9.99
2026-02-18 21:32:16.485070,2,0,18.9,9.45
2026-02-18 22:32:16.485070,2,0,14.7,9.95
2026-02-18 23:32:16.485070,2,0,15.1,9.93
2026-02-19 00:32:16.485070,2,0,15.9,10.01
2026-02-19 01:32:16.485070,2,0,14.5,9.9
2026-02-19 02:32:16.485070,2,0,16.0,10.2
2026-02-19 03:32:16.485070,1,0,15.8,9.98
2026-02-19 04:32:16.485070,1,0,18.7,9.96
2026-02-19 05:32:16.485070,2,0,18.0,10.53
2026-02-19 06:32:16.485070,1,0,18.7,10.12
2026-02-19 07:32:16.485070,20,0,19.8,14.86
2026-02-19 08:32:16.485070,47,0,20.4,17.75
2026-02-19 09:32:16.485070,35,0,23.5,16.75
2026-02-19 10:32:16.485070,55,0,22.9,18.3
2026-02-19 11:32:16.485070,74,0,24.7,20.12
2026-02-19 12:32:16.485070,57,0,26.5,19.54
2026-02-19 13:32:16.485070,63,0,26.9,19.84
2026-02-19 14:32:16.485070,61,0,25.8,18.89
2026-02-19 15:32:16.485070,56,0,24.4,18.19
2026-02-19 16:32:16.485070,44,0,23.3,17.31
2026-02-19 17:32:16.485070,44,0,19.7,17.6
2026-02-19 18:32:16.485070,18,0,19.0,16.49
2026-02-19 19:32:16.485070,20,0,19.7,15.05
2026-02-19 20:32:16.485070,1,0,18.2,10.09
2026-02-19 21:32:16.485070,1,0,17.2,10.17
2026-02-19 22:32:16.485070,1,0,15.6,9.43
2026-02-19 23:32:16.485070,1,0,16.7,9.81
2026-02-20 00:32:16.485070,1,0,14.9,9.56
2026-02-20 01:32:16.485070,1,0,15.8,9.59
2026-02-20 02:32:16.485070,2,0,16.0,10.32
2026-02-20 03:32:16.485070,2,0,15.8,9.98
2026-02-20 04:32:16.485070,2,0,20.7,10.43
2026-02-20 05:32:16.485070,2,0,18.8,9.91
2026-02-20 06:32:16.485070,2,0,17.9,10.32
2026-02-20 07:32:16.485070,22,0,21.8,15.58
2026-02-20 08:32:16.485070,39,0,21.2,17.82
2026-02-20 09:32:16.485070,42,0,23.0,17.45
2026-02-20 10:32:16.485070,54,0,23.8,16.98
2026-02-20 11:32:16.485070,56,0,25.6,19.17
2026-02-20 12:32:16.485070,58,0,23.0,18.44
2026-02-20 13:32:16.485070,58,0,25.4,18.8
2026-02-20 14:32:16.485070,57,0,23.8,18.08
2026-02-20 15:32:16.485070,56,0,25.1,18.85
2026-02-20 16:32:16.485070,40,0,24.7,17.59
2026-02-20 17:32:16.485070,35,0,23.2,17.69
2026-02-20 18:32:16.485070,20,0,20.3,16.93
2026-02-20 19:32:16.485070,21,0,18.7,15.1
2026-02-20 20:32:16.485070,1,0,17.5,10.18
2026-02-20 21:32:16.485070,1,0,17.1,10.96
2026-02-20 22:32:16.485070,1,0,15.7,10.29
2026-02-20 23:32:16.485070,1,0,15.3,9.84
2026-02-21 00:32:16.485070,0,1,15.6,10.53
2026-02-21 01:32:16.485070,1,1,17.8,11.11
2026-02-21 02:32:16.485070,0,1,15.5,11.01
2026-02-21 03:32:16.485070,1,1,17.7,11.64
2026-02-21 04:32:16.485070,0,1,18.6,10.71
2026-02-21 05:32:16.485070,0,1,18.6,11.49
2026-02-21 06:32:16.485070,0,1,19.8,10.39
2026-02-21 07:32:16.485070,1,1,22.2,12.78
2026-02-21 08:32:16.485070,0,1,22.9,13.71
2026-02-21 09:32:16.485070,0,1,23.9,13.48
2026-02-21 10:32:16.485070,2,1,25.5,13.26
2026-02-21 11:32:16.485070,2,1,24.9,12.89
2026-02-21 12:32:16.485070,3,1,26.3,13.3
2026-02-21 13:32:16.485070,3,1,24.9,13.38
2026-02-21 14:32:16.485070,2,1,24.9,13.25
2026-02-21 15:32:16.485070,1,1,22.9,12.27
2026-02-21 16:32:16.485070,1,1,23.9,13.28
2026-02-21 17:32:16.485070,1,1,21.2,12.94
2026-02-21 18:32:16.485070,0,1,20.3,12.25
2026-02-21 19:32:16.485070,0,1,19.8,12.58
2026-02-21 20:32:16.485070,0,1,22.0,11.01
2026-02-21 21:32:16.485070,1,1,16.5,10.59
2026-02-21 22:32:16.485070,1,1,15.4,11.47
2026-02-21 23:32:16.485070,1,1,15.2,11.16
2026-02-22 00:32:16.485070,0,1,15.8,11.33
2026-02-22 01:32:16.485070,0,1,17.9,10.99
2026-02-22 02:32:16.485070,0,1,14.4,11.37
2026-02-22 03:32:16.485070,1,1,17.1,11.05
2026-02-22 04:32:16.485070,0,1,19.8,10.76
2026-02-22 05:32:16.485070,1,1,20.6,10.65
2026-02-22 06:32:16.485070,1,1,21.6,10.95
2026-02-22 07:32:16.485070,0,1,20.2,12.9
2026-02-22 08:32:16.485070,1,1,23.5,12.56
2026-02-22 09:32:16.485070,0,1,23.7,13.45
2026-02-22 10:32:16.485070,2,1,25.2,13.06
2026-02-22 11:32:16.485070,3,1,23.2,12.57
2026-02-22 12:32:16.485070,3,1,26.8,13.46
2026-02-22 13:32:16.485070,3,1,27.7,13.62
2026-02-22 14:32:16.485070,2,1,25.4,12.83
2026-02-22 15:32:16.485070,1,1,25.4,13.61
2026-02-22 16:32:16.485070,0,1,23.7,12.97
2026-02-22 17:32:16.485070,0,1,24.0,12.65
2026-02-22 18:32:16.485070,0,1,22.5,12.96
2026-02-22 19:32:16.485070,1,1,20.6,13.58
2026-02-22 20:32:16.485070,0,1,18.9,11.3
2026-02-22 21:32:16.485070,1,1,18.5,11.47
2026-02-22 22:32:16.485070,0,1,17.0,10.52
2026-02-22 23:32:16.485070,1,1,15.6,10.57
2026-02-23 00:32:16.485070,1,0,15.6,9.66
2026-02-23 01:32:16.485070,1,0,14.8,10.78
2026-02-23 02:32:16.485070,1,0,17.0,10.15
2026-02-23 03:32:16.485070,2,0,18.0,11.09
2026-02-23 04:32:16.485070,1,0,17.5,10.57
2026-02-23 05:32:16.485070,1,0,20.5,10.64
2026-02-23 06:32:16.485070,2,0,20.9,10.81
2026-02-23 07:32:16.485070,18,0,23.0,14.61
2026-02-23 08:32:16.485070,45,0,23.2,17.1
2026-02-23 09:32:16.485070,42,0,22.7,18.4
2026-02-23 10:32:16.485070,60,0,26.0,18.87
2026-02-23 11:32:16.485070,59,0,25.8,19.47
2026-02-23 12:32:16.485070,58,0,25.9,19.43
2026-02-23 13:32:16.485070,56,0,25.5,19.15
2026-02-23 14:32:16.485070,54,0,26.4,19.89
2026-02-23 15:32:16.485070,48,0,25.6,19.01
2026-02-23 16:32:16.485070,39,0,26.3,18.74
2026-02-23 17:32:16.485070,45,0,21.5,17.95
2026-02-23 18:32:16.485070,20,0,19.7,16.52
2026-02-23 19:32:16.485070,22,0,20.4,15.01
2026-02-23 20:32:16.485070,2,0,15.7,10.43
2026-02-23 21:32:16.485070,2,0,17.2,10.19
2026-02-23 22:32:16.485070,2,0,17.1,10.12
2026-02-23 23:32:16.485070,2,0,18.3,9.55
2026-02-24 00:32:16.485070,1,0,17.1,9.81
2026-02-24 01:32:16.485070,2,0,16.6,10.34
2026-02-24 02:32:16.485070,1,0,17.1,10.46
2026-02-24 03:32:16.485070,2,0,21.6,10.96
2026-02-24 04:32:16.485070,2,0,19.8,9.25
2026-02-24 05:32:16.485070,2,0,20.7,10.78
2026-02-24 06:32:16.485070,2,0,21.4,10.18
2026-02-24 07:32:16.485070,21,0,22.3,14.79
2026-02-24 08:32:16.485070,42,0,24.3,17.68
2026-02-24 09:32:16.485070,37,0,26.3,18.84
2026-02-24 10:32:16.485070,59,0,27.8,20.64
2026-02-24 11:32:16.485070,70,0,30.2,22.25
2026-02-24 12:32:16.485070,61,0,24.8,18.46
2026-02-24 13:32:16.485070,60,0,26.0,19.84
2026-02-24 14:32:16.485070,55,0,27.6,19.85
2026-02-24 15:32:16.485070,63,0,22.3,19.18
2026-02-24 16:32:16.485070,39,0,23.6,17.31
2026-02-24 17:32:16.485070,40,0,22.5,18.19
2026-02-24 18:32:16.485070,19,0,22.4,16.28
2026-02-24 19:32:16.485070,22,0,20.4,14.92
2026-02-24 20:32:16.485070,1,0,20.4,10.01
2026-02-24 21:32:16.485070,2,0,16.7,10.55
2026-02-24 22:32:16.485070,1,0,18.1,10.31
2026-02-24 23:32:16.485070,2,0,16.3,9.46
2026-02-25 00:32:16.485070,1,0,18.4,10.24
2026-02-25 01:32:16.485070,1,0,14.0,10.57
2026-02-25 02:32:16.485070,2,0,17.6,9.83
2026-02-25 03:32:16.485070,2,0,17.6,10.27
2026-02-25 04:32:16.485070,1,0,22.1,10.21
2026-02-25 05:32:16.485070,2,0,22.1,9.88
2026-02-25 06:32:16.485070,2,0,21.8,10.27
2026-02-25 07:32:16.485070,17,0,23.3,14.19
2026-02-25 08:32:16.485070,37,0,25.2,17.77
2026-02-25 09:32:16.485070,38,0,25.0,18.72
2026-02-25 10:32:16.485070,53,0,25.0,18.97
2026-02-25 11:32:16.485070,56,0,30.4,21.9
2026-02-25 12:32:16.485070,66,0,26.9,20.11
2026-02-25 13:32:16.485070,65,0,26.6,20.5
2026-02-25 14:32:16.485070,62,0,23.5,18.24
2026-02-25 15:32:16.485070,53,0,25.5,19.17
2026-02-25 16:32:16.485070,37,0,26.1,18.07
2026-02-25 17:32:16.485070,42,0,24.2,18.11
2026-02-25 18:32:16.485070,19,0,22.8,16.67
2026-02-25 19:32:16.485070,17,0,21.1,14.34
2026-02-25 20:32:16.485070,2,0,19.4,10.22
2026-02-25 21:32:16.485070,2,0,19.4,10.75
2026-02-25 22:32:16.485070,2,0,17.6,10.42
2026-02-25 23:32:16.485070,1,0,17.2,10.14
2026-02-26 00:32:16.485070,1,0,16.7,10.41
2026-02-26 01:32:16.485070,2,0,19.1,10.6
2026-02-26 02:32:16.485070,1,0,19.7,10.04
2026-02-26 03:32:16.485070,1,0,20.6,10.54
2026-02-26 04:32:16.485070,1,0,21.0,9.41
2026-02-26 05:32:16.485070,2,0,20.8,9.6
2026-02-26 06:32:16.485070,1,0,21.0,9.27
2026-02-26 07:32:16.485070,22,0,22.9,14.85
2026-02-26 08:32:16.485070,37,0,23.0,16.64
2026-02-26 09:32:16.485070,41,0,23.6,17.21
2026-02-26 10:32:16.485070,63,0,25.4,19.38
2026-02-26 11:32:16.485070,59,0,25.3,18.77
2026-02-26 12:32:16.485070,56,0,29.0,20.35
2026-02-26 13:32:16.485070,58,0,26.1,19.43
2026-02-26 14:32:16.485070,50,0,26.4,18.64
2026-02-26 15:32:16.485070,57,0,25.0,18.92
2026-02-26 16:32:16.485070,42,0,23.4,17.37
2026-02-26 17:32:16.485070,40,0,24.5,18.51
2026-02-26 18:32:16.485070,22,0,22.1,16.31
2026-02-26 19:32:16.485070,20,0,21.9,14.39
2026-02-26 20:32:16.485070,2,0,20.1,9.86
2026-02-26 21:32:16.485070,1,0,18.9,10.47
2026-02-26 22:32:16.485070,1,0,16.8,9.81
2026-02-26 23:32:16.485070,1,0,18.7,10.01
2026-02-27 00:32:16.485070,1,0,19.5,9.74
2026-02-27 01:32:16.485070,1,0,17.0,10.26
2026-02-27 02:32:16.485070,2,0,20.2,10.15
2026-02-27 03:32:16.485070,2,0,19.1,9.89
2026-02-27 04:32:16.485070,2,0,19.1,10.1
2026-02-27 05:32:16.485070,2,0,22.2,9.89
2026-02-27 06:32:16.485070,1,0,20.6,10.31
2026-02-27 07:32:16.485070,20,0,24.1,15.44
2026-02-27 08:32:16.485070,44,0,29.0,19.82
2026-02-27 09:32:16.485070,39,0,25.3,18.17
2026-02-27 10:32:16.485070,54,0,28.1,20.09
2026-02-27 11:32:16.485070,69,0,28.4,20.32
2026-02-27 12:32:16.485070,68,0,28.1,20.97
2026-02-27 13:32:16.485070,57,0,27.6,20.17
2026-02-27 14:32:16.485070,64,0,27.9,20.95
2026-02-27 15:32:16.485070,60,0,26.9,19.57
2026-02-27 16:32:16.485070,41,0,26.3,18.13
2026-02-27 17:32:16.485070,43,0,26.4,19.08
2026-02-27 18:32:16.485070,19,0,21.5,16.41
2026-02-27 19:32:16.485070,16,0,23.8,14.03
2026-02-27 20:32:16.485070,1,0,21.2,10.43
2026-02-27 21:32:16.485070,1,0,17.2,10.26
2026-02-27 22:32:16.485070,1,0,18.7,9.65
2026-02-27 23:32:16.485070,1,0,17.3,10.2
2026-02-28 00:32:16.485070,0,1,17.5,11.65
2026-02-28 01:32:16.485070,0,1,18.1,11.29
2026-02-28 02:32:16.485070,1,1,19.3,10.93
2026-02-28 03:32:16.485070,0,1,17.8,11.35
2026-02-28 04:32:16.485070,1,1,22.1,10.81
2026-02-28 05:32:16.485070,0,1,21.9,11.95
2026-02-28 06:32:16.485070,0,1,23.0,11.28
2026-02-28 07:32:16.485070,1,1,23.3,12.59
2026-02-28 08:32:16.485070,1,1,27.2,12.71
2026-02-28 09:32:16.485070,0,1,27.6,13.12
2026-02-28 10:32:16.485070,2,1,26.1,12.91
2026-02-28 11:32:16.485070,3,1,27.1,12.73
2026-02-28 12:32:16.485070,2,1,27.1,12.57
2026-02-28 13:32:16.485070,2,1,28.8,13.26
2026-02-28 14:32:16.485070,2,1,26.9,13.49
2026-02-28 15:32:16.485070,0,1,26.3,13.09
2026-02-28 16:32:16.485070,0,1,27.5,12.77
2026-02-28 17:32:16.485070,1,1,24.9,13.06
2026-02-28 18:32:16.485070,1,1,22.8,13.73
2026-02-28 19:32:16.485070,1,1,22.4,12.89
2026-02-28 20:32:16.485070,0,1,20.3,10.49
2026-02-28 21:32:16.485070,1,1,20.8,11.41
2026-02-28 22:32:16.485070,1,1,19.9,10.48
2026-02-28 23:32:16.485070,1,1,19.2,11.24
2026-03-01 00:32:16.485070,0,1,18.5,10.66
2026-03-01 01:32:16.485070,1,1,20.5,11.36
2026-03-01 02:32:16.485070,0,1,20.5,11.28
2026-03-01 03:32:16.485070,1,1,20.4,9.96
2026-03-01 04:32:16.485070,1,1,21.8,10.33
2026-03-01 05:32:16.485070,1,1,23.3,10.84
2026-03-01 06:32:16.485070,0,1,23.4,11.14
2026-03-01 07:32:16.485070,1,1,26.0,13.7
2026-03-01 08:32:16.485070,0,1,26.4,12.78
2026-03-01 09:32:16.485070,1,1,28.2,12.83
2026-03-01 10:32:16.485070,3,1,28.6,13.6
2026-03-01 11:32:16.485070,2,1,29.1,12.69
2026-03-01 12:32:16.485070,2,1,27.8,12.88
2026-03-01 13:32:16.485070,2,1,31.0,13.75
2026-03-01 14:32:16.485070,3,1,27.2,12.94
2026-03-01 15:32:16.485070,0,1,29.4,13.37
2026-03-01 16:32:16.485070,0,1,26.3,12.44
2026-03-01 17:32:16.485070,0,1,24.3,13.01
2026-03-01 18:32:16.485070,1,1,24.5,13.49
2026-03-01 19:32:16.485070,1,1,22.0,12.76
2026-03-01 20:32:16.485070,1,1,21.4,10.79
2026-03-01 21:32:16.485070,1,1,19.0,11.58
2026-03-01 22:32:16.485070,1,1,18.5,11.23
2026-03-01 23:32:16.485070,1,1,18.6,11.13
2026-03-02 00:32:16.485070,2,0,19.3,10.02
2026-03-02 01:32:16.485070,2,0,17.5,10.8
2026-03-02 02:32:16.485070,2,0,22.3,10.11
2026-03-02 03:32:16.485070,1,0,19.1,11.12
2026-03-02 04:32:16.485070,2,0,22.4,10.32
2026-03-02 05:32:16.485070,1,0,21.0,9.94
2026-03-02 06:32:16.485070,1,0,25.3,9.92
2026-03-02 07:32:16.485070,22,0,27.5,16.92
2026-03-02 08:32:16.485070,36,0,26.9,18.21
2026-03-02 09:32:16.485070,41,0,27.0,19.21
2026-03-02 10:32:16.485070,59,0,28.8,20.87
2026-03-02 11:32:16.485070,56,0,28.7,20.94
2026-03-02 12:32:16.485070,63,0,29.5,21.15
2026-03-02 13:32:16.485070,63,0,30.2,22.22
2026-03-02 14:32:16.485070,61,0,30.3,21.73
2026-03-02 15:32:16.485070,61,0,27.5,20.04
2026-03-02 16:32:16.485070,31,0,25.5,18.05
2026-03-02 17:32:16.485070,41,0,28.5,20.18
2026-03-02 18:32:16.485070,20,0,22.0,16.27
2026-03-02 19:32:16.485070,18,0,22.4,14.58
2026-03-02 20:32:16.485070,2,0,20.2,9.94
2026-03-02 21:32:16.485070,1,0,23.0,10.51
2026-03-02 22:32:16.485070,2,0,21.6,10.09
2026-03-02 23:32:16.485070,2,0,18.8,9.71
2026-03-03 00:32:16.485070,1,0,21.3,9.32
2026-03-03 01:32:16.485070,2,0,19.1,9.93
2026-03-03 02:32:16.485070,2,0,22.3,9.66
2026-03-03 03:32:16.485070,1,0,21.6,9.5
2026-03-03 04:32:16.485070,1,0,21.6,9.92
2026-03-03 05:32:16.485070,1,0,21.7,9.69
2026-03-03 06:32:16.485070,2,0,24.6,9.97
2026-03-03 07:32:16.485070,22,0,25.3,15.73
2026-03-03 08:32:16.485070,36,0,26.0,18.63
2026-03-03 09:32:16.485070,38,0,26.5,18.84
2026-03-03 10:32:16.485070,60,0,29.8,21.81
2026-03-03 11:32:16.485070,62,0,30.7,21.94
2026-03-03 12:32:16.485070,64,0,30.7,21.44
2026-03-03 13:32:16.485070,55,0,30.4,21.55
2026-03-03 14:32:16.485070,62,0,29.6,21.05
2026-03-03 15:32:16.485070,54,0,28.6,20.29
2026-03-03 16:32:16.485070,40,0,26.3,18.9
2026-03-03 17:32:16.485070,41,0,28.6,20.35
2026-03-03 18:32:16.485070,16,0,25.1,17.0
2026-03-03 19:32:16.485070,21,0,22.6,15.3
2026-03-03 20:32:16.485070,1,0,25.1,10.41
2026-03-03 21:32:16.485070,1,0,21.2,9.45
2026-03-03 22:32:16.485070,2,0,21.7,10.6
2026-03-03 23:32:16.485070,2,0,19.3,10.72
2026-03-04 00:32:16.485070,2,0,22.2,9.31
2026-03-04 01:32:16.485070,1,0,21.7,9.7
2026-03-04 02:32:16.485070,1,0,22.7,10.33
2026-03-04 03:32:16.485070,2,0,20.3,9.6
2026-03-04 04:32:16.485070,2,0,19.5,10.11
2026-03-04 05:32:16.485070,2,0,24.8,10.08
2026-03-04 06:32:16.485070,1,0,27.5,10.36
2026-03-04 07:32:16.485070,19,0,28.9,17.12
2026-03-04 08:32:16.485070,40,0,27.7,19.61
2026-03-04 09:32:16.485070,47,0,31.8,21.39
2026-03-04 10:32:16.485070,72,0,30.1,21.66
2026-03-04 11:32:16.485070,52,0,30.2,21.16
2026-03-04 12:32:16.485070,64,0,31.4,22.45
2026-03-04 13:32:16.485070,54,0,29.6,21.0
2026-03-04 14:32:16.485070,67,0,30.3,21.67
2026-03-04 15:32:16.485070,61,0,28.9,20.94
2026-03-04 16:32:16.485070,36,0,29.3,20.26
2026-03-04 17:32:16.485070,44,0,27.9,19.91
2026-03-04 18:32:16.485070,22,0,26.6,17.89
2026-03-04 19:32:16.485070,20,0,24.3,14.97
2026-03-04 20:32:16.485070,2,0,24.8,9.46
2026-03-04 21:32:16.485070,1,0,22.0,9.62
2026-03-04 22:32:16.485070,2,0,20.5,9.87
2026-03-04 23:32:16.485070,1,0,20.2,10.51
2026-03-05 00:32:16.485070,2,0,22.8,9.53
