timestamp,occupancy,is_exam_period,temperature_outside,electricity_kwh
2025-12-05 00:43:48.321054,4,0,15.0,13.96
2025-12-05 01:43:48.321054,4,0,18.4,12.51
2025-12-05 02:43:48.321054,4,0,17.1,12.55
2025-12-05 03:43:48.321054,5,0,18.1,13.12
2025-12-05 04:43:48.321054,4,0,22.6,11.42
2025-12-05 05:43:48.321054,5,0,19.1,13.8
2025-12-05 06:43:48.321054,4,0,22.9,11.1
2025-12-05 07:43:48.321054,31,0,23.7,17.06
2025-12-05 08:43:48.321054,37,0,25.8,19.5
2025-12-05 09:43:48.321054,70,0,24.2,22.04
2025-12-05 10:43:48.321054,76,0,27.5,23.01
2025-12-05 11:43:48.321054,78,0,27.4,22.97
2025-12-05 12:43:48.321054,49,0,24.0,19.18
2025-12-05 13:43:48.321054,48,0,25.6,19.78
2025-12-05 14:43:48.321054,92,0,28.4,24.17
2025-12-05 15:43:48.321054,84,0,25.7,21.71
2025-12-05 16:43:48.321054,93,0,25.4,22.25
2025-12-05 17:43:48.321054,78,0,24.5,21.61
2025-12-05 18:43:48.321054,52,0,23.8,20.04
2025-12-05 19:43:48.321054,55,0,21.8,19.76
2025-12-05 20:43:48.321054,44,0,20.2,18.45
2025-12-05 21:43:48.321054,14,0,18.4,16.79
2025-12-05 22:43:48.321054,11,0,15.2,18.28
2025-12-05 23:43:48.321054,15,0,19.8,12.75
2025-12-06 00:43:48.321054,7,0,16.7,13.96
2025-12-06 01:43:48.321054,8,0,18.5,12.96
2025-12-06 02:43:48.321054,7,0,14.9,14.8
2025-12-06 03:43:48.321054,7,0,18.9,12.63
2025-12-06 04:43:48.321054,7,0,17.9,13.43
2025-12-06 05:43:48.321054,6,0,21.1,11.39
2025-12-06 06:43:48.321054,8,0,22.4,12.18
2025-12-06 07:43:48.321054,7,0,22.5,15.77
2025-12-06 08:43:48.321054,5,0,25.4,16.64
2025-12-06 09:43:48.321054,7,0,27.7,17.06
2025-12-06 10:43:48.321054,33,0,26.1,17.91
2025-12-06 11:43:48.321054,38,0,30.1,20.49
2025-12-06 12:43:48.321054,29,0,31.5,20.57
2025-12-06 13:43:48.321054,23,0,25.5,18.0
2025-12-06 14:43:48.321054,28,0,25.9,18.15
2025-12-06 15:43:48.321054,29,0,25.6,18.03
2025-12-06 16:43:48.321054,29,0,26.1,19.41
2025-12-06 17:43:48.321054,30,0,22.8,17.03
2025-12-06 18:43:48.321054,33,0,21.7,17.18
2025-12-06 19:43:48.321054,7,0,23.0,15.99
2025-12-06 20:43:48.321054,8,0,22.1,15.06
2025-12-06 21:43:48.321054,8,0,19.2,15.81
2025-12-06 22:43:48.321054,7,0,20.1,16.13
2025-12-06 23:43:48.321054,8,0,21.0,12.06
2025-12-07 00:43:48.321054,7,0,19.0,12.47
2025-12-07 01:43:48.321054,8,0,19.3,12.58
2025-12-07 02:43:48.321054,9,0,18.1,13.53
2025-12-07 03:43:48.321054,6,0,18.4,13.11
2025-12-07 04:43:48.321054,6,0,23.3,12.41
2025-12-07 05:43:48.321054,8,0,22.6,11.42
2025-12-07 06:43:48.321054,9,0,21.9,11.2
2025-12-07 07:43:48.321054,7,0,24.3,16.21
2025-12-07 08:43:48.321054,10,0,24.6,16.56
2025-12-07 09:43:48.321054,8,0,27.7,17.07
2025-12-07 10:43:48.321054,31,0,27.6,19.64
2025-12-07 11:43:48.321054,30,0,28.3,19.69
2025-12-07 12:43:48.321054,27,0,30.2,19.77
2025-12-07 13:43:48.321054,28,0,28.5,19.68
2025-12-07 14:43:48.321054,31,0,26.5,19.34
2025-12-07 15:43:48.321054,29,0,26.1,18.49
2025-12-07 16:43:48.321054,32,0,22.9,18.18
2025-12-07 17:43:48.321054,38,0,23.5,18.64
2025-12-07 18:43:48.321054,35,0,24.4,17.43
2025-12-07 19:43:48.321054,7,0,23.6,15.44
2025-12-07 20:43:48.321054,8,0,21.3,15.98
2025-12-07 21:43:48.321054,9,0,18.4,16.72
2025-12-07 22:43:48.321054,7,0,21.1,15.28
2025-12-07 23:43:48.321054,9,0,19.7,12.7
2025-12-08 00:43:48.321054,4,0,20.1,11.6
2025-12-08 01:43:48.321054,5,0,18.9,12.8
2025-12-08 02:43:48.321054,4,0,21.2,11.76
2025-12-08 03:43:48.321054,6,0,18.6,12.17
2025-12-08 04:43:48.321054,4,0,22.8,11.98
2025-12-08 05:43:48.321054,5,0,22.1,10.75
2025-12-08 06:43:48.321054,3,0,24.7,11.87
2025-12-08 07:43:48.321054,29,0,28.6,19.54
2025-12-08 08:43:48.321054,40,0,26.2,19.13
2025-12-08 09:43:48.321054,68,0,28.5,22.84
2025-12-08 10:43:48.321054,85,0,28.4,23.77
2025-12-08 11:43:48.321054,63,0,28.5,20.88
2025-12-08 12:43:48.321054,65,0,27.8,22.18
2025-12-08 13:43:48.321054,56,0,28.1,22.45
2025-12-08 14:43:48.321054,69,0,28.0,22.56
2025-12-08 15:43:48.321054,79,0,26.9,22.43
2025-12-08 16:43:48.321054,81,0,28.1,23.21
2025-12-08 17:43:48.321054,66,0,24.1,20.91
2025-12-08 18:43:48.321054,57,0,22.3,18.99
2025-12-08 19:43:48.321054,50,0,25.5,19.81
2025-12-08 20:43:48.321054,51,0,23.0,19.1
2025-12-08 21:43:48.321054,15,0,18.4,17.34
2025-12-08 22:43:48.321054,15,0,16.6,18.03
2025-12-08 23:43:48.321054,16,0,17.6,14.11
2025-12-09 00:43:48.321054,5,0,18.9,12.85
2025-12-09 01:43:48.321054,5,0,21.0,11.93
2025-12-09 02:43:48.321054,5,0,19.7,12.21
2025-12-09 03:43:48.321054,4,0,21.5,11.72
2025-12-09 04:43:48.321054,5,0,22.8,10.87
2025-12-09 05:43:48.321054,3,0,22.6,11.69
2025-12-09 06:43:48.321054,5,0,23.3,11.83
2025-12-09 07:43:48.321054,41,0,24.3,18.8
2025-12-09 08:43:48.321054,28,0,28.0,19.17
2025-12-09 09:43:48.321054,63,0,27.0,21.15
2025-12-09 10:43:48.321054,63,0,32.2,23.36
2025-12-09 11:43:48.321054,69,0,29.3,23.88
2025-12-09 12:43:48.321054,59,0,30.8,22.9
2025-12-09 13:43:48.321054,52,0,28.6,21.82
2025-12-09 14:43:48.321054,86,0,28.0,24.0
2025-12-09 15:43:48.321054,76,0,28.6,23.05
2025-12-09 16:43:48.321054,68,0,26.4,21.58
2025-12-09 17:43:48.321054,93,0,25.8,23.48
2025-12-09 18:43:48.321054,46,0,22.0,16.93
2025-12-09 19:43:48.321054,58,0,21.9,19.14
2025-12-09 20:43:48.321054,46,0,23.1,17.9
2025-12-09 21:43:48.321054,16,0,18.4,17.24
2025-12-09 22:43:48.321054,13,0,20.1,15.99
2025-12-09 23:43:48.321054,16,0,15.7,14.35
2025-12-10 00:43:48.321054,5,0,20.8,12.23
2025-12-10 01:43:48.321054,4,0,17.7,14.32
2025-12-10 02:43:48.321054,5,0,19.8,12.4
2025-12-10 03:43:48.321054,5,0,22.7,12.17
2025-12-10 04:43:48.321054,4,0,23.0,10.94
2025-12-10 05:43:48.321054,5,0,24.4,12.81
2025-12-10 06:43:48.321054,5,0,22.8,12.66
2025-12-10 07:43:48.321054,37,0,25.8,19.44
2025-12-10 08:43:48.321054,34,0,28.7,20.15
2025-12-10 09:43:48.321054,74,0,25.0,22.42
2025-12-10 10:43:48.321054,60,0,27.9,21.77
2025-12-10 11:43:48.321054,74,0,28.4,23.66
2025-12-10 12:43:48.321054,45,0,28.9,21.07
2025-12-10 13:43:48.321054,72,0,28.8,23.15
2025-12-10 14:43:48.321054,64,0,29.3,21.65
2025-12-10 15:43:48.321054,61,0,27.6,22.27
2025-12-10 16:43:48.321054,91,0,28.8,25.16
2025-12-10 17:43:48.321054,71,0,26.6,21.71
2025-12-10 18:43:48.321054,54,0,21.4,18.5
2025-12-10 19:43:48.321054,55,0,24.4,20.18
2025-12-10 20:43:48.321054,48,0,22.0,18.75
2025-12-10 21:43:48.321054,13,0,17.5,17.71
2025-12-10 22:43:48.321054,15,0,19.0,16.0
2025-12-10 23:43:48.321054,11,0,17.2,14.08
2025-12-11 00:43:48.321054,3,0,19.0,12.21
2025-12-11 01:43:48.321054,2,0,22.6,11.77
2025-12-11 02:43:48.321054,5,0,17.2,13.33
2025-12-11 03:43:48.321054,4,0,22.4,11.14
2025-12-11 04:43:48.321054,5,0,24.3,12.37
2025-12-11 05:43:48.321054,4,0,25.6,12.13
2025-12-11 06:43:48.321054,5,0,23.4,11.94
2025-12-11 07:43:48.321054,38,0,26.2,18.17
2025-12-11 08:43:48.321054,40,0,27.4,20.23
2025-12-11 09:43:48.321054,62,0,27.2,22.39
2025-12-11 10:43:48.321054,83,0,29.2,24.73
2025-12-11 11:43:48.321054,80,0,31.2,24.06
2025-12-11 12:43:48.321054,61,0,28.9,23.23
2025-12-11 13:43:48.321054,58,0,29.0,22.62
2025-12-11 14:43:48.321054,87,0,31.7,25.52
2025-12-11 15:43:48.321054,95,0,31.8,25.99
2025-12-11 16:43:48.321054,80,0,26.3,22.98
2025-12-11 17:43:48.321054,77,0,21.5,20.74
2025-12-11 18:43:48.321054,48,0,25.5,19.92
2025-12-11 19:43:48.321054,55,0,23.6,19.79
2025-12-11 20:43:48.321054,52,0,24.4,19.98
2025-12-11 21:43:48.321054,14,0,24.9,17.4
2025-12-11 22:43:48.321054,16,0,21.1,16.17
2025-12-11 23:43:48.321054,13,0,21.7,12.37
2025-12-12 00:43:48.321054,5,0,23.2,11.82
2025-12-12 01:43:48.321054,4,0,19.8,12.37
2025-12-12 02:43:48.321054,5,0,23.2,12.75
2025-12-12 03:43:48.321054,5,0,20.8,12.4
2025-12-12 04:43:48.321054,4,0,25.8,13.68
2025-12-12 05:43:48.321054,4,0,25.4,12.04
2025-12-12 06:43:48.321054,4,0,25.9,13.16
2025-12-12 07:43:48.321054,36,0,28.7,19.2
2025-12-12 08:43:48.321054,36,0,28.9,19.54
2025-12-12 09:43:48.321054,84,0,29.7,24.32
2025-12-12 10:43:48.321054,64,0,32.3,24.2
2025-12-12 11:43:48.321054,66,0,29.7,23.3
2025-12-12 12:43:48.321054,46,0,31.8,22.02
2025-12-12 13:43:48.321054,64,0,33.4,24.67
2025-12-12 14:43:48.321054,65,0,31.2,24.44
2025-12-12 15:43:48.321054,84,0,29.0,23.89
2025-12-12 16:43:48.321054,75,0,28.8,23.65
2025-12-12 17:43:48.321054,85,0,23.8,22.2
2025-12-12 18:43:48.321054,41,0,25.0,18.87
2025-12-12 19:43:48.321054,57,0,25.7,20.52
2025-12-12 20:43:48.321054,62,0,21.6,19.82
2025-12-12 21:43:48.321054,15,0,22.7,15.83
2025-12-12 22:43:48.321054,16,0,23.0,15.68
2025-12-12 23:43:48.321054,16,0,20.2,12.98
2025-12-13 00:43:48.321054,5,0,19.7,12.42
2025-12-13 01:43:48.321054,8,0,20.3,11.74
2025-12-13 02:43:48.321054,8,0,23.2,12.1
2025-12-13 03:43:48.321054,7,0,21.3,10.84
2025-12-13 04:43:48.321054,8,0,23.4,12.29
2025-12-13 05:43:48.321054,7,0,25.8,13.42
2025-12-13 06:43:48.321054,8,0,25.8,12.76
2025-12-13 07:43:48.321054,10,0,25.9,17.03
2025-12-13 08:43:48.321054,9,0,25.2,16.86
2025-12-13 09:43:48.321054,7,0,33.0,19.66
2025-12-13 10:43:48.321054,31,0,30.5,20.37
2025-12-13 11:43:48.321054,33,0,31.8,20.48
2025-12-13 12:43:48.321054,32,0,31.3,20.92
2025-12-13 13:43:48.321054,33,0,29.7,20.31
2025-12-13 14:43:48.321054,30,0,30.1,20.62
2025-12-13 15:43:48.321054,29,0,30.3,19.7
2025-12-13 16:43:48.321054,31,0,27.0,18.5
2025-12-13 17:43:48.321054,22,0,25.4,17.46
2025-12-13 18:43:48.321054,28,0,28.6,19.22
2025-12-13 19:43:48.321054,7,0,22.6,15.41
2025-12-13 20:43:48.321054,7,0,24.8,16.24
2025-12-13 21:43:48.321054,8,0,23.2,14.91
2025-12-13 22:43:48.321054,6,0,25.7,16.89
2025-12-13 23:43:48.321054,7,0,22.0,11.08
2025-12-14 00:43:48.321054,8,0,18.8,12.91
2025-12-14 01:43:48.321054,7,0,21.2,11.84
2025-12-14 02:43:48.321054,8,0,24.4,12.43
2025-12-14 03:43:48.321054,6,0,24.2,12.5
2025-12-14 04:43:48.321054,9,0,23.4,12.44
2025-12-14 05:43:48.321054,10,0,25.9,14.17
2025-12-14 06:43:48.321054,8,0,26.3,14.15
2025-12-14 07:43:48.321054,7,0,27.7,17.09
2025-12-14 08:43:48.321054,6,0,30.8,18.54
2025-12-14 09:43:48.321054,7,0,30.4,18.25
2025-12-14 10:43:48.321054,30,0,29.5,19.45
2025-12-14 11:43:48.321054,33,0,34.4,22.08
2025-12-14 12:43:48.321054,27,0,34.3,21.68
2025-12-14 13:43:48.321054,28,0,30.4,19.8
2025-12-14 14:43:48.321054,23,0,30.8,20.09
2025-12-14 15:43:48.321054,28,0,27.5,18.71
2025-12-14 16:43:48.321054,27,0,29.7,19.6
2025-12-14 17:43:48.321054,26,0,27.9,18.81
2025-12-14 18:43:48.321054,30,0,26.1,18.75
2025-12-14 19:43:48.321054,8,0,25.1,16.26
2025-12-14 20:43:48.321054,8,0,24.0,16.35
2025-12-14 21:43:48.321054,6,0,23.9,15.67
2025-12-14 22:43:48.321054,10,0,21.9,16.73
2025-12-14 23:43:48.321054,8,0,21.9,12.06
2025-12-15 00:43:48.321054,4,0,22.4,11.66
2025-12-15 01:43:48.321054,6,0,24.5,12.39
2025-12-15 02:43:48.321054,4,0,23.6,12.47
2025-12-15 03:43:48.321054,5,0,23.5,11.28
2025-12-15 04:43:48.321054,5,0,23.9,12.82
2025-12-15 05:43:48.321054,5,0,24.3,12.83
2025-12-15 06:43:48.321054,5,0,29.0,14.57
2025-12-15 07:43:48.321054,39,0,28.7,20.31
2025-12-15 08:43:48.321054,36,0,30.6,19.72
2025-12-15 09:43:48.321054,75,0,30.0,23.62
2025-12-15 10:43:48.321054,71,0,33.7,25.68
2025-12-15 11:43:48.321054,70,0,32.4,23.97
2025-12-15 12:43:48.321054,46,0,34.2,22.91
2025-12-15 13:43:48.321054,64,0,31.6,23.95
2025-12-15 14:43:48.321054,85,0,29.4,23.74
2025-12-15 15:43:48.321054,73,0,31.9,24.35
2025-12-15 16:43:48.321054,58,0,32.1,22.98
2025-12-15 17:43:48.321054,86,0,27.3,23.76
2025-12-15 18:43:48.321054,50,0,26.1,19.43
2025-12-15 19:43:48.321054,55,0,23.6,19.08
2025-12-15 20:43:48.321054,51,0,27.0,19.94
2025-12-15 21:43:48.321054,15,0,21.1,15.54
2025-12-15 22:43:48.321054,15,0,24.6,16.62
2025-12-15 23:43:48.321054,11,0,22.0,11.57
2025-12-16 00:43:48.321054,4,0,20.8,12.1
2025-12-16 01:43:48.321054,4,0,22.1,11.23
2025-12-16 02:43:48.321054,5,0,21.8,11.4
2025-12-16 03:43:48.321054,4,0,22.0,10.46
2025-12-16 04:43:48.321054,5,0,25.5,13.31
2025-12-16 05:43:48.321054,4,0,25.6,12.35
2025-12-16 06:43:48.321054,4,0,28.6,12.78
2025-12-16 07:43:48.321054,42,0,27.5,20.07
2025-12-16 08:43:48.321054,41,0,32.6,20.67
2025-12-16 09:43:48.321054,58,0,30.5,22.37
2025-12-16 10:43:48.321054,72,0,33.0,24.11
2025-12-16 11:43:48.321054,65,0,32.2,23.66
2025-12-16 12:43:48.321054,54,0,31.8,22.53
2025-12-16 13:43:48.321054,42,0,32.2,22.1
2025-12-16 14:43:48.321054,78,0,31.1,25.54
2025-12-16 15:43:48.321054,77,0,33.4,25.36
2025-12-16 16:43:48.321054,73,0,30.7,23.34
2025-12-16 17:43:48.321054,80,0,27.8,23.98
2025-12-16 18:43:48.321054,48,0,29.1,21.29
2025-12-16 19:43:48.321054,55,0,27.9,21.79
2025-12-16 20:43:48.321054,53,0,26.8,20.86
2025-12-16 21:43:48.321054,14,0,25.9,17.43
2025-12-16 22:43:48.321054,15,0,24.4,17.21
2025-12-16 23:43:48.321054,16,0,23.1,11.47
2025-12-17 00:43:48.321054,5,0,26.7,13.73
2025-12-17 01:43:48.321054,6,0,23.6,11.68
2025-12-17 02:43:48.321054,6,0,24.1,11.86
2025-12-17 03:43:48.321054,4,0,27.4,13.47
2025-12-17 04:43:48.321054,4,0,22.5,11.4
2025-12-17 05:43:48.321054,4,0,28.5,13.41
2025-12-17 06:43:48.321054,5,0,26.2,12.72
2025-12-17 07:43:48.321054,34,0,30.0,20.12
2025-12-17 08:43:48.321054,31,0,32.4,21.61
2025-12-17 09:43:48.321054,64,0,32.2,23.72
2025-12-17 10:43:48.321054,85,0,31.5,24.2
2025-12-17 11:43:48.321054,66,0,31.7,24.4
2025-12-17 12:43:48.321054,53,0,33.7,23.59
2025-12-17 13:43:48.321054,72,0,35.1,25.12
2025-12-17 14:43:48.321054,75,0,32.7,24.42
2025-12-17 15:43:48.321054,78,0,32.0,24.81
2025-12-17 16:43:48.321054,96,0,27.2,24.08
2025-12-17 17:43:48.321054,77,0,29.3,23.54
2025-12-17 18:43:48.321054,40,0,27.8,20.19
2025-12-17 19:43:48.321054,51,0,24.1,19.3
2025-12-17 20:43:48.321054,49,0,25.0,20.52
2025-12-17 21:43:48.321054,16,0,21.8,15.01
2025-12-17 22:43:48.321054,14,0,24.4,17.15
2025-12-17 23:43:48.321054,19,0,25.2,14.03
2025-12-18 00:43:48.321054,5,0,25.0,12.48
2025-12-18 01:43:48.321054,4,0,23.9,11.74
2025-12-18 02:43:48.321054,5,0,24.3,12.78
2025-12-18 03:43:48.321054,4,0,25.2,12.1
2025-12-18 04:43:48.321054,5,0,26.0,13.54
2025-12-18 05:43:48.321054,4,0,24.2,11.96
2025-12-18 06:43:48.321054,5,0,27.0,13.02
2025-12-18 07:43:48.321054,29,0,29.8,20.25
2025-12-18 08:43:48.321054,35,0,30.9,20.64
2025-12-18 09:43:48.321054,68,0,34.8,24.72
2025-12-18 10:43:48.321054,60,0,32.8,24.87
2025-12-18 11:43:48.321054,69,0,32.3,23.96
2025-12-18 12:43:48.321054,56,0,34.4,24.59
2025-12-18 13:43:48.321054,46,0,33.3,22.99
2025-12-18 14:43:48.321054,93,0,33.3,26.52
2025-12-18 15:43:48.321054,87,0,33.3,26.19
2025-12-18 16:43:48.321054,90,0,30.7,25.05
2025-12-18 17:43:48.321054,81,0,28.5,23.69
2025-12-18 18:43:48.321054,39,0,28.7,19.56
2025-12-18 19:43:48.321054,51,0,24.9,19.75
2025-12-18 20:43:48.321054,54,0,23.9,19.7
2025-12-18 21:43:48.321054,15,0,25.7,17.64
2025-12-18 22:43:48.321054,13,0,22.1,15.65
2025-12-18 23:43:48.321054,14,0,23.7,11.9
2025-12-19 00:43:48.321054,4,0,24.5,11.32
2025-12-19 01:43:48.321054,4,0,24.0,11.93
2025-12-19 02:43:48.321054,6,0,22.3,11.15
2025-12-19 03:43:48.321054,4,0,24.9,11.21
2025-12-19 04:43:48.321054,5,0,25.0,11.95
2025-12-19 05:43:48.321054,4,0,29.9,15.09
2025-12-19 06:43:48.321054,5,0,28.2,14.31
2025-12-19 07:43:48.321054,42,0,26.7,20.41
2025-12-19 08:43:48.321054,36,0,31.1,20.87
2025-12-19 09:43:48.321054,72,0,32.3,23.85
2025-12-19 10:43:48.321054,71,0,32.8,24.35
2025-12-19 11:43:48.321054,87,0,33.2,25.55
2025-12-19 12:43:48.321054,51,0,33.0,23.08
2025-12-19 13:43:48.321054,56,0,34.1,23.94
2025-12-19 14:43:48.321054,82,0,33.4,25.43
2025-12-19 15:43:48.321054,72,0,32.8,24.81
2025-12-19 16:43:48.321054,84,0,28.2,23.42
2025-12-19 17:43:48.321054,85,0,29.0,24.03
2025-12-19 18:43:48.321054,44,0,28.6,21.47
2025-12-19 19:43:48.321054,62,0,25.7,21.37
2025-12-19 20:43:48.321054,46,0,28.1,20.9
2025-12-19 21:43:48.321054,16,0,25.4,17.2
2025-12-19 22:43:48.321054,13,0,23.1,15.63
2025-12-19 23:43:48.321054,15,0,23.2,10.92
2025-12-20 00:43:48.321054,7,0,25.4,12.82
2025-12-20 01:43:48.321054,8,0,26.9,13.53
2025-12-20 02:43:48.321054,8,0,24.0,12.15
2025-12-20 03:43:48.321054,8,0,27.0,13.86
2025-12-20 04:43:48.321054,8,0,24.5,12.86
2025-12-20 05:43:48.321054,8,0,29.1,13.89
2025-12-20 06:43:48.321054,8,0,28.3,14.56
2025-12-20 07:43:48.321054,7,0,31.8,18.48
2025-12-20 08:43:48.321054,8,0,33.6,19.81
2025-12-20 09:43:48.321054,6,0,31.2,19.2
2025-12-20 10:43:48.321054,38,0,33.7,22.1
2025-12-20 11:43:48.321054,28,0,35.0,22.95
2025-12-20 12:43:48.321054,29,0,34.2,22.02
2025-12-20 13:43:48.321054,30,0,31.8,20.53
2025-12-20 14:43:48.321054,28,0,34.6,21.82
2025-12-20 15:43:48.321054,28,0,32.7,20.62
2025-12-20 16:43:48.321054,30,0,30.8,20.2
2025-12-20 17:43:48.321054,33,0,32.1,21.8
2025-12-20 18:43:48.321054,31,0,29.4,19.4
2025-12-20 19:43:48.321054,7,0,28.7,17.13
2025-12-20 20:43:48.321054,6,0,24.6,16.77
2025-12-20 21:43:48.321054,8,0,28.4,17.93
2025-12-20 22:43:48.321054,8,0,23.5,15.75
2025-12-20 23:43:48.321054,9,0,21.8,11.77
2025-12-21 00:43:48.321054,8,0,24.1,12.96
2025-12-21 01:43:48.321054,9,0,22.4,11.39
2025-12-21 02:43:48.321054,7,0,26.8,13.89
2025-12-21 03:43:48.321054,8,0,24.6,12.48
2025-12-21 04:43:48.321054,9,0,24.9,12.7
2025-12-21 05:43:48.321054,7,0,29.7,13.79
2025-12-21 06:43:48.321054,8,0,28.3,14.51
2025-12-21 07:43:48.321054,7,0,28.9,17.24
2025-12-21 08:43:48.321054,8,0,30.4,18.66
2025-12-21 09:43:48.321054,7,0,32.5,19.1
2025-12-21 10:43:48.321054,29,0,29.5,20.2
2025-12-21 11:43:48.321054,31,0,35.8,22.61
2025-12-21 12:43:48.321054,33,0,34.0,21.25
2025-12-21 13:43:48.321054,32,0,34.3,21.83
2025-12-21 14:43:48.321054,31,0,36.7,22.34
2025-12-21 15:43:48.321054,32,0,31.0,21.26
2025-12-21 16:43:48.321054,28,0,32.6,21.1
2025-12-21 17:43:48.321054,29,0,29.3,20.29
2025-12-21 18:43:48.321054,32,0,27.7,18.67
2025-12-21 19:43:48.321054,8,0,26.5,17.48
2025-12-21 20:43:48.321054,7,0,26.5,16.43
2025-12-21 21:43:48.321054,9,0,23.8,15.4
2025-12-21 22:43:48.321054,8,0,26.5,16.57
2025-12-21 23:43:48.321054,7,0,25.0,12.32
2025-12-22 00:43:48.321054,4,0,22.5,10.88
2025-12-22 01:43:48.321054,5,0,23.8,11.8
2025-12-22 02:43:48.321054,4,0,25.9,13.75
2025-12-22 03:43:48.321054,5,0,23.2,12.11
2025-12-22 04:43:48.321054,5,0,26.1,12.6
2025-12-22 05:43:48.321054,5,0,28.9,13.53
2025-12-22 06:43:48.321054,4,0,28.9,13.3
2025-12-22 07:43:48.321054,36,0,32.5,21.67
2025-12-22 08:43:48.321054,31,0,30.0,20.16
2025-12-22 09:43:48.321054,70,0,32.7,24.39
2025-12-22 10:43:48.321054,74,0,36.8,25.01
2025-12-22 11:43:48.321054,62,0,33.4,23.66
2025-12-22 12:43:48.321054,51,0,34.5,23.94
2025-12-22 13:43:48.321054,60,0,34.7,25.07
2025-12-22 14:43:48.321054,74,0,32.5,24.58
2025-12-22 15:43:48.321054,77,0,31.9,24.4
2025-12-22 16:43:48.321054,96,0,29.2,24.74
2025-12-22 17:43:48.321054,60,0,30.0,22.82
2025-12-22 18:43:48.321054,59,0,31.5,23.49
2025-12-22 19:43:48.321054,48,0,29.8,21.43
2025-12-22 20:43:48.321054,55,0,28.7,22.12
2025-12-22 21:43:48.321054,15,0,24.2,15.98
2025-12-22 22:43:48.321054,16,0,25.2,16.77
2025-12-22 23:43:48.321054,11,0,24.5,12.6
2025-12-23 00:43:48.321054,5,0,26.3,13.72
2025-12-23 01:43:48.321054,4,0,24.7,11.92
2025-12-23 02:43:48.321054,4,0,25.1,12.84
2025-12-23 03:43:48.321054,5,0,25.6,12.26
2025-12-23 04:43:48.321054,3,0,27.3,13.5
2025-12-23 05:43:48.321054,3,0,25.2,11.71
2025-12-23 06:43:48.321054,4,0,27.4,13.0
2025-12-23 07:43:48.321054,39,0,28.7,19.72
2025-12-23 08:43:48.321054,40,0,32.8,21.53
2025-12-23 09:43:48.321054,73,0,32.8,24.88
2025-12-23 10:43:48.321054,67,0,35.0,24.26
2025-12-23 11:43:48.321054,65,0,35.9,24.81
2025-12-23 12:43:48.321054,52,0,34.3,23.06
2025-12-23 13:43:48.321054,67,0,35.4,26.23
2025-12-23 14:43:48.321054,87,0,32.6,25.93
2025-12-23 15:43:48.321054,77,0,34.3,26.23
2025-12-23 16:43:48.321054,85,0,33.3,25.7
2025-12-23 17:43:48.321054,60,0,31.0,22.89
2025-12-23 18:43:48.321054,50,0,28.7,20.76
2025-12-23 19:43:48.321054,51,0,29.6,21.35
2025-12-23 20:43:48.321054,38,0,28.5,20.03
2025-12-23 21:43:48.321054,16,0,26.7,16.94
2025-12-23 22:43:48.321054,13,0,25.0,16.55
2025-12-23 23:43:48.321054,14,0,24.2,13.4
2025-12-24 00:43:48.321054,4,0,22.7,11.89
2025-12-24 01:43:48.321054,5,0,22.0,11.09
2025-12-24 02:43:48.321054,5,0,26.1,12.68
2025-12-24 03:43:48.321054,6,0,24.7,13.11
2025-12-24 04:43:48.321054,4,0,24.6,12.96
2025-12-24 05:43:48.321054,5,0,27.8,13.02
2025-12-24 06:43:48.321054,5,0,28.3,13.44
2025-12-24 07:43:48.321054,34,0,27.2,19.63
2025-12-24 08:43:48.321054,37,0,33.5,22.72
2025-12-24 09:43:48.321054,78,0,31.8,24.89
2025-12-24 10:43:48.321054,61,0,36.5,25.92
2025-12-24 11:43:48.321054,76,0,34.2,25.83
2025-12-24 12:43:48.321054,55,0,35.0,24.66
2025-12-24 13:43:48.321054,63,0,35.7,25.44
2025-12-24 14:43:48.321054,85,0,35.5,26.86
2025-12-24 15:43:48.321054,70,0,34.0,25.1
2025-12-24 16:43:48.321054,77,0,32.2,24.4
2025-12-24 17:43:48.321054,71,0,32.3,23.69
2025-12-24 18:43:48.321054,46,0,32.2,23.31
2025-12-24 19:43:48.321054,49,0,26.9,20.93
2025-12-24 20:43:48.321054,46,0,27.2,20.59
2025-12-24 21:43:48.321054,19,0,25.1,16.72
2025-12-24 22:43:48.321054,13,0,24.1,16.56
2025-12-24 23:43:48.321054,14,0,22.3,12.09
2025-12-25 00:43:48.321054,4,0,27.2,13.81
2025-12-25 01:43:48.321054,5,0,26.4,12.57
2025-12-25 02:43:48.321054,3,0,23.0,12.44
2025-12-25 03:43:48.321054,4,0,24.0,12.69
2025-12-25 04:43:48.321054,5,0,24.3,12.28
2025-12-25 05:43:48.321054,5,0,27.8,13.76
2025-12-25 06:43:48.321054,4,0,30.5,14.14
2025-12-25 07:43:48.321054,31,0,31.6,19.46
2025-12-25 08:43:48.321054,40,0,30.8,20.25
2025-12-25 09:43:48.321054,71,0,33.2,24.24
2025-12-25 10:43:48.321054,67,0,35.0,25.18
2025-12-25 11:43:48.321054,58,0,32.9,23.32
2025-12-25 12:43:48.321054,66,0,34.6,25.33
2025-12-25 13:43:48.321054,57,0,31.8,23.39
2025-12-25 14:43:48.321054,74,0,31.2,24.19
2025-12-25 15:43:48.321054,66,0,34.3,25.42
2025-12-25 16:43:48.321054,78,0,32.6,24.25
2025-12-25 17:43:48.321054,83,0,28.3,23.73
2025-12-25 18:43:48.321054,53,0,33.6,23.08
2025-12-25 19:43:48.321054,37,0,30.8,20.62
2025-12-25 20:43:48.321054,39,0,27.3,19.39
2025-12-25 21:43:48.321054,16,0,25.4,16.92
2025-12-25 22:43:48.321054,13,0,26.0,17.21
2025-12-25 23:43:48.321054,12,0,28.9,13.92
2025-12-26 00:43:48.321054,4,0,24.9,11.72
2025-12-26 01:43:48.321054,5,0,24.8,12.75
2025-12-26 02:43:48.321054,5,0,25.0,13.3
2025-12-26 03:43:48.321054,5,0,26.3,12.6
2025-12-26 04:43:48.321054,3,0,29.2,13.69
2025-12-26 05:43:48.321054,4,0,28.8,13.75
2025-12-26 06:43:48.321054,5,0,31.6,15.3
2025-12-26 07:43:48.321054,38,0,30.0,20.87
2025-12-26 08:43:48.321054,35,0,34.7,22.5
2025-12-26 09:43:48.321054,70,0,33.6,25.2
2025-12-26 10:43:48.321054,65,0,35.3,24.84
2025-12-26 11:43:48.321054,71,0,34.5,25.38
2025-12-26 12:43:48.321054,44,0,32.9,22.95
2025-12-26 13:43:48.321054,57,0,32.4,22.88
2025-12-26 14:43:48.321054,78,0,32.6,24.38
2025-12-26 15:43:48.321054,69,0,35.6,25.0
2025-12-26 16:43:48.321054,93,0,31.6,25.42
2025-12-26 17:43:48.321054,74,0,30.9,24.35
2025-12-26 18:43:48.321054,48,0,29.7,20.69
2025-12-26 19:43:48.321054,53,0,26.9,20.46
2025-12-26 20:43:48.321054,44,0,26.9,20.21
2025-12-26 21:43:48.321054,11,0,25.9,16.79
2025-12-26 22:43:48.321054,11,0,24.1,16.18
2025-12-26 23:43:48.321054,13,0,24.2,12.71
2025-12-27 00:43:48.321054,7,0,23.0,11.36
2025-12-27 01:43:48.321054,9,0,24.3,13.1
2025-12-27 02:43:48.321054,7,0,25.2,12.61
2025-12-27 03:43:48.321054,9,0,24.7,13.35
2025-12-27 04:43:48.321054,8,0,29.3,14.32
2025-12-27 05:43:48.321054,7,0,30.1,14.79
2025-12-27 06:43:48.321054,8,0,31.1,14.52
2025-12-27 07:43:48.321054,7,0,33.2,18.36
2025-12-27 08:43:48.321054,7,0,33.9,19.98
2025-12-27 09:43:48.321054,6,0,33.1,18.74
2025-12-27 10:43:48.321054,25,0,35.7,21.8
2025-12-27 11:43:48.321054,25,0,32.9,21.81
2025-12-27 12:43:48.321054,33,0,33.5,21.95
2025-12-27 13:43:48.321054,30,0,35.9,22.17
2025-12-27 14:43:48.321054,21,0,34.7,21.03
2025-12-27 15:43:48.321054,24,0,35.2,22.63
2025-12-27 16:43:48.321054,28,0,34.2,21.66
2025-12-27 17:43:48.321054,34,0,29.9,20.25
2025-12-27 18:43:48.321054,30,0,30.9,19.8
2025-12-27 19:43:48.321054,9,0,29.2,18.06
2025-12-27 20:43:48.321054,8,0,27.0,17.94
2025-12-27 21:43:48.321054,7,0,24.4,15.65
2025-12-27 22:43:48.321054,7,0,25.9,17.63
2025-12-27 23:43:48.321054,7,0,26.4,13.51
2025-12-28 00:43:48.321054,6,0,23.7,12.44
2025-12-28 01:43:48.321054,7,0,24.7,12.92
2025-12-28 02:43:48.321054,7,0,23.0,11.04
2025-12-28 03:43:48.321054,7,0,22.3,11.55
2025-12-28 04:43:48.321054,7,0,26.8,13.85
2025-12-28 05:43:48.321054,7,0,30.2,14.33
2025-12-28 06:43:48.321054,8,0,27.3,14.03
2025-12-28 07:43:48.321054,8,0,33.2,20.12
2025-12-28 08:43:48.321054,8,0,32.0,19.09
2025-12-28 09:43:48.321054,6,0,31.6,19.38
2025-12-28 10:43:48.321054,23,0,39.4,23.72
2025-12-28 11:43:48.321054,27,0,33.6,21.03
2025-12-28 12:43:48.321054,28,0,31.9,20.67
2025-12-28 13:43:48.321054,25,0,34.2,22.11
2025-12-28 14:43:48.321054,33,0,38.1,23.67
2025-12-28 15:43:48.321054,29,0,33.8,22.14
2025-12-28 16:43:48.321054,26,0,32.9,21.51
2025-12-28 17:43:48.321054,30,0,32.2,20.91
2025-12-28 18:43:48.321054,25,0,30.0,19.22
2025-12-28 19:43:48.321054,8,0,27.3,16.15
2025-12-28 20:43:48.321054,7,0,28.8,17.62
2025-12-28 21:43:48.321054,9,0,27.0,17.59
2025-12-28 22:43:48.321054,8,0,27.4,17.46
2025-12-28 23:43:48.321054,6,0,23.7,12.77
2025-12-29 00:43:48.321054,5,0,28.2,12.48
2025-12-29 01:43:48.321054,5,0,22.9,11.38
2025-12-29 02:43:48.321054,5,0,28.1,13.78
2025-12-29 03:43:48.321054,4,0,27.8,13.65
2025-12-29 04:43:48.321054,3,0,27.6,13.53
2025-12-29 05:43:48.321054,4,0,27.5,13.88
2025-12-29 06:43:48.321054,4,0,33.4,15.24
2025-12-29 07:43:48.321054,32,0,28.8,19.78
2025-12-29 08:43:48.321054,33,0,32.7,20.73
2025-12-29 09:43:48.321054,64,0,31.1,22.31
2025-12-29 10:43:48.321054,68,0,34.5,25.1
2025-12-29 11:43:48.321054,86,0,33.6,26.31
2025-12-29 12:43:48.321054,50,0,34.4,23.92
2025-12-29 13:43:48.321054,40,0,34.8,22.6
2025-12-29 14:43:48.321054,73,0,34.5,25.73
2025-12-29 15:43:48.321054,92,0,34.4,27.42
2025-12-29 16:43:48.321054,70,0,34.5,25.79
2025-12-29 17:43:48.321054,65,0,31.4,23.71
2025-12-29 18:43:48.321054,48,0,31.6,21.73
2025-12-29 19:43:48.321054,44,0,27.9,21.03
2025-12-29 20:43:48.321054,50,0,27.8,21.82
2025-12-29 21:43:48.321054,17,0,26.5,18.48
2025-12-29 22:43:48.321054,19,0,25.4,17.79
2025-12-29 23:43:48.321054,14,0,24.6,12.61
2025-12-30 00:43:48.321054,5,0,25.6,13.09
2025-12-30 01:43:48.321054,6,0,26.0,12.15
2025-12-30 02:43:48.321054,4,0,23.9,11.75
2025-12-30 03:43:48.321054,4,0,25.4,12.8
2025-12-30 04:43:48.321054,5,0,25.4,13.29
2025-12-30 05:43:48.321054,5,0,29.0,14.2
2025-12-30 06:43:48.321054,6,0,30.4,15.17
2025-12-30 07:43:48.321054,31,0,33.3,20.88
2025-12-30 08:43:48.321054,31,0,31.0,20.92
2025-12-30 09:43:48.321054,91,0,32.6,25.66
2025-12-30 10:43:48.321054,65,0,32.4,24.53
2025-12-30 11:43:48.321054,53,0,36.9,25.26
2025-12-30 12:43:48.321054,51,0,34.4,22.89
2025-12-30 13:43:48.321054,49,0,36.7,24.87
2025-12-30 14:43:48.321054,74,0,35.6,25.56
2025-12-30 15:43:48.321054,74,0,33.8,25.23
2025-12-30 16:43:48.321054,76,0,32.0,23.82
2025-12-30 17:43:48.321054,82,0,28.2,22.94
2025-12-30 18:43:48.321054,53,0,30.9,23.11
2025-12-30 19:43:48.321054,44,0,27.9,19.74
2025-12-30 20:43:48.321054,55,0,25.3,19.66
2025-12-30 21:43:48.321054,14,0,26.0,17.14
2025-12-30 22:43:48.321054,14,0,25.5,16.86
2025-12-30 23:43:48.321054,16,0,24.2,13.76
2025-12-31 00:43:48.321054,3,0,26.8,13.12
2025-12-31 01:43:48.321054,5,0,24.4,12.89
2025-12-31 02:43:48.321054,4,0,26.6,13.82
2025-12-31 03:43:48.321054,5,0,26.3,13.27
2025-12-31 04:43:48.321054,5,0,28.4,13.94
2025-12-31 05:43:48.321054,5,0,26.4,12.58
2025-12-31 06:43:48.321054,6,0,29.7,14.67
2025-12-31 07:43:48.321054,32,0,31.8,20.93
2025-12-31 08:43:48.321054,31,0,33.4,20.22
2025-12-31 09:43:48.321054,73,0,34.8,25.84
2025-12-31 10:43:48.321054,78,0,32.3,24.6
2025-12-31 11:43:48.321054,74,0,34.9,25.17
2025-12-31 12:43:48.321054,46,0,35.0,23.56
2025-12-31 13:43:48.321054,55,0,36.1,23.98
2025-12-31 14:43:48.321054,78,0,35.1,26.96
2025-12-31 15:43:48.321054,77,0,33.9,25.35
2025-12-31 16:43:48.321054,82,0,32.8,25.39
2025-12-31 17:43:48.321054,74,0,32.8,24.71
2025-12-31 18:43:48.321054,50,0,32.0,21.97
2025-12-31 19:43:48.321054,44,0,29.1,21.88
2025-12-31 20:43:48.321054,60,0,27.8,22.64
2025-12-31 21:43:48.321054,14,0,28.4,17.59
2025-12-31 22:43:48.321054,13,0,24.2,17.01
2025-12-31 23:43:48.321054,16,0,24.5,13.36
2026-01-01 00:43:48.321054,4,0,21.5,11.12
2026-01-01 01:43:48.321054,4,0,21.3,11.69
2026-01-01 02:43:48.321054,4,0,22.2,10.66
2026-01-01 03:43:48.321054,4,0,24.9,11.8
2026-01-01 04:43:48.321054,5,0,27.1,13.34
2026-01-01 05:43:48.321054,3,0,27.7,13.92
2026-01-01 06:43:48.321054,4,0,29.6,14.32
2026-01-01 07:43:48.321054,39,0,32.5,21.32
2026-01-01 08:43:48.321054,29,0,30.2,21.99
2026-01-01 09:43:48.321054,75,0,35.1,25.13
2026-01-01 10:43:48.321054,76,0,33.7,25.09
2026-01-01 11:43:48.321054,74,0,35.0,26.06
2026-01-01 12:43:48.321054,42,0,32.6,22.1
2026-01-01 13:43:48.321054,54,0,32.8,22.76
2026-01-01 14:43:48.321054,89,0,38.0,28.23
2026-01-01 15:43:48.321054,66,0,32.7,23.82
2026-01-01 16:43:48.321054,79,0,32.3,25.47
2026-01-01 17:43:48.321054,71,0,27.9,22.39
2026-01-01 18:43:48.321054,43,0,28.7,20.49
2026-01-01 19:43:48.321054,52,0,27.4,20.89
2026-01-01 20:43:48.321054,44,0,25.4,19.38
2026-01-01 21:43:48.321054,14,0,26.8,17.28
2026-01-01 22:43:48.321054,13,0,27.5,17.94
2026-01-01 23:43:48.321054,15,0,24.7,13.36
2026-01-02 00:43:48.321054,5,0,23.6,12.25
2026-01-02 01:43:48.321054,4,0,22.7,11.33
2026-01-02 02:43:48.321054,3,0,24.0,11.95
2026-01-02 03:43:48.321054,4,0,24.6,12.98
2026-01-02 04:43:48.321054,4,0,29.2,14.76
2026-01-02 05:43:48.321054,4,0,26.5,12.88
2026-01-02 06:43:48.321054,5,0,29.2,14.39
2026-01-02 07:43:48.321054,37,0,29.7,20.94
2026-01-02 08:43:48.321054,41,0,32.0,21.43
2026-01-02 09:43:48.321054,53,0,32.2,22.65
2026-01-02 10:43:48.321054,59,0,30.9,22.92
2026-01-02 11:43:48.321054,65,0,36.1,25.37
2026-01-02 12:43:48.321054,47,0,34.5,22.35
2026-01-02 13:43:48.321054,40,0,35.1,22.48
2026-01-02 14:43:48.321054,79,0,34.4,25.22
2026-01-02 15:43:48.321054,84,0,33.8,26.05
2026-01-02 16:43:48.321054,71,0,32.0,25.23
2026-01-02 17:43:48.321054,91,0,31.6,25.89
2026-01-02 18:43:48.321054,47,0,28.7,21.67
2026-01-02 19:43:48.321054,47,0,28.3,20.93
2026-01-02 20:43:48.321054,41,0,24.8,19.34
2026-01-02 21:43:48.321054,13,0,23.8,16.54
2026-01-02 22:43:48.321054,15,0,27.9,18.19
2026-01-02 23:43:48.321054,16,0,22.4,11.37
2026-01-03 00:43:48.321054,6,0,21.6,11.65
2026-01-03 01:43:48.321054,7,0,22.2,11.59
2026-01-03 02:43:48.321054,6,0,25.1,12.31
2026-01-03 03:43:48.321054,7,0,23.2,12.49
2026-01-03 04:43:48.321054,6,0,25.8,13.34
2026-01-03 05:43:48.321054,7,0,30.1,14.19
2026-01-03 06:43:48.321054,8,0,29.1,12.75
2026-01-03 07:43:48.321054,6,0,31.6,18.77
2026-01-03 08:43:48.321054,6,0,32.3,18.6
2026-01-03 09:43:48.321054,8,0,32.8,19.13
2026-01-03 10:43:48.321054,26,0,35.3,21.93
2026-01-03 11:43:48.321054,29,0,33.9,21.25
2026-01-03 12:43:48.321054,28,0,32.1,20.84
2026-01-03 13:43:48.321054,23,0,33.6,20.34
2026-01-03 14:43:48.321054,31,0,35.5,22.98
2026-01-03 15:43:48.321054,32,0,31.4,20.35
2026-01-03 16:43:48.321054,29,0,32.8,21.71
2026-01-03 17:43:48.321054,30,0,29.2,20.31
2026-01-03 18:43:48.321054,32,0,27.9,18.98
2026-01-03 19:43:48.321054,8,0,30.8,18.49
2026-01-03 20:43:48.321054,8,0,25.2,17.2
2026-01-03 21:43:48.321054,6,0,24.5,16.47
2026-01-03 22:43:48.321054,7,0,25.9,15.97
2026-01-03 23:43:48.321054,7,0,22.3,11.75
2026-01-04 00:43:48.321054,34,1,23.4,16.34
2026-01-04 01:43:48.321054,51,1,24.9,19.29
2026-01-04 02:43:48.321054,55,1,22.2,18.38
2026-01-04 03:43:48.321054,50,1,25.0,20.31
2026-01-04 04:43:48.321054,43,1,26.4,19.78
2026-01-04 05:43:48.321054,39,1,26.7,19.34
2026-01-04 06:43:48.321054,31,1,29.2,19.46
2026-01-04 07:43:48.321054,32,1,33.0,23.75
2026-01-04 08:43:48.321054,132,1,31.6,29.88
2026-01-04 09:43:48.321054,142,1,33.7,32.34
2026-01-04 10:43:48.321054,136,1,34.1,31.56
2026-01-04 11:43:48.321054,152,1,36.8,35.17
2026-01-04 12:43:48.321054,102,1,34.6,28.53
2026-01-04 13:43:48.321054,95,1,33.6,28.08
2026-01-04 14:43:48.321054,143,1,32.2,31.49
2026-01-04 15:43:48.321054,157,1,31.3,32.78
2026-01-04 16:43:48.321054,150,1,32.0,32.26
2026-01-04 17:43:48.321054,176,1,28.7,32.99
2026-01-04 18:43:48.321054,156,1,28.9,30.77
2026-01-04 19:43:48.321054,134,1,26.2,27.39
2026-01-04 20:43:48.321054,132,1,25.5,27.71
2026-01-04 21:43:48.321054,128,1,26.2,26.68
2026-01-04 22:43:48.321054,111,1,24.3,25.58
2026-01-04 23:43:48.321054,58,1,26.8,19.92
2026-01-05 00:43:48.321054,58,1,24.8,20.25
2026-01-05 01:43:48.321054,59,1,23.8,18.66
2026-01-05 02:43:48.321054,52,1,23.1,18.02
2026-01-05 03:43:48.321054,69,1,25.4,21.18
2026-01-05 04:43:48.321054,55,1,28.0,21.59
2026-01-05 05:43:48.321054,60,1,27.8,21.14
2026-01-05 06:43:48.321054,32,1,30.8,20.31
2026-01-05 07:43:48.321054,41,1,29.1,21.74
2026-01-05 08:43:48.321054,139,1,31.9,30.91
2026-01-05 09:43:48.321054,133,1,32.5,30.53
2026-01-05 10:43:48.321054,135,1,31.9,31.35
2026-01-05 11:43:48.321054,173,1,32.5,34.78
2026-01-05 12:43:48.321054,109,1,32.7,29.22
2026-01-05 13:43:48.321054,107,1,35.7,30.49
2026-01-05 14:43:48.321054,156,1,34.2,33.6
2026-01-05 15:43:48.321054,188,1,31.2,35.49
2026-01-05 16:43:48.321054,132,1,31.0,30.6
2026-01-05 17:43:48.321054,171,1,29.5,31.57
2026-01-05 18:43:48.321054,200,1,27.9,34.72
2026-01-05 19:43:48.321054,195,1,25.6,33.58
2026-01-05 20:43:48.321054,137,1,27.3,28.82
2026-01-05 21:43:48.321054,145,1,26.4,28.56
2026-01-05 22:43:48.321054,138,1,22.1,27.06
2026-01-05 23:43:48.321054,73,1,20.9,19.61
2026-01-06 00:43:48.321054,54,1,21.2,18.45
2026-01-06 01:43:48.321054,56,1,23.5,18.83
2026-01-06 02:43:48.321054,65,1,23.6,20.29
2026-01-06 03:43:48.321054,54,1,25.1,19.55
2026-01-06 04:43:48.321054,70,1,24.1,21.19
2026-01-06 05:43:48.321054,52,1,27.9,21.2
2026-01-06 06:43:48.321054,35,1,29.2,20.53
2026-01-06 07:43:48.321054,46,1,29.0,22.08
2026-01-06 08:43:48.321054,138,1,31.8,31.38
2026-01-06 09:43:48.321054,168,1,33.2,34.99
2026-01-06 10:43:48.321054,133,1,31.5,29.71
2026-01-06 11:43:48.321054,171,1,32.4,33.11
2026-01-06 12:43:48.321054,127,1,34.9,31.41
2026-01-06 13:43:48.321054,133,1,33.0,30.98
2026-01-06 14:43:48.321054,131,1,32.0,31.47
2026-01-06 15:43:48.321054,172,1,31.3,34.08
2026-01-06 16:43:48.321054,164,1,31.3,32.66
2026-01-06 17:43:48.321054,193,1,30.1,35.46
2026-01-06 18:43:48.321054,159,1,27.6,31.15
2026-01-06 19:43:48.321054,199,1,25.0,33.06
2026-01-06 20:43:48.321054,130,1,26.5,28.07
2026-01-06 21:43:48.321054,106,1,25.1,25.56
2026-01-06 22:43:48.321054,158,1,24.3,28.99
2026-01-06 23:43:48.321054,82,1,23.5,20.71
2026-01-07 00:43:48.321054,43,1,23.9,17.94
2026-01-07 01:43:48.321054,61,1,24.5,19.46
2026-01-07 02:43:48.321054,57,1,21.7,18.81
2026-01-07 03:43:48.321054,66,1,23.7,20.28
2026-01-07 04:43:48.321054,58,1,25.2,19.52
2026-01-07 05:43:48.321054,65,1,25.1,20.15
2026-01-07 06:43:48.321054,44,1,27.4,20.18
2026-01-07 07:43:48.321054,39,1,29.9,22.63
2026-01-07 08:43:48.321054,149,1,30.3,31.37
2026-01-07 09:43:48.321054,154,1,34.4,33.3
2026-01-07 10:43:48.321054,149,1,31.0,31.38
2026-01-07 11:43:48.321054,146,1,33.4,32.19
2026-01-07 12:43:48.321054,128,1,33.9,30.9
2026-01-07 13:43:48.321054,145,1,34.1,32.09
2026-01-07 14:43:48.321054,174,1,30.6,33.89
2026-01-07 15:43:48.321054,141,1,33.2,31.89
2026-01-07 16:43:48.321054,192,1,29.7,35.03
2026-01-07 17:43:48.321054,178,1,28.0,33.26
2026-01-07 18:43:48.321054,204,1,26.9,33.94
2026-01-07 19:43:48.321054,195,1,27.2,33.56
2026-01-07 20:43:48.321054,132,1,26.9,28.83
2026-01-07 21:43:48.321054,142,1,22.2,26.32
2026-01-07 22:43:48.321054,146,1,21.9,26.18
2026-01-07 23:43:48.321054,87,1,23.5,21.61
2026-01-08 00:43:48.321054,55,1,20.9,19.1
2026-01-08 01:43:48.321054,75,1,21.8,19.76
2026-01-08 02:43:48.321054,57,1,23.1,18.77
2026-01-08 03:43:48.321054,78,1,21.5,20.13
2026-01-08 04:43:48.321054,61,1,25.0,19.79
2026-01-08 05:43:48.321054,58,1,26.0,19.8
2026-01-08 06:43:48.321054,45,1,26.7,19.89
2026-01-08 07:43:48.321054,39,1,27.7,21.49
2026-01-08 08:43:48.321054,171,1,28.2,31.99
2026-01-08 09:43:48.321054,135,1,31.5,31.2
2026-01-08 10:43:48.321054,112,1,30.6,28.0
2026-01-08 11:43:48.321054,171,1,32.8,34.13
2026-01-08 12:43:48.321054,132,1,33.5,32.07
2026-01-08 13:43:48.321054,114,1,31.5,28.37
2026-01-08 14:43:48.321054,166,1,31.5,33.42
2026-01-08 15:43:48.321054,181,1,33.4,35.76
2026-01-08 16:43:48.321054,187,1,29.2,33.77
2026-01-08 17:43:48.321054,139,1,30.6,30.98
2026-01-08 18:43:48.321054,176,1,28.5,32.07
2026-01-08 19:43:48.321054,136,1,28.2,29.06
2026-01-08 20:43:48.321054,144,1,24.4,27.5
2026-01-08 21:43:48.321054,148,1,22.6,26.2
2026-01-08 22:43:48.321054,159,1,23.2,28.44
2026-01-08 23:43:48.321054,81,1,22.6,20.52
2026-01-09 00:43:48.321054,55,1,23.0,18.33
2026-01-09 01:43:48.321054,44,1,24.5,17.8
2026-01-09 02:43:48.321054,58,1,25.4,20.4
2026-01-09 03:43:48.321054,67,1,23.0,19.44
2026-01-09 04:43:48.321054,64,1,28.7,23.16
2026-01-09 05:43:48.321054,63,1,22.3,18.14
2026-01-09 06:43:48.321054,39,1,26.9,18.96
2026-01-09 07:43:48.321054,44,1,29.9,22.7
2026-01-09 08:43:48.321054,155,1,30.8,32.45
2026-01-09 09:43:48.321054,154,1,32.7,32.85
2026-01-09 10:43:48.321054,137,1,31.7,31.82
2026-01-09 11:43:48.321054,144,1,32.4,31.98
2026-01-09 12:43:48.321054,106,1,34.2,29.43
2026-01-09 13:43:48.321054,134,1,30.9,30.2
2026-01-09 14:43:48.321054,170,1,31.6,33.53
2026-01-09 15:43:48.321054,185,1,30.6,34.21
2026-01-09 16:43:48.321054,181,1,30.3,33.94
2026-01-09 17:43:48.321054,223,1,28.9,36.36
2026-01-09 18:43:48.321054,190,1,26.5,32.91
2026-01-09 19:43:48.321054,201,1,24.8,32.67
2026-01-09 20:43:48.321054,107,1,25.7,26.58
2026-01-09 21:43:48.321054,132,1,24.4,26.7
2026-01-09 22:43:48.321054,165,1,23.7,29.59
2026-01-09 23:43:48.321054,80,1,21.5,20.09
2026-01-10 00:43:48.321054,48,1,20.6,18.61
2026-01-10 01:43:48.321054,49,1,22.6,18.51
2026-01-10 02:43:48.321054,52,1,20.7,19.56
2026-01-10 03:43:48.321054,54,1,22.5,17.88
2026-01-10 04:43:48.321054,49,1,25.5,18.03
2026-01-10 05:43:48.321054,61,1,24.8,19.09
2026-01-10 06:43:48.321054,36,1,27.8,20.43
2026-01-10 07:43:48.321054,39,1,25.7,20.41
2026-01-10 08:43:48.321054,107,1,31.0,28.64
2026-01-10 09:43:48.321054,128,1,30.3,28.03
2026-01-10 10:43:48.321054,134,1,32.8,30.77
2026-01-10 11:43:48.321054,121,1,29.9,27.75
2026-01-10 12:43:48.321054,89,1,31.0,27.25
2026-01-10 13:43:48.321054,111,1,32.7,29.97
2026-01-10 14:43:48.321054,114,1,31.8,29.1
2026-01-10 15:43:48.321054,158,1,31.5,32.62
2026-01-10 16:43:48.321054,135,1,25.8,27.12
2026-01-10 17:43:48.321054,167,1,29.7,32.13
2026-01-10 18:43:48.321054,165,1,27.2,30.49
2026-01-10 19:43:48.321054,148,1,26.2,28.9
2026-01-10 20:43:48.321054,114,1,24.9,25.46
2026-01-10 21:43:48.321054,125,1,24.8,26.43
2026-01-10 22:43:48.321054,92,1,19.0,23.97
2026-01-10 23:43:48.321054,59,1,22.5,19.36
2026-01-11 00:43:48.321054,42,1,19.9,18.14
2026-01-11 01:43:48.321054,51,1,19.8,18.11
2026-01-11 02:43:48.321054,51,1,22.2,18.08
2026-01-11 03:43:48.321054,46,1,24.0,18.36
2026-01-11 04:43:48.321054,43,1,24.7,17.86
2026-01-11 05:43:48.321054,50,1,27.9,21.78
2026-01-11 06:43:48.321054,36,1,24.4,17.58
2026-01-11 07:43:48.321054,29,1,27.9,20.83
2026-01-11 08:43:48.321054,132,1,28.8,29.77
2026-01-11 09:43:48.321054,116,1,29.9,28.37
2026-01-11 10:43:48.321054,122,1,32.5,29.78
2026-01-11 11:43:48.321054,147,1,32.9,33.43
2026-01-11 12:43:48.321054,84,1,29.8,26.66
2026-01-11 13:43:48.321054,105,1,33.1,29.67
2026-01-11 14:43:48.321054,207,1,27.1,34.14
2026-01-11 15:43:48.321054,150,1,29.7,31.81
2026-01-11 16:43:48.321054,159,1,28.6,30.97
2026-01-11 17:43:48.321054,153,1,27.4,30.7
2026-01-11 18:43:48.321054,159,1,26.5,30.88
2026-01-11 19:43:48.321054,148,1,25.4,28.38
2026-01-11 20:43:48.321054,92,1,25.3,23.31
2026-01-11 21:43:48.321054,102,1,22.2,23.44
2026-01-11 22:43:48.321054,98,1,22.5,22.36
2026-01-11 23:43:48.321054,73,1,22.6,20.5
2026-01-12 00:43:48.321054,5,0,22.5,11.69
2026-01-12 01:43:48.321054,4,0,20.3,11.9
2026-01-12 02:43:48.321054,5,0,21.8,11.38
2026-01-12 03:43:48.321054,5,0,21.8,11.65
2026-01-12 04:43:48.321054,3,0,20.6,11.39
2026-01-12 05:43:48.321054,5,0,26.6,11.98
2026-01-12 06:43:48.321054,5,0,25.5,12.22
2026-01-12 07:43:48.321054,32,0,27.4,19.66
2026-01-12 08:43:48.321054,40,0,26.9,19.78
2026-01-12 09:43:48.321054,82,0,29.0,23.01
2026-01-12 10:43:48.321054,62,0,29.8,22.83
2026-01-12 11:43:48.321054,64,0,32.8,24.05
2026-01-12 12:43:48.321054,62,0,30.6,23.86
2026-01-12 13:43:48.321054,53,0,29.1,21.49
2026-01-12 14:43:48.321054,87,0,29.4,23.84
2026-01-12 15:43:48.321054,81,0,29.7,23.49
2026-01-12 16:43:48.321054,73,0,27.3,21.83
2026-01-12 17:43:48.321054,91,0,26.3,22.81
2026-01-12 18:43:48.321054,42,0,26.7,19.3
2026-01-12 19:43:48.321054,39,0,27.1,20.08
2026-01-12 20:43:48.321054,57,0,24.7,20.26
2026-01-12 21:43:48.321054,14,0,22.6,15.53
2026-01-12 22:43:48.321054,14,0,22.2,15.23
2026-01-12 23:43:48.321054,16,0,22.2,12.39
2026-01-13 00:43:48.321054,4,0,21.4,12.47
2026-01-13 01:43:48.321054,5,0,21.9,11.6
2026-01-13 02:43:48.321054,4,0,19.9,11.28
2026-01-13 03:43:48.321054,5,0,22.3,11.66
2026-01-13 04:43:48.321054,4,0,23.6,12.14
2026-01-13 05:43:48.321054,4,0,23.1,12.06
2026-01-13 06:43:48.321054,5,0,27.0,13.71
2026-01-13 07:43:48.321054,37,0,26.3,18.95
2026-01-13 08:43:48.321054,41,0,28.7,21.08
2026-01-13 09:43:48.321054,72,0,27.8,22.61
2026-01-13 10:43:48.321054,81,0,28.6,23.62
2026-01-13 11:43:48.321054,81,0,29.2,23.94
2026-01-13 12:43:48.321054,43,0,31.8,21.79
2026-01-13 13:43:48.321054,54,0,30.7,21.63
2026-01-13 14:43:48.321054,76,0,31.1,23.85
2026-01-13 15:43:48.321054,85,0,27.5,23.57
2026-01-13 16:43:48.321054,70,0,26.3,22.19
2026-01-13 17:43:48.321054,92,0,27.5,23.39
2026-01-13 18:43:48.321054,44,0,26.4,20.44
2026-01-13 19:43:48.321054,39,0,22.0,17.52
2026-01-13 20:43:48.321054,63,0,24.4,21.2
2026-01-13 21:43:48.321054,13,0,21.0,15.63
2026-01-13 22:43:48.321054,15,0,22.4,16.07
2026-01-13 23:43:48.321054,17,0,18.6,12.91
2026-01-14 00:43:48.321054,4,0,20.4,11.67
2026-01-14 01:43:48.321054,4,0,19.7,13.04
2026-01-14 02:43:48.321054,4,0,21.4,11.6
2026-01-14 03:43:48.321054,3,0,22.1,11.02
2026-01-14 04:43:48.321054,5,0,22.7,10.97
2026-01-14 05:43:48.321054,4,0,25.9,12.63
2026-01-14 06:43:48.321054,5,0,26.5,13.57
2026-01-14 07:43:48.321054,37,0,26.9,19.7
2026-01-14 08:43:48.321054,36,0,29.1,20.71
2026-01-14 09:43:48.321054,64,0,29.4,22.36
2026-01-14 10:43:48.321054,69,0,26.2,21.39
2026-01-14 11:43:48.321054,72,0,27.8,22.22
2026-01-14 12:43:48.321054,49,0,29.5,21.21
2026-01-14 13:43:48.321054,61,0,29.1,21.18
2026-01-14 14:43:48.321054,68,0,29.2,22.85
2026-01-14 15:43:48.321054,80,0,27.7,22.76
2026-01-14 16:43:48.321054,76,0,28.1,23.33
2026-01-14 17:43:48.321054,68,0,25.1,21.54
2026-01-14 18:43:48.321054,54,0,21.3,18.9
2026-01-14 19:43:48.321054,44,0,24.3,18.84
2026-01-14 20:43:48.321054,50,0,24.7,19.4
2026-01-14 21:43:48.321054,15,0,20.4,16.59
2026-01-14 22:43:48.321054,15,0,19.8,16.86
2026-01-14 23:43:48.321054,17,0,21.3,12.61
2026-01-15 00:43:48.321054,3,0,19.7,12.6
2026-01-15 01:43:48.321054,5,0,18.9,11.66
2026-01-15 02:43:48.321054,4,0,18.5,12.74
2026-01-15 03:43:48.321054,6,0,18.2,12.72
2026-01-15 04:43:48.321054,4,0,21.1,12.29
2026-01-15 05:43:48.321054,5,0,22.7,10.93
2026-01-15 06:43:48.321054,4,0,26.1,13.64
2026-01-15 07:43:48.321054,29,0,28.2,19.99
2026-01-15 08:43:48.321054,31,0,26.7,19.3
2026-01-15 09:43:48.321054,61,0,29.1,21.77
2026-01-15 10:43:48.321054,81,0,26.2,22.55
2026-01-15 11:43:48.321054,55,0,29.1,21.53
2026-01-15 12:43:48.321054,39,0,28.8,20.39
2026-01-15 13:43:48.321054,53,0,29.2,20.45
2026-01-15 14:43:48.321054,82,0,29.8,24.74
2026-01-15 15:43:48.321054,81,0,26.4,22.99
2026-01-15 16:43:48.321054,70,0,25.4,21.38
2026-01-15 17:43:48.321054,75,0,23.5,21.11
2026-01-15 18:43:48.321054,43,0,27.3,20.89
2026-01-15 19:43:48.321054,55,0,24.6,18.82
2026-01-15 20:43:48.321054,42,0,23.8,18.81
2026-01-15 21:43:48.321054,14,0,20.8,15.84
2026-01-15 22:43:48.321054,14,0,19.4,16.9
2026-01-15 23:43:48.321054,18,0,17.1,15.12
2026-01-16 00:43:48.321054,4,0,18.8,12.3
2026-01-16 01:43:48.321054,4,0,19.7,12.66
2026-01-16 02:43:48.321054,5,0,18.6,12.91
2026-01-16 03:43:48.321054,5,0,17.1,14.66
2026-01-16 04:43:48.321054,5,0,22.4,12.01
2026-01-16 05:43:48.321054,4,0,22.1,10.66
2026-01-16 06:43:48.321054,5,0,24.2,12.0
2026-01-16 07:43:48.321054,32,0,22.2,18.18
2026-01-16 08:43:48.321054,34,0,25.9,19.65
2026-01-16 09:43:48.321054,77,0,29.2,23.98
2026-01-16 10:43:48.321054,71,0,25.2,21.39
2026-01-16 11:43:48.321054,73,0,29.0,22.19
2026-01-16 12:43:48.321054,51,0,29.4,21.35
2026-01-16 13:43:48.321054,56,0,27.6,21.79
2026-01-16 14:43:48.321054,89,0,27.2,24.49
2026-01-16 15:43:48.321054,83,0,28.0,23.3
2026-01-16 16:43:48.321054,70,0,27.6,21.9
2026-01-16 17:43:48.321054,81,0,23.0,21.27
2026-01-16 18:43:48.321054,53,0,23.2,20.79
2026-01-16 19:43:48.321054,52,0,20.9,18.2
2026-01-16 20:43:48.321054,49,0,20.3,18.86
2026-01-16 21:43:48.321054,17,0,18.1,18.06
2026-01-16 22:43:48.321054,16,0,18.5,18.41
2026-01-16 23:43:48.321054,16,0,19.0,13.22
2026-01-17 00:43:48.321054,8,0,19.6,11.64
2026-01-17 01:43:48.321054,7,0,19.2,12.25
2026-01-17 02:43:48.321054,7,0,21.0,11.71
2026-01-17 03:43:48.321054,8,0,17.4,13.29
2026-01-17 04:43:48.321054,8,0,20.2,12.68
2026-01-17 05:43:48.321054,6,0,21.3,11.49
2026-01-17 06:43:48.321054,8,0,23.4,12.21
2026-01-17 07:43:48.321054,6,0,24.3,16.53
2026-01-17 08:43:48.321054,7,0,27.1,17.87
2026-01-17 09:43:48.321054,7,0,25.9,16.63
2026-01-17 10:43:48.321054,24,0,28.3,18.5
2026-01-17 11:43:48.321054,27,0,27.7,19.79
2026-01-17 12:43:48.321054,29,0,29.0,19.21
2026-01-17 13:43:48.321054,31,0,28.8,20.7
2026-01-17 14:43:48.321054,29,0,30.1,19.83
2026-01-17 15:43:48.321054,32,0,28.7,19.64
2026-01-17 16:43:48.321054,30,0,25.3,18.98
2026-01-17 17:43:48.321054,34,0,24.0,18.98
2026-01-17 18:43:48.321054,31,0,21.2,18.14
2026-01-17 19:43:48.321054,6,0,22.3,14.58
2026-01-17 20:43:48.321054,7,0,19.0,16.09
2026-01-17 21:43:48.321054,8,0,20.6,15.97
2026-01-17 22:43:48.321054,7,0,18.9,15.83
2026-01-17 23:43:48.321054,8,0,20.5,12.05
2026-01-18 00:43:48.321054,6,0,16.3,14.4
2026-01-18 01:43:48.321054,7,0,18.4,12.68
2026-01-18 02:43:48.321054,7,0,17.7,14.4
2026-01-18 03:43:48.321054,5,0,19.2,11.48
2026-01-18 04:43:48.321054,7,0,23.4,11.82
2026-01-18 05:43:48.321054,6,0,21.3,13.04
2026-01-18 06:43:48.321054,7,0,20.7,12.14
2026-01-18 07:43:48.321054,9,0,25.4,16.5
2026-01-18 08:43:48.321054,7,0,26.1,16.68
2026-01-18 09:43:48.321054,6,0,24.7,15.31
2026-01-18 10:43:48.321054,29,0,27.2,18.54
2026-01-18 11:43:48.321054,32,0,26.5,18.57
2026-01-18 12:43:48.321054,34,0,27.4,19.3
2026-01-18 13:43:48.321054,28,0,28.8,19.42
2026-01-18 14:43:48.321054,26,0,28.0,19.54
2026-01-18 15:43:48.321054,37,0,26.8,19.38
2026-01-18 16:43:48.321054,29,0,26.3,18.53
2026-01-18 17:43:48.321054,25,0,24.4,18.17
2026-01-18 18:43:48.321054,26,0,24.7,17.85
2026-01-18 19:43:48.321054,7,0,18.8,16.35
2026-01-18 20:43:48.321054,8,0,18.2,16.47
2026-01-18 21:43:48.321054,7,0,19.7,15.99
2026-01-18 22:43:48.321054,8,0,18.3,16.03
2026-01-18 23:43:48.321054,9,0,18.5,13.61
2026-01-19 00:43:48.321054,5,0,16.6,13.57
2026-01-19 01:43:48.321054,5,0,18.2,13.02
2026-01-19 02:43:48.321054,5,0,16.8,13.82
2026-01-19 03:43:48.321054,5,0,19.1,13.73
2026-01-19 04:43:48.321054,5,0,19.0,13.05
2026-01-19 05:43:48.321054,4,0,21.6,11.41
2026-01-19 06:43:48.321054,5,0,17.9,13.22
2026-01-19 07:43:48.321054,34,0,21.9,17.57
2026-01-19 08:43:48.321054,38,0,25.9,18.11
2026-01-19 09:43:48.321054,78,0,26.1,22.51
2026-01-19 10:43:48.321054,71,0,25.0,20.77
2026-01-19 11:43:48.321054,79,0,25.1,21.82
2026-01-19 12:43:48.321054,57,0,26.8,20.52
2026-01-19 13:43:48.321054,54,0,24.4,19.7
2026-01-19 14:43:48.321054,76,0,27.1,22.14
2026-01-19 15:43:48.321054,75,0,24.1,22.1
2026-01-19 16:43:48.321054,63,0,24.7,19.96
2026-01-19 17:43:48.321054,78,0,23.2,21.94
2026-01-19 18:43:48.321054,58,0,23.4,19.65
2026-01-19 19:43:48.321054,61,0,20.4,19.14
2026-01-19 20:43:48.321054,52,0,19.3,19.67
2026-01-19 21:43:48.321054,15,0,16.9,18.02
2026-01-19 22:43:48.321054,18,0,17.0,18.44
2026-01-19 23:43:48.321054,14,0,18.6,13.62
2026-01-20 00:43:48.321054,5,0,17.1,12.91
2026-01-20 01:43:48.321054,4,0,17.6,13.35
2026-01-20 02:43:48.321054,6,0,17.2,11.91
2026-01-20 03:43:48.321054,5,0,17.4,12.76
2026-01-20 04:43:48.321054,4,0,17.8,13.16
2026-01-20 05:43:48.321054,5,0,20.4,12.74
2026-01-20 06:43:48.321054,4,0,21.7,11.37
2026-01-20 07:43:48.321054,39,0,24.7,18.75
2026-01-20 08:43:48.321054,38,0,25.5,18.88
2026-01-20 09:43:48.321054,67,0,23.9,20.44
2026-01-20 10:43:48.321054,65,0,25.4,21.23
2026-01-20 11:43:48.321054,72,0,25.9,21.6
2026-01-20 12:43:48.321054,54,0,27.8,21.12
2026-01-20 13:43:48.321054,53,0,24.8,19.58
2026-01-20 14:43:48.321054,73,0,29.3,23.77
2026-01-20 15:43:48.321054,67,0,25.2,21.65
2026-01-20 16:43:48.321054,77,0,22.2,21.68
2026-01-20 17:43:48.321054,83,0,23.5,22.0
2026-01-20 18:43:48.321054,46,0,21.9,18.0
2026-01-20 19:43:48.321054,48,0,17.4,20.79
2026-01-20 20:43:48.321054,54,0,18.5,20.37
2026-01-20 21:43:48.321054,10,0,19.1,16.9
2026-01-20 22:43:48.321054,17,0,16.9,17.99
2026-01-20 23:43:48.321054,13,0,19.4,13.68
2026-01-21 00:43:48.321054,4,0,17.6,14.1
2026-01-21 01:43:48.321054,5,0,19.3,11.55
2026-01-21 02:43:48.321054,5,0,15.3,14.6
2026-01-21 03:43:48.321054,5,0,17.6,14.35
2026-01-21 04:43:48.321054,5,0,18.5,12.39
2026-01-21 05:43:48.321054,6,0,20.4,11.78
2026-01-21 06:43:48.321054,5,0,23.9,13.45
2026-01-21 07:43:48.321054,34,0,23.7,18.04
2026-01-21 08:43:48.321054,32,0,23.8,18.43
2026-01-21 09:43:48.321054,69,0,24.7,20.91
2026-01-21 10:43:48.321054,67,0,24.6,21.01
2026-01-21 11:43:48.321054,70,0,23.0,20.85
2026-01-21 12:43:48.321054,59,0,25.9,21.2
2026-01-21 13:43:48.321054,49,0,27.4,21.27
2026-01-21 14:43:48.321054,77,0,25.5,22.2
2026-01-21 15:43:48.321054,77,0,25.3,21.95
2026-01-21 16:43:48.321054,93,0,23.5,23.17
2026-01-21 17:43:48.321054,85,0,20.2,22.22
2026-01-21 18:43:48.321054,54,0,19.4,19.97
2026-01-21 19:43:48.321054,52,0,19.7,19.29
2026-01-21 20:43:48.321054,47,0,16.9,20.27
2026-01-21 21:43:48.321054,14,0,18.4,16.33
2026-01-21 22:43:48.321054,16,0,14.7,19.24
2026-01-21 23:43:48.321054,10,0,16.9,14.18
2026-01-22 00:43:48.321054,5,0,15.1,14.57
2026-01-22 01:43:48.321054,4,0,15.0,14.09
2026-01-22 02:43:48.321054,4,0,14.9,14.3
2026-01-22 03:43:48.321054,4,0,15.5,13.29
2026-01-22 04:43:48.321054,4,0,20.0,11.12
2026-01-22 05:43:48.321054,5,0,20.1,11.65
2026-01-22 06:43:48.321054,5,0,19.6,12.35
2026-01-22 07:43:48.321054,31,0,19.5,18.81
2026-01-22 08:43:48.321054,31,0,21.6,17.07
2026-01-22 09:43:48.321054,70,0,27.5,22.66
2026-01-22 10:43:48.321054,85,0,26.0,23.14
2026-01-22 11:43:48.321054,63,0,24.9,20.01
2026-01-22 12:43:48.321054,52,0,26.2,20.44
2026-01-22 13:43:48.321054,43,0,25.3,19.51
2026-01-22 14:43:48.321054,94,0,24.4,22.78
2026-01-22 15:43:48.321054,59,0,24.6,20.06
2026-01-22 16:43:48.321054,88,0,22.9,21.94
2026-01-22 17:43:48.321054,78,0,21.4,21.04
2026-01-22 18:43:48.321054,60,0,22.9,19.33
2026-01-22 19:43:48.321054,46,0,18.3,19.42
2026-01-22 20:43:48.321054,39,0,16.2,20.52
2026-01-22 21:43:48.321054,12,0,16.4,18.15
2026-01-22 22:43:48.321054,15,0,18.0,17.12
2026-01-22 23:43:48.321054,16,0,17.6,13.21
2026-01-23 00:43:48.321054,5,0,16.1,13.82
2026-01-23 01:43:48.321054,5,0,14.4,14.37
2026-01-23 02:43:48.321054,5,0,17.4,13.11
2026-01-23 03:43:48.321054,6,0,17.4,12.79
2026-01-23 04:43:48.321054,4,0,15.6,13.87
2026-01-23 05:43:48.321054,4,0,18.0,13.24
2026-01-23 06:43:48.321054,5,0,18.8,12.37
2026-01-23 07:43:48.321054,32,0,20.1,17.46
2026-01-23 08:43:48.321054,40,0,22.7,18.03
2026-01-23 09:43:48.321054,70,0,20.6,21.27
2026-01-23 10:43:48.321054,68,0,23.4,20.73
2026-01-23 11:43:48.321054,71,0,22.6,20.52
2026-01-23 12:43:48.321054,60,0,22.7,19.19
2026-01-23 13:43:48.321054,53,0,23.7,19.65
2026-01-23 14:43:48.321054,81,0,23.1,21.57
2026-01-23 15:43:48.321054,74,0,22.3,19.63
2026-01-23 16:43:48.321054,82,0,21.6,22.08
2026-01-23 17:43:48.321054,96,0,20.3,22.36
2026-01-23 18:43:48.321054,47,0,19.6,18.98
2026-01-23 19:43:48.321054,49,0,17.6,19.57
2026-01-23 20:43:48.321054,47,0,15.3,21.72
2026-01-23 21:43:48.321054,15,0,14.9,18.17
2026-01-23 22:43:48.321054,15,0,18.1,16.82
2026-01-23 23:43:48.321054,15,0,15.9,14.5
2026-01-24 00:43:48.321054,9,0,13.3,15.24
2026-01-24 01:43:48.321054,6,0,16.0,13.89
2026-01-24 02:43:48.321054,7,0,13.8,14.41
2026-01-24 03:43:48.321054,8,0,15.5,14.64
2026-01-24 04:43:48.321054,8,0,18.7,13.13
2026-01-24 05:43:48.321054,8,0,19.4,13.08
2026-01-24 06:43:48.321054,9,0,19.4,11.95
2026-01-24 07:43:48.321054,8,0,22.2,15.29
2026-01-24 08:43:48.321054,7,0,20.0,15.64
2026-01-24 09:43:48.321054,7,0,20.2,15.53
2026-01-24 10:43:48.321054,35,0,23.3,17.38
2026-01-24 11:43:48.321054,26,0,25.1,18.55
2026-01-24 12:43:48.321054,23,0,25.1,17.75
2026-01-24 13:43:48.321054,25,0,23.8,17.92
2026-01-24 14:43:48.321054,31,0,28.2,20.12
2026-01-24 15:43:48.321054,26,0,22.7,15.65
2026-01-24 16:43:48.321054,31,0,22.1,17.0
2026-01-24 17:43:48.321054,35,0,20.3,17.73
2026-01-24 18:43:48.321054,29,0,20.2,17.82
2026-01-24 19:43:48.321054,7,0,16.8,17.78
2026-01-24 20:43:48.321054,7,0,15.9,17.33
2026-01-24 21:43:48.321054,8,0,12.6,19.21
2026-01-24 22:43:48.321054,7,0,15.2,18.23
2026-01-24 23:43:48.321054,9,0,12.6,15.26
2026-01-25 00:43:48.321054,9,0,15.7,14.55
2026-01-25 01:43:48.321054,7,0,15.3,14.25
2026-01-25 02:43:48.321054,7,0,14.6,15.15
2026-01-25 03:43:48.321054,9,0,15.7,13.25
2026-01-25 04:43:48.321054,7,0,16.2,13.97
2026-01-25 05:43:48.321054,8,0,18.3,13.15
2026-01-25 06:43:48.321054,6,0,18.0,13.07
2026-01-25 07:43:48.321054,7,0,17.6,17.03
2026-01-25 08:43:48.321054,8,0,19.7,15.11
2026-01-25 09:43:48.321054,9,0,22.7,15.75
2026-01-25 10:43:48.321054,22,0,24.1,16.82
2026-01-25 11:43:48.321054,29,0,22.4,16.87
2026-01-25 12:43:48.321054,26,0,24.9,17.81
2026-01-25 13:43:48.321054,25,0,21.5,17.32
2026-01-25 14:43:48.321054,28,0,21.5,17.43
2026-01-25 15:43:48.321054,24,0,23.7,15.88
2026-01-25 16:43:48.321054,29,0,20.8,18.22
2026-01-25 17:43:48.321054,26,0,19.2,17.66
2026-01-25 18:43:48.321054,32,0,18.6,17.89
2026-01-25 19:43:48.321054,8,0,17.3,16.85
2026-01-25 20:43:48.321054,6,0,17.0,16.75
2026-01-25 21:43:48.321054,7,0,14.8,17.88
2026-01-25 22:43:48.321054,8,0,15.4,17.93
2026-01-25 23:43:48.321054,7,0,12.9,15.2
2026-01-26 00:43:48.321054,5,0,12.8,14.51
2026-01-26 01:43:48.321054,4,0,13.1,14.77
2026-01-26 02:43:48.321054,4,0,14.8,14.08
2026-01-26 03:43:48.321054,5,0,15.3,13.52
2026-01-26 04:43:48.321054,5,0,15.0,14.33
2026-01-26 05:43:48.321054,4,0,17.6,12.61
2026-01-26 06:43:48.321054,6,0,20.6,12.13
2026-01-26 07:43:48.321054,40,0,17.0,19.61
2026-01-26 08:43:48.321054,42,0,19.4,19.12
2026-01-26 09:43:48.321054,67,0,21.4,20.48
2026-01-26 10:43:48.321054,54,0,23.4,18.7
2026-01-26 11:43:48.321054,75,0,23.4,20.54
2026-01-26 12:43:48.321054,51,0,23.6,19.06
2026-01-26 13:43:48.321054,61,0,22.6,19.73
2026-01-26 14:43:48.321054,91,0,21.8,21.79
2026-01-26 15:43:48.321054,76,0,23.2,21.14
2026-01-26 16:43:48.321054,83,0,20.5,22.01
2026-01-26 17:43:48.321054,75,0,20.1,20.62
2026-01-26 18:43:48.321054,54,0,18.7,20.21
2026-01-26 19:43:48.321054,58,0,15.5,21.77
2026-01-26 20:43:48.321054,50,0,16.4,20.6
2026-01-26 21:43:48.321054,16,0,12.8,19.83
2026-01-26 22:43:48.321054,15,0,13.4,18.87
2026-01-26 23:43:48.321054,19,0,15.5,14.64
2026-01-27 00:43:48.321054,6,0,11.0,15.3
2026-01-27 01:43:48.321054,5,0,12.1,15.19
2026-01-27 02:43:48.321054,5,0,13.9,14.68
2026-01-27 03:43:48.321054,5,0,13.0,14.99
2026-01-27 04:43:48.321054,5,0,15.6,14.29
2026-01-27 05:43:48.321054,5,0,16.9,12.89
2026-01-27 06:43:48.321054,4,0,18.5,12.75
2026-01-27 07:43:48.321054,34,0,18.6,17.79
2026-01-27 08:43:48.321054,35,0,21.6,17.27
2026-01-27 09:43:48.321054,81,0,20.5,22.0
2026-01-27 10:43:48.321054,73,0,22.7,21.24
2026-01-27 11:43:48.321054,76,0,21.4,20.95
2026-01-27 12:43:48.321054,60,0,19.1,20.78
2026-01-27 13:43:48.321054,56,0,22.2,18.51
2026-01-27 14:43:48.321054,79,0,22.3,20.65
2026-01-27 15:43:48.321054,85,0,20.6,22.41
2026-01-27 16:43:48.321054,94,0,23.2,21.13
2026-01-27 17:43:48.321054,87,0,18.5,22.74
2026-01-27 18:43:48.321054,42,0,16.9,19.04
2026-01-27 19:43:48.321054,40,0,14.6,20.9
2026-01-27 20:43:48.321054,45,0,18.1,19.44
2026-01-27 21:43:48.321054,11,0,12.8,18.5
2026-01-27 22:43:48.321054,13,0,13.7,18.65
2026-01-27 23:43:48.321054,11,0,14.3,14.75
2026-01-28 00:43:48.321054,6,0,15.0,14.65
2026-01-28 01:43:48.321054,5,0,13.4,15.1
2026-01-28 02:43:48.321054,6,0,14.0,14.31
2026-01-28 03:43:48.321054,4,0,11.6,15.85
2026-01-28 04:43:48.321054,4,0,16.1,12.8
2026-01-28 05:43:48.321054,5,0,15.8,14.74
2026-01-28 06:43:48.321054,4,0,17.5,13.22
2026-01-28 07:43:48.321054,33,0,17.8,19.46
2026-01-28 08:43:48.321054,38,0,20.0,18.06
2026-01-28 09:43:48.321054,78,0,22.3,20.5
2026-01-28 10:43:48.321054,77,0,22.8,22.46
2026-01-28 11:43:48.321054,77,0,19.8,21.08
2026-01-28 12:43:48.321054,57,0,20.9,18.46
2026-01-28 13:43:48.321054,42,0,23.0,18.59
2026-01-28 14:43:48.321054,82,0,23.2,22.33
2026-01-28 15:43:48.321054,67,0,22.4,19.84
2026-01-28 16:43:48.321054,88,0,20.8,22.04
2026-01-28 17:43:48.321054,66,0,19.7,20.24
2026-01-28 18:43:48.321054,48,0,19.4,19.57
2026-01-28 19:43:48.321054,57,0,13.3,23.17
2026-01-28 20:43:48.321054,50,0,15.4,21.31
2026-01-28 21:43:48.321054,14,0,12.4,19.72
2026-01-28 22:43:48.321054,14,0,12.9,19.97
2026-01-28 23:43:48.321054,14,0,14.4,14.49
2026-01-29 00:43:48.321054,5,0,11.4,15.63
2026-01-29 01:43:48.321054,5,0,13.3,15.8
2026-01-29 02:43:48.321054,4,0,12.3,15.45
2026-01-29 03:43:48.321054,5,0,14.9,13.45
2026-01-29 04:43:48.321054,4,0,13.6,14.67
2026-01-29 05:43:48.321054,5,0,19.7,12.6
2026-01-29 06:43:48.321054,4,0,15.1,14.52
2026-01-29 07:43:48.321054,36,0,17.9,19.01
2026-01-29 08:43:48.321054,39,0,20.6,18.29
2026-01-29 09:43:48.321054,71,0,20.7,19.92
2026-01-29 10:43:48.321054,63,0,23.4,19.65
2026-01-29 11:43:48.321054,77,0,20.7,20.24
2026-01-29 12:43:48.321054,47,0,21.3,18.61
2026-01-29 13:43:48.321054,50,0,22.8,19.68
2026-01-29 14:43:48.321054,101,0,20.6,22.01
2026-01-29 15:43:48.321054,85,0,18.7,22.78
2026-01-29 16:43:48.321054,54,0,18.5,19.8
2026-01-29 17:43:48.321054,83,0,19.9,21.07
2026-01-29 18:43:48.321054,52,0,15.5,21.06
2026-01-29 19:43:48.321054,58,0,15.4,21.69
2026-01-29 20:43:48.321054,45,0,14.5,21.58
2026-01-29 21:43:48.321054,16,0,11.2,19.28
2026-01-29 22:43:48.321054,16,0,9.9,20.85
2026-01-29 23:43:48.321054,14,0,10.9,16.66
2026-01-30 00:43:48.321054,4,0,11.7,16.5
2026-01-30 01:43:48.321054,4,0,11.4,16.15
2026-01-30 02:43:48.321054,5,0,12.0,15.17
2026-01-30 03:43:48.321054,3,0,9.6,15.78
2026-01-30 04:43:48.321054,5,0,14.0,15.07
2026-01-30 05:43:48.321054,4,0,16.6,12.62
2026-01-30 06:43:48.321054,4,0,16.9,12.81
2026-01-30 07:43:48.321054,37,0,19.0,19.38
2026-01-30 08:43:48.321054,39,0,20.8,17.57
2026-01-30 09:43:48.321054,58,0,19.0,20.23
2026-01-30 10:43:48.321054,73,0,25.4,22.22
2026-01-30 11:43:48.321054,66,0,22.7,20.2
2026-01-30 12:43:48.321054,51,0,21.2,19.44
2026-01-30 13:43:48.321054,60,0,20.6,19.76
2026-01-30 14:43:48.321054,89,0,22.9,22.19
2026-01-30 15:43:48.321054,84,0,21.1,22.51
2026-01-30 16:43:48.321054,66,0,20.9,21.18
2026-01-30 17:43:48.321054,84,0,18.1,22.92
2026-01-30 18:43:48.321054,57,0,17.7,21.0
2026-01-30 19:43:48.321054,55,0,15.9,20.28
2026-01-30 20:43:48.321054,46,0,13.9,20.57
2026-01-30 21:43:48.321054,13,0,13.8,19.6
2026-01-30 22:43:48.321054,16,0,10.5,20.59
2026-01-30 23:43:48.321054,16,0,11.5,15.69
2026-01-31 00:43:48.321054,7,0,14.0,14.81
2026-01-31 01:43:48.321054,6,0,12.9,14.42
2026-01-31 02:43:48.321054,7,0,12.2,16.2
2026-01-31 03:43:48.321054,8,0,11.3,15.99
2026-01-31 04:43:48.321054,6,0,15.0,13.78
2026-01-31 05:43:48.321054,8,0,15.7,14.62
2026-01-31 06:43:48.321054,8,0,14.5,15.04
2026-01-31 07:43:48.321054,8,0,19.9,16.34
2026-01-31 08:43:48.321054,7,0,18.7,16.43
2026-01-31 09:43:48.321054,7,0,20.6,16.1
2026-01-31 10:43:48.321054,33,0,19.8,17.66
2026-01-31 11:43:48.321054,28,0,23.5,16.71
2026-01-31 12:43:48.321054,25,0,23.7,17.32
2026-01-31 13:43:48.321054,30,0,19.7,18.32
2026-01-31 14:43:48.321054,29,0,20.2,17.89
2026-01-31 15:43:48.321054,31,0,20.2,17.37
2026-01-31 16:43:48.321054,29,0,16.9,19.24
2026-01-31 17:43:48.321054,33,0,16.4,20.02
2026-01-31 18:43:48.321054,28,0,15.3,18.99
2026-01-31 19:43:48.321054,8,0,16.2,17.96
2026-01-31 20:43:48.321054,8,0,16.1,17.53
2026-01-31 21:43:48.321054,6,0,12.8,18.78
2026-01-31 22:43:48.321054,7,0,9.4,20.31
2026-01-31 23:43:48.321054,8,0,11.2,16.05
2026-02-01 00:43:48.321054,8,0,10.1,16.54
2026-02-01 01:43:48.321054,8,0,8.9,16.78
2026-02-01 02:43:48.321054,7,0,9.2,16.76
2026-02-01 03:43:48.321054,6,0,12.2,15.22
2026-02-01 04:43:48.321054,7,0,14.6,14.57
2026-02-01 05:43:48.321054,9,0,16.4,14.02
2026-02-01 06:43:48.321054,8,0,17.2,13.54
2026-02-01 07:43:48.321054,8,0,16.8,16.75
2026-02-01 08:43:48.321054,7,0,18.5,17.42
2026-02-01 09:43:48.321054,8,0,18.5,15.94
2026-02-01 10:43:48.321054,27,0,18.5,18.06
2026-02-01 11:43:48.321054,34,0,21.9,17.38
2026-02-01 12:43:48.321054,29,0,22.6,18.06
2026-02-01 13:43:48.321054,26,0,20.6,16.39
2026-02-01 14:43:48.321054,30,0,21.7,16.41
2026-02-01 15:43:48.321054,29,0,20.2,18.03
2026-02-01 16:43:48.321054,29,0,19.3,17.98
2026-02-01 17:43:48.321054,29,0,16.8,19.13
2026-02-01 18:43:48.321054,20,0,16.3,19.15
2026-02-01 19:43:48.321054,7,0,14.4,18.73
2026-02-01 20:43:48.321054,7,0,12.9,18.78
2026-02-01 21:43:48.321054,6,0,11.8,19.26
2026-02-01 22:43:48.321054,8,0,11.1,19.54
2026-02-01 23:43:48.321054,7,0,10.4,16.64
2026-02-02 00:43:48.321054,5,0,9.8,16.73
2026-02-02 01:43:48.321054,4,0,10.4,15.98
2026-02-02 02:43:48.321054,5,0,7.5,16.99
2026-02-02 03:43:48.321054,4,0,12.5,14.82
2026-02-02 04:43:48.321054,4,0,14.3,14.72
2026-02-02 05:43:48.321054,5,0,13.6,15.13
2026-02-02 06:43:48.321054,5,0,14.8,14.5
2026-02-02 07:43:48.321054,41,0,14.8,20.9
2026-02-02 08:43:48.321054,34,0,16.7,20.05
2026-02-02 09:43:48.321054,66,0,18.0,20.74
2026-02-02 10:43:48.321054,70,0,20.0,21.09
2026-02-02 11:43:48.321054,85,0,21.6,20.76
2026-02-02 12:43:48.321054,55,0,20.6,19.03
2026-02-02 13:43:48.321054,58,0,18.9,20.6
2026-02-02 14:43:48.321054,92,0,19.2,22.99
2026-02-02 15:43:48.321054,65,0,19.0,20.7
2026-02-02 16:43:48.321054,76,0,21.0,21.64
2026-02-02 17:43:48.321054,73,0,16.6,23.16
2026-02-02 18:43:48.321054,49,0,15.5,20.76
2026-02-02 19:43:48.321054,45,0,13.0,21.48
2026-02-02 20:43:48.321054,51,0,12.4,23.52
2026-02-02 21:43:48.321054,15,0,11.9,19.36
2026-02-02 22:43:48.321054,16,0,8.4,21.26
2026-02-02 23:43:48.321054,14,0,12.0,15.79
2026-02-03 00:43:48.321054,4,0,13.5,14.69
2026-02-03 01:43:48.321054,4,0,12.1,15.18
2026-02-03 02:43:48.321054,5,0,11.3,15.5
2026-02-03 03:43:48.321054,3,0,11.2,15.65
2026-02-03 04:43:48.321054,5,0,13.3,14.98
2026-02-03 05:43:48.321054,5,0,12.1,16.11
2026-02-03 06:43:48.321054,5,0,14.4,14.09
2026-02-03 07:43:48.321054,31,0,16.4,18.96
2026-02-03 08:43:48.321054,34,0,19.4,18.17
2026-02-03 09:43:48.321054,78,0,20.3,21.48
2026-02-03 10:43:48.321054,72,0,21.9,19.7
2026-02-03 11:43:48.321054,62,0,18.7,21.5
2026-02-03 12:43:48.321054,46,0,20.6,18.51
2026-02-03 13:43:48.321054,52,0,20.1,19.5
2026-02-03 14:43:48.321054,82,0,19.6,22.07
2026-02-03 15:43:48.321054,77,0,17.0,22.6
2026-02-03 16:43:48.321054,85,0,18.0,22.83
2026-02-03 17:43:48.321054,90,0,16.1,23.4
2026-02-03 18:43:48.321054,52,0,18.2,19.92
2026-02-03 19:43:48.321054,53,0,14.4,21.78
2026-02-03 20:43:48.321054,59,0,14.4,22.13
2026-02-03 21:43:48.321054,10,0,9.9,20.51
2026-02-03 22:43:48.321054,15,0,12.3,19.8
2026-02-03 23:43:48.321054,13,0,7.6,17.65
2026-02-04 00:43:48.321054,4,0,8.7,16.03
2026-02-04 01:43:48.321054,4,0,11.6,15.85
2026-02-04 02:43:48.321054,5,0,11.5,14.5
2026-02-04 03:43:48.321054,4,0,13.3,14.24
2026-02-04 04:43:48.321054,4,0,10.6,15.27
2026-02-04 05:43:48.321054,3,0,12.4,15.52
2026-02-04 06:43:48.321054,4,0,14.1,13.82
2026-02-04 07:43:48.321054,31,0,16.6,19.1
2026-02-04 08:43:48.321054,36,0,18.0,18.91
2026-02-04 09:43:48.321054,81,0,17.0,22.39
2026-02-04 10:43:48.321054,80,0,20.5,21.92
2026-02-04 11:43:48.321054,71,0,16.9,22.0
2026-02-04 12:43:48.321054,53,0,21.5,18.74
2026-02-04 13:43:48.321054,56,0,19.8,19.99
2026-02-04 14:43:48.321054,77,0,18.0,22.33
2026-02-04 15:43:48.321054,63,0,18.7,20.35
2026-02-04 16:43:48.321054,78,0,18.9,22.51
2026-02-04 17:43:48.321054,79,0,14.5,23.89
2026-02-04 18:43:48.321054,54,0,15.3,21.04
2026-02-04 19:43:48.321054,51,0,12.4,22.44
2026-02-04 20:43:48.321054,53,0,12.8,21.09
2026-02-04 21:43:48.321054,16,0,9.1,20.68
2026-02-04 22:43:48.321054,13,0,11.2,18.94
2026-02-04 23:43:48.321054,16,0,10.4,16.75
2026-02-05 00:43:48.321054,4,0,10.5,15.56
2026-02-05 01:43:48.321054,4,0,9.0,17.38
2026-02-05 02:43:48.321054,4,0,11.1,15.66
2026-02-05 03:43:48.321054,5,0,8.9,17.03
2026-02-05 04:43:48.321054,5,0,13.2,15.01
2026-02-05 05:43:48.321054,4,0,12.5,14.81
2026-02-05 06:43:48.321054,5,0,12.4,15.23
2026-02-05 07:43:48.321054,34,0,14.3,20.35
2026-02-05 08:43:48.321054,37,0,16.5,20.01
2026-02-05 09:43:48.321054,69,0,17.6,21.94
2026-02-05 10:43:48.321054,56,0,20.8,19.2
2026-02-05 11:43:48.321054,60,0,16.8,21.44
2026-02-05 12:43:48.321054,48,0,21.2,19.24
2026-02-05 13:43:48.321054,60,0,18.9,21.32
2026-02-05 14:43:48.321054,82,0,19.0,23.81
2026-02-05 15:43:48.321054,87,0,17.4,22.66
2026-02-05 16:43:48.321054,93,0,16.4,24.28
2026-02-05 17:43:48.321054,67,0,14.9,23.34
2026-02-05 18:43:48.321054,45,0,16.0,20.48
2026-02-05 19:43:48.321054,46,0,12.3,22.78
2026-02-05 20:43:48.321054,50,0,13.2,21.79
2026-02-05 21:43:48.321054,15,0,9.4,20.51
2026-02-05 22:43:48.321054,15,0,10.6,20.07
2026-02-05 23:43:48.321054,15,0,10.2,16.31
2026-02-06 00:43:48.321054,5,0,8.5,17.36
2026-02-06 01:43:48.321054,4,0,9.3,16.35
2026-02-06 02:43:48.321054,4,0,10.5,16.24
2026-02-06 03:43:48.321054,6,0,10.8,16.59
2026-02-06 04:43:48.321054,4,0,11.0,15.86
2026-02-06 05:43:48.321054,4,0,12.1,15.54
2026-02-06 06:43:48.321054,4,0,14.9,13.38
2026-02-06 07:43:48.321054,29,0,14.3,21.12
2026-02-06 08:43:48.321054,39,0,16.7,20.52
2026-02-06 09:43:48.321054,67,0,18.5,21.63
2026-02-06 10:43:48.321054,68,0,20.4,20.34
2026-02-06 11:43:48.321054,62,0,20.8,19.9
2026-02-06 12:43:48.321054,47,0,18.6,19.69
2026-02-06 13:43:48.321054,63,0,20.3,20.38
2026-02-06 14:43:48.321054,76,0,17.3,22.29
2026-02-06 15:43:48.321054,90,0,19.2,22.81
2026-02-06 16:43:48.321054,88,0,16.6,23.92
2026-02-06 17:43:48.321054,81,0,15.9,23.01
2026-02-06 18:43:48.321054,46,0,14.8,21.03
2026-02-06 19:43:48.321054,51,0,11.9,23.6
2026-02-06 20:43:48.321054,56,0,10.2,22.87
2026-02-06 21:43:48.321054,13,0,11.7,18.69
2026-02-06 22:43:48.321054,12,0,12.1,19.1
2026-02-06 23:43:48.321054,15,0,6.4,18.44
2026-02-07 00:43:48.321054,6,0,9.7,17.19
2026-02-07 01:43:48.321054,7,0,9.8,16.31
2026-02-07 02:43:48.321054,6,0,9.5,16.64
2026-02-07 03:43:48.321054,7,0,10.9,16.3
2026-02-07 04:43:48.321054,8,0,13.6,15.34
2026-02-07 05:43:48.321054,7,0,12.2,14.8
2026-02-07 06:43:48.321054,8,0,13.3,16.1
2026-02-07 07:43:48.321054,8,0,14.3,18.32
2026-02-07 08:43:48.321054,7,0,17.0,17.15
2026-02-07 09:43:48.321054,7,0,19.7,16.12
2026-02-07 10:43:48.321054,26,0,17.7,18.41
2026-02-07 11:43:48.321054,30,0,20.5,17.5
2026-02-07 12:43:48.321054,26,0,18.8,17.44
2026-02-07 13:43:48.321054,35,0,17.7,19.55
2026-02-07 14:43:48.321054,40,0,19.1,18.7
2026-02-07 15:43:48.321054,28,0,21.0,17.58
2026-02-07 16:43:48.321054,26,0,19.5,17.82
2026-02-07 17:43:48.321054,31,0,14.6,19.46
2026-02-07 18:43:48.321054,30,0,13.3,20.58
2026-02-07 19:43:48.321054,7,0,11.9,18.74
2026-02-07 20:43:48.321054,9,0,10.0,20.16
2026-02-07 21:43:48.321054,6,0,10.2,19.39
2026-02-07 22:43:48.321054,9,0,10.0,19.51
2026-02-07 23:43:48.321054,7,0,9.3,16.92
2026-02-08 00:43:48.321054,9,0,8.2,17.74
2026-02-08 01:43:48.321054,8,0,7.9,17.3
2026-02-08 02:43:48.321054,8,0,9.5,16.57
2026-02-08 03:43:48.321054,7,0,9.4,16.59
2026-02-08 04:43:48.321054,8,0,11.3,15.36
2026-02-08 05:43:48.321054,10,0,13.4,13.74
2026-02-08 06:43:48.321054,7,0,14.7,15.29
2026-02-08 07:43:48.321054,6,0,14.3,17.53
2026-02-08 08:43:48.321054,6,0,15.2,18.24
2026-02-08 09:43:48.321054,7,0,18.9,15.91
2026-02-08 10:43:48.321054,32,0,19.0,18.64
2026-02-08 11:43:48.321054,26,0,17.3,18.39
2026-02-08 12:43:48.321054,27,0,17.1,18.63
2026-02-08 13:43:48.321054,33,0,19.0,18.49
2026-02-08 14:43:48.321054,24,0,17.9,19.28
2026-02-08 15:43:48.321054,32,0,18.4,18.62
2026-02-08 16:43:48.321054,27,0,18.1,18.88
2026-02-08 17:43:48.321054,36,0,12.4,21.84
2026-02-08 18:43:48.321054,33,0,13.2,20.57
2026-02-08 19:43:48.321054,8,0,13.1,19.5
2026-02-08 20:43:48.321054,7,0,12.5,18.42
2026-02-08 21:43:48.321054,7,0,13.3,18.4
2026-02-08 22:43:48.321054,8,0,11.5,19.14
2026-02-08 23:43:48.321054,7,0,8.1,16.66
2026-02-09 00:43:48.321054,5,0,8.6,17.31
2026-02-09 01:43:48.321054,5,0,8.1,17.38
2026-02-09 02:43:48.321054,5,0,9.0,15.98
2026-02-09 03:43:48.321054,5,0,10.7,15.8
2026-02-09 04:43:48.321054,5,0,11.8,14.62
2026-02-09 05:43:48.321054,4,0,13.0,15.65
2026-02-09 06:43:48.321054,4,0,12.6,15.23
2026-02-09 07:43:48.321054,34,0,13.8,20.48
2026-02-09 08:43:48.321054,30,0,15.7,20.46
2026-02-09 09:43:48.321054,79,0,20.1,21.62
2026-02-09 10:43:48.321054,63,0,16.8,22.48
2026-02-09 11:43:48.321054,73,0,21.6,20.48
2026-02-09 12:43:48.321054,55,0,19.5,20.15
2026-02-09 13:43:48.321054,49,0,20.8,18.97
2026-02-09 14:43:48.321054,91,0,16.0,24.68
2026-02-09 15:43:48.321054,77,0,17.6,22.87
2026-02-09 16:43:48.321054,60,0,15.8,22.27
2026-02-09 17:43:48.321054,77,0,11.8,24.95
2026-02-09 18:43:48.321054,42,0,15.4,20.75
2026-02-09 19:43:48.321054,60,0,12.2,22.8
2026-02-09 20:43:48.321054,42,0,9.3,22.6
2026-02-09 21:43:48.321054,15,0,10.8,20.28
2026-02-09 22:43:48.321054,16,0,9.6,21.36
2026-02-09 23:43:48.321054,17,0,8.5,16.86
2026-02-10 00:43:48.321054,4,0,8.6,17.15
2026-02-10 01:43:48.321054,5,0,7.9,17.99
2026-02-10 02:43:48.321054,5,0,8.3,16.1
2026-02-10 03:43:48.321054,5,0,9.1,17.29
2026-02-10 04:43:48.321054,5,0,10.7,15.36
2026-02-10 05:43:48.321054,4,0,14.0,15.05
2026-02-10 06:43:48.321054,4,0,14.8,14.19
2026-02-10 07:43:48.321054,42,0,14.7,21.01
2026-02-10 08:43:48.321054,42,0,16.2,20.64
2026-02-10 09:43:48.321054,62,0,17.6,21.35
2026-02-10 10:43:48.321054,60,0,18.4,20.88
2026-02-10 11:43:48.321054,77,0,19.3,21.77
2026-02-10 12:43:48.321054,57,0,19.9,19.75
2026-02-10 13:43:48.321054,54,0,20.3,18.99
2026-02-10 14:43:48.321054,73,0,18.4,21.13
2026-02-10 15:43:48.321054,71,0,17.2,22.65
2026-02-10 16:43:48.321054,92,0,15.5,25.16
2026-02-10 17:43:48.321054,70,0,17.6,21.59
2026-02-10 18:43:48.321054,58,0,13.2,22.21
2026-02-10 19:43:48.321054,48,0,11.5,22.61
2026-02-10 20:43:48.321054,45,0,9.6,23.48
2026-02-10 21:43:48.321054,16,0,10.3,19.85
2026-02-10 22:43:48.321054,13,0,11.1,19.97
2026-02-10 23:43:48.321054,14,0,7.8,17.82
2026-02-11 00:43:48.321054,4,0,12.9,16.26
2026-02-11 01:43:48.321054,5,0,9.0,16.83
2026-02-11 02:43:48.321054,4,0,10.9,16.54
2026-02-11 03:43:48.321054,6,0,9.9,16.1
2026-02-11 04:43:48.321054,5,0,13.3,14.95
2026-02-11 05:43:48.321054,5,0,13.1,15.24
2026-02-11 06:43:48.321054,4,0,13.0,15.14
2026-02-11 07:43:48.321054,37,0,13.6,20.62
2026-02-11 08:43:48.321054,32,0,16.7,19.02
2026-02-11 09:43:48.321054,76,0,18.3,22.01
2026-02-11 10:43:48.321054,81,0,18.9,22.24
2026-02-11 11:43:48.321054,75,0,16.9,22.82
2026-02-11 12:43:48.321054,45,0,18.7,19.44
2026-02-11 13:43:48.321054,45,0,18.6,18.96
2026-02-11 14:43:48.321054,87,0,16.2,23.73
2026-02-11 15:43:48.321054,91,0,18.5,23.13
2026-02-11 16:43:48.321054,69,0,15.8,22.9
2026-02-11 17:43:48.321054,73,0,14.9,22.82
2026-02-11 18:43:48.321054,45,0,14.3,21.0
2026-02-11 19:43:48.321054,44,0,12.8,22.04
2026-02-11 20:43:48.321054,50,0,10.6,23.06
2026-02-11 21:43:48.321054,12,0,14.3,18.14
2026-02-11 22:43:48.321054,14,0,9.7,21.03
2026-02-11 23:43:48.321054,13,0,7.9,17.24
2026-02-12 00:43:48.321054,4,0,10.6,15.85
2026-02-12 01:43:48.321054,4,0,9.6,16.55
2026-02-12 02:43:48.321054,4,0,8.9,15.85
2026-02-12 03:43:48.321054,4,0,9.7,15.74
2026-02-12 04:43:48.321054,4,0,10.2,16.68
2026-02-12 05:43:48.321054,5,0,13.0,14.58
2026-02-12 06:43:48.321054,4,0,11.7,14.86
2026-02-12 07:43:48.321054,33,0,15.6,20.21
2026-02-12 08:43:48.321054,41,0,15.9,20.2
2026-02-12 09:43:48.321054,85,0,19.8,21.47
2026-02-12 10:43:48.321054,72,0,21.2,21.44
2026-02-12 11:43:48.321054,65,0,20.7,20.11
2026-02-12 12:43:48.321054,61,0,16.6,21.4
2026-02-12 13:43:48.321054,49,0,19.7,18.66
2026-02-12 14:43:48.321054,92,0,21.9,21.63
2026-02-12 15:43:48.321054,63,0,17.0,21.44
2026-02-12 16:43:48.321054,85,0,20.0,21.78
2026-02-12 17:43:48.321054,79,0,15.4,22.5
2026-02-12 18:43:48.321054,44,0,12.4,21.63
2026-02-12 19:43:48.321054,48,0,11.6,22.32
2026-02-12 20:43:48.321054,44,0,12.3,22.17
2026-02-12 21:43:48.321054,12,0,10.4,19.6
2026-02-12 22:43:48.321054,12,0,9.3,20.71
2026-02-12 23:43:48.321054,15,0,10.0,16.96
2026-02-13 00:43:48.321054,3,0,10.4,15.63
2026-02-13 01:43:48.321054,5,0,8.3,16.67
2026-02-13 02:43:48.321054,6,0,9.1,16.33
2026-02-13 03:43:48.321054,6,0,12.7,15.94
2026-02-13 04:43:48.321054,4,0,13.1,15.44
2026-02-13 05:43:48.321054,5,0,12.7,14.69
2026-02-13 06:43:48.321054,6,0,12.4,15.67
2026-02-13 07:43:48.321054,31,0,15.2,20.57
2026-02-13 08:43:48.321054,33,0,16.6,19.86
2026-02-13 09:43:48.321054,64,0,17.1,21.58
2026-02-13 10:43:48.321054,71,0,19.4,21.57
2026-02-13 11:43:48.321054,66,0,20.1,20.31
2026-02-13 12:43:48.321054,47,0,18.3,20.23
2026-02-13 13:43:48.321054,43,0,18.8,19.74
2026-02-13 14:43:48.321054,67,0,19.9,20.75
2026-02-13 15:43:48.321054,79,0,16.0,23.36
2026-02-13 16:43:48.321054,70,0,17.8,21.99
2026-02-13 17:43:48.321054,83,0,15.4,23.35
2026-02-13 18:43:48.321054,47,0,12.1,21.08
2026-02-13 19:43:48.321054,48,0,14.5,21.41
2026-02-13 20:43:48.321054,48,0,13.1,22.02
2026-02-13 21:43:48.321054,12,0,9.4,20.95
2026-02-13 22:43:48.321054,15,0,9.4,20.3
2026-02-13 23:43:48.321054,19,0,9.7,17.2
2026-02-14 00:43:48.321054,7,0,7.4,16.95
2026-02-14 01:43:48.321054,8,0,6.1,18.69
2026-02-14 02:43:48.321054,7,0,13.2,14.72
2026-02-14 03:43:48.321054,10,0,10.1,16.16
2026-02-14 04:43:48.321054,8,0,11.7,15.28
2026-02-14 05:43:48.321054,7,0,14.7,14.2
2026-02-14 06:43:48.321054,9,0,13.8,14.95
2026-02-14 07:43:48.321054,7,0,18.1,14.95
2026-02-14 08:43:48.321054,8,0,13.1,20.31
2026-02-14 09:43:48.321054,7,0,15.9,17.19
2026-02-14 10:43:48.321054,26,0,17.0,18.64
2026-02-14 11:43:48.321054,34,0,18.9,18.73
2026-02-14 12:43:48.321054,26,0,19.2,17.06
2026-02-14 13:43:48.321054,30,0,19.5,17.52
2026-02-14 14:43:48.321054,33,0,20.6,17.76
2026-02-14 15:43:48.321054,29,0,17.2,18.49
2026-02-14 16:43:48.321054,29,0,13.7,20.08
2026-02-14 17:43:48.321054,27,0,13.6,20.03
2026-02-14 18:43:48.321054,27,0,17.3,18.74
2026-02-14 19:43:48.321054,6,0,12.2,18.94
2026-02-14 20:43:48.321054,8,0,11.2,19.31
2026-02-14 21:43:48.321054,7,0,11.1,19.11
2026-02-14 22:43:48.321054,7,0,9.3,20.49
2026-02-14 23:43:48.321054,9,0,9.7,16.65
2026-02-15 00:43:48.321054,8,0,5.9,17.51
2026-02-15 01:43:48.321054,7,0,10.7,16.52
2026-02-15 02:43:48.321054,8,0,8.8,16.28
2026-02-15 03:43:48.321054,8,0,10.4,16.94
2026-02-15 04:43:48.321054,6,0,9.5,16.3
2026-02-15 05:43:48.321054,8,0,14.3,14.52
2026-02-15 06:43:48.321054,8,0,12.8,15.28
2026-02-15 07:43:48.321054,7,0,18.4,16.45
2026-02-15 08:43:48.321054,8,0,17.9,15.96
2026-02-15 09:43:48.321054,7,0,17.0,17.83
2026-02-15 10:43:48.321054,23,0,19.0,17.09
2026-02-15 11:43:48.321054,28,0,18.7,17.77
2026-02-15 12:43:48.321054,33,0,21.5,17.57
2026-02-15 13:43:48.321054,30,0,19.4,17.71
2026-02-15 14:43:48.321054,31,0,16.7,19.28
2026-02-15 15:43:48.321054,30,0,16.1,18.9
2026-02-15 16:43:48.321054,23,0,20.5,17.21
2026-02-15 17:43:48.321054,27,0,15.8,18.48
2026-02-15 18:43:48.321054,28,0,12.9,20.36
2026-02-15 19:43:48.321054,8,0,14.3,17.95
2026-02-15 20:43:48.321054,9,0,14.0,18.84
2026-02-15 21:43:48.321054,7,0,10.2,20.2
2026-02-15 22:43:48.321054,9,0,10.3,20.17
2026-02-15 23:43:48.321054,7,0,8.9,16.76
2026-02-16 00:43:48.321054,4,0,9.4,15.86
2026-02-16 01:43:48.321054,6,0,10.0,16.41
2026-02-16 02:43:48.321054,4,0,9.4,15.78
2026-02-16 03:43:48.321054,4,0,10.8,16.35
2026-02-16 04:43:48.321054,4,0,11.8,15.99
2026-02-16 05:43:48.321054,5,0,14.3,14.12
2026-02-16 06:43:48.321054,5,0,14.3,15.86
2026-02-16 07:43:48.321054,33,0,16.6,19.54
2026-02-16 08:43:48.321054,37,0,17.1,18.85
2026-02-16 09:43:48.321054,70,0,20.7,21.12
2026-02-16 10:43:48.321054,77,0,17.4,22.87
2026-02-16 11:43:48.321054,77,0,20.9,21.16
2026-02-16 12:43:48.321054,47,0,19.0,19.54
2026-02-16 13:43:48.321054,49,0,20.2,19.22
2026-02-16 14:43:48.321054,87,0,18.2,23.55
2026-02-16 15:43:48.321054,73,0,19.1,22.28
2026-02-16 16:43:48.321054,48,0,16.4,20.36
2026-02-16 17:43:48.321054,80,0,14.7,24.0
2026-02-16 18:43:48.321054,44,0,12.8,22.32
2026-02-16 19:43:48.321054,47,0,11.7,21.99
2026-02-16 20:43:48.321054,52,0,12.5,22.21
2026-02-16 21:43:48.321054,18,0,11.0,19.45
2026-02-16 22:43:48.321054,18,0,10.1,20.58
2026-02-16 23:43:48.321054,16,0,10.9,17.51
2026-02-17 00:43:48.321054,4,0,10.0,16.32
2026-02-17 01:43:48.321054,6,0,7.8,16.87
2026-02-17 02:43:48.321054,4,0,8.0,17.11
2026-02-17 03:43:48.321054,4,0,11.2,15.43
2026-02-17 04:43:48.321054,5,0,12.3,15.09
2026-02-17 05:43:48.321054,5,0,11.0,15.5
2026-02-17 06:43:48.321054,4,0,11.8,14.85
2026-02-17 07:43:48.321054,40,0,15.5,20.05
2026-02-17 08:43:48.321054,32,0,15.1,19.16
2026-02-17 09:43:48.321054,50,0,18.6,20.43
2026-02-17 10:43:48.321054,74,0,21.5,20.13
2026-02-17 11:43:48.321054,72,0,19.9,21.37
2026-02-17 12:43:48.321054,49,0,20.0,19.42
2026-02-17 13:43:48.321054,64,0,19.6,21.38
2026-02-17 14:43:48.321054,70,0,18.8,20.4
2026-02-17 15:43:48.321054,75,0,18.8,21.35
2026-02-17 16:43:48.321054,78,0,13.8,24.01
2026-02-17 17:43:48.321054,79,0,15.3,23.25
2026-02-17 18:43:48.321054,51,0,12.6,22.98
2026-02-17 19:43:48.321054,61,0,13.0,23.11
2026-02-17 20:43:48.321054,56,0,14.7,22.06
2026-02-17 21:43:48.321054,13,0,9.5,19.03
2026-02-17 22:43:48.321054,15,0,9.8,20.75
2026-02-17 23:43:48.321054,14,0,8.2,18.05
2026-02-18 00:43:48.321054,75,1,9.5,26.04
2026-02-18 01:43:48.321054,62,1,11.1,23.98
2026-02-18 02:43:48.321054,68,1,8.5,26.56
2026-02-18 03:43:48.321054,50,1,13.5,22.51
2026-02-18 04:43:48.321054,62,1,12.0,24.0
2026-02-18 05:43:48.321054,57,1,15.8,21.35
2026-02-18 06:43:48.321054,37,1,14.9,20.11
2026-02-18 07:43:48.321054,34,1,13.6,22.22
2026-02-18 08:43:48.321054,143,1,14.1,30.06
2026-02-18 09:43:48.321054,166,1,19.8,29.64
2026-02-18 10:43:48.321054,138,1,19.2,27.74
2026-02-18 11:43:48.321054,177,1,19.2,30.74
2026-02-18 12:43:48.321054,139,1,18.2,29.33
2026-02-18 13:43:48.321054,110,1,17.6,26.24
2026-02-18 14:43:48.321054,181,1,18.7,31.22
2026-02-18 15:43:48.321054,234,1,19.1,34.89
2026-02-18 16:43:48.321054,215,1,16.5,35.39
2026-02-18 17:43:48.321054,175,1,15.9,31.38
2026-02-18 18:43:48.321054,196,1,14.1,34.6
2026-02-18 19:43:48.321054,149,1,12.5,32.75
2026-02-18 20:43:48.321054,123,1,10.9,29.82
2026-02-18 21:43:48.321054,123,1,9.3,31.86
2026-02-18 22:43:48.321054,147,1,10.6,32.32
2026-02-18 23:43:48.321054,62,1,10.1,23.72
2026-02-19 00:43:48.321054,54,1,11.5,23.5
2026-02-19 01:43:48.321054,49,1,8.2,24.98
2026-02-19 02:43:48.321054,65,1,14.3,22.57
2026-02-19 03:43:48.321054,76,1,12.9,24.93
2026-02-19 04:43:48.321054,55,1,12.5,23.28
2026-02-19 05:43:48.321054,48,1,14.3,21.13
2026-02-19 06:43:48.321054,45,1,17.7,19.77
2026-02-19 07:43:48.321054,28,1,18.3,19.87
2026-02-19 08:43:48.321054,150,1,17.1,29.51
2026-02-19 09:43:48.321054,134,1,21.5,26.84
2026-02-19 10:43:48.321054,122,1,20.2,25.52
2026-02-19 11:43:48.321054,145,1,20.8,27.33
2026-02-19 12:43:48.321054,101,1,20.1,24.16
2026-02-19 13:43:48.321054,93,1,17.1,25.66
2026-02-19 14:43:48.321054,208,1,17.7,34.53
2026-02-19 15:43:48.321054,169,1,20.1,29.82
2026-02-19 16:43:48.321054,167,1,20.0,29.26
2026-02-19 17:43:48.321054,167,1,17.5,31.13
2026-02-19 18:43:48.321054,176,1,12.7,33.53
2026-02-19 19:43:48.321054,162,1,15.8,32.14
2026-02-19 20:43:48.321054,132,1,14.8,29.59
2026-02-19 21:43:48.321054,138,1,12.2,30.24
2026-02-19 22:43:48.321054,141,1,11.6,31.57
2026-02-19 23:43:48.321054,89,1,11.6,25.72
2026-02-20 00:43:48.321054,73,1,11.0,25.38
2026-02-20 01:43:48.321054,66,1,8.5,25.2
2026-02-20 02:43:48.321054,63,1,11.4,24.7
2026-02-20 03:43:48.321054,51,1,12.7,22.06
2026-02-20 04:43:48.321054,68,1,12.8,23.68
2026-02-20 05:43:48.321054,50,1,14.2,21.69
2026-02-20 06:43:48.321054,33,1,15.2,20.06
2026-02-20 07:43:48.321054,38,1,16.2,20.78
2026-02-20 08:43:48.321054,181,1,17.8,32.7
2026-02-20 09:43:48.321054,142,1,16.7,28.6
2026-02-20 10:43:48.321054,181,1,16.9,31.89
2026-02-20 11:43:48.321054,136,1,18.3,28.17
2026-02-20 12:43:48.321054,138,1,20.3,27.26
2026-02-20 13:43:48.321054,126,1,21.3,25.91
2026-02-20 14:43:48.321054,181,1,19.8,30.09
2026-02-20 15:43:48.321054,161,1,19.6,29.24
2026-02-20 16:43:48.321054,197,1,18.1,33.49
2026-02-20 17:43:48.321054,177,1,16.3,31.91
2026-02-20 18:43:48.321054,187,1,16.3,33.18
2026-02-20 19:43:48.321054,147,1,15.4,30.27
2026-02-20 20:43:48.321054,152,1,10.9,34.13
2026-02-20 21:43:48.321054,142,1,13.6,30.47
2026-02-20 22:43:48.321054,155,1,12.8,32.46
2026-02-20 23:43:48.321054,75,1,13.0,24.29
2026-02-21 00:43:48.321054,51,1,11.9,23.48
2026-02-21 01:43:48.321054,53,1,11.8,23.81
2026-02-21 02:43:48.321054,61,1,11.4,23.25
2026-02-21 03:43:48.321054,54,1,14.3,21.64
2026-02-21 04:43:48.321054,50,1,12.5,22.74
2026-02-21 05:43:48.321054,59,1,14.9,21.66
2026-02-21 06:43:48.321054,36,1,14.8,21.0
2026-02-21 07:43:48.321054,36,1,19.2,19.6
2026-02-21 08:43:48.321054,130,1,18.6,27.63
2026-02-21 09:43:48.321054,132,1,21.0,26.41
2026-02-21 10:43:48.321054,145,1,18.2,29.78
2026-02-21 11:43:48.321054,124,1,23.2,24.86
2026-02-21 12:43:48.321054,97,1,22.1,22.41
2026-02-21 13:43:48.321054,112,1,25.5,26.0
2026-02-21 14:43:48.321054,156,1,19.4,28.6
2026-02-21 15:43:48.321054,174,1,20.6,29.29
2026-02-21 16:43:48.321054,170,1,19.9,30.05
2026-02-21 17:43:48.321054,148,1,17.4,30.22
2026-02-21 18:43:48.321054,176,1,14.8,33.18
2026-02-21 19:43:48.321054,161,1,15.2,30.81
2026-02-21 20:43:48.321054,137,1,13.7,31.3
2026-02-21 21:43:48.321054,106,1,12.2,28.82
2026-02-21 22:43:48.321054,107,1,10.3,30.02
2026-02-21 23:43:48.321054,79,1,11.4,24.76
2026-02-22 00:43:48.321054,52,1,10.6,23.32
2026-02-22 01:43:48.321054,64,1,11.0,24.49
2026-02-22 02:43:48.321054,48,1,11.4,22.73
2026-02-22 03:43:48.321054,41,1,14.3,21.38
2026-02-22 04:43:48.321054,53,1,12.7,22.7
2026-02-22 05:43:48.321054,52,1,15.6,22.13
2026-02-22 06:43:48.321054,35,1,16.8,19.13
2026-02-22 07:43:48.321054,33,1,18.7,19.35
2026-02-22 08:43:48.321054,120,1,16.9,27.46
2026-02-22 09:43:48.321054,141,1,23.0,27.27
2026-02-22 10:43:48.321054,104,1,21.1,23.36
2026-02-22 11:43:48.321054,150,1,20.9,27.84
2026-02-22 12:43:48.321054,77,1,22.0,21.55
2026-02-22 13:43:48.321054,90,1,19.5,23.52
2026-02-22 14:43:48.321054,152,1,19.7,28.35
2026-02-22 15:43:48.321054,150,1,20.2,28.08
2026-02-22 16:43:48.321054,155,1,19.3,29.08
2026-02-22 17:43:48.321054,184,1,19.6,31.25
2026-02-22 18:43:48.321054,168,1,16.5,31.45
2026-02-22 19:43:48.321054,169,1,16.2,31.83
2026-02-22 20:43:48.321054,131,1,12.1,30.28
2026-02-22 21:43:48.321054,133,1,11.2,30.96
2026-02-22 22:43:48.321054,122,1,11.8,30.5
2026-02-22 23:43:48.321054,76,1,14.3,24.24
2026-02-23 00:43:48.321054,81,1,10.9,25.68
2026-02-23 01:43:48.321054,47,1,14.5,21.04
2026-02-23 02:43:48.321054,60,1,16.6,21.3
2026-02-23 03:43:48.321054,62,1,15.5,22.35
2026-02-23 04:43:48.321054,55,1,15.4,20.28
2026-02-23 05:43:48.321054,54,1,14.8,22.15
2026-02-23 06:43:48.321054,39,1,17.5,19.6
2026-02-23 07:43:48.321054,46,1,20.1,20.03
2026-02-23 08:43:48.321054,154,1,17.6,30.37
2026-02-23 09:43:48.321054,147,1,18.3,28.86
2026-02-23 10:43:48.321054,132,1,23.6,26.16
2026-02-23 11:43:48.321054,155,1,21.1,28.79
2026-02-23 12:43:48.321054,106,1,20.9,23.97
2026-02-23 13:43:48.321054,128,1,21.1,25.36
2026-02-23 14:43:48.321054,209,1,21.4,31.25
2026-02-23 15:43:48.321054,158,1,19.3,29.35
2026-02-23 16:43:48.321054,153,1,18.4,28.94
2026-02-23 17:43:48.321054,192,1,17.9,32.4
2026-02-23 18:43:48.321054,195,1,15.3,35.18
2026-02-23 19:43:48.321054,164,1,14.9,32.03
2026-02-23 20:43:48.321054,159,1,13.3,32.4
2026-02-23 21:43:48.321054,129,1,10.2,30.86
2026-02-23 22:43:48.321054,124,1,14.1,28.86
2026-02-23 23:43:48.321054,89,1,11.8,25.13
2026-02-24 00:43:48.321054,63,1,11.4,24.98
2026-02-24 01:43:48.321054,57,1,12.9,23.16
2026-02-24 02:43:48.321054,55,1,11.6,23.76
2026-02-24 03:43:48.321054,59,1,16.2,21.8
2026-02-24 04:43:48.321054,55,1,15.1,21.57
2026-02-24 05:43:48.321054,52,1,14.6,20.84
2026-02-24 06:43:48.321054,36,1,19.7,18.67
2026-02-24 07:43:48.321054,34,1,16.8,20.91
2026-02-24 08:43:48.321054,158,1,20.4,29.04
2026-02-24 09:43:48.321054,111,1,21.5,23.57
2026-02-24 10:43:48.321054,167,1,20.0,28.6
2026-02-24 11:43:48.321054,159,1,24.4,30.49
2026-02-24 12:43:48.321054,110,1,21.2,24.71
2026-02-24 13:43:48.321054,114,1,22.3,24.05
2026-02-24 14:43:48.321054,193,1,21.8,31.64
2026-02-24 15:43:48.321054,198,1,20.5,32.08
2026-02-24 16:43:48.321054,191,1,20.2,31.05
2026-02-24 17:43:48.321054,201,1,18.9,32.01
2026-02-24 18:43:48.321054,172,1,19.2,30.07
2026-02-24 19:43:48.321054,173,1,16.2,31.66
2026-02-24 20:43:48.321054,126,1,15.0,28.72
2026-02-24 21:43:48.321054,138,1,13.7,30.57
2026-02-24 22:43:48.321054,147,1,14.6,29.94
2026-02-24 23:43:48.321054,60,1,13.0,23.16
2026-02-25 00:43:48.321054,48,1,11.4,23.82
2026-02-25 01:43:48.321054,73,1,12.9,24.81
2026-02-25 02:43:48.321054,63,1,10.7,24.94
2026-02-25 03:43:48.321054,54,1,11.9,23.75
2026-02-25 04:43:48.321054,52,1,12.8,23.25
2026-02-25 05:43:48.321054,67,1,17.6,21.08
2026-02-25 06:43:48.321054,45,1,19.7,17.6
2026-02-25 07:43:48.321054,29,1,16.6,20.57
2026-02-25 08:43:48.321054,155,1,21.9,26.7
2026-02-25 09:43:48.321054,131,1,22.2,25.09
2026-02-25 10:43:48.321054,164,1,24.3,28.93
2026-02-25 11:43:48.321054,172,1,19.1,30.76
2026-02-25 12:43:48.321054,120,1,23.0,24.93
2026-02-25 13:43:48.321054,106,1,23.0,24.98
2026-02-25 14:43:48.321054,144,1,22.5,28.03
2026-02-25 15:43:48.321054,146,1,20.5,27.42
2026-02-25 16:43:48.321054,160,1,18.9,30.51
2026-02-25 17:43:48.321054,191,1,17.9,31.71
2026-02-25 18:43:48.321054,167,1,18.7,31.32
2026-02-25 19:43:48.321054,187,1,14.4,33.3
2026-02-25 20:43:48.321054,123,1,11.9,29.87
2026-02-25 21:43:48.321054,130,1,12.8,30.28
2026-02-25 22:43:48.321054,131,1,15.3,28.79
2026-02-25 23:43:48.321054,84,1,13.1,24.78
2026-02-26 00:43:48.321054,83,1,14.0,23.77
2026-02-26 01:43:48.321054,61,1,13.2,22.19
2026-02-26 02:43:48.321054,50,1,14.9,21.8
2026-02-26 03:43:48.321054,58,1,13.6,21.84
2026-02-26 04:43:48.321054,60,1,12.9,21.92
2026-02-26 05:43:48.321054,51,1,18.9,18.3
2026-02-26 06:43:48.321054,40,1,19.1,19.35
2026-02-26 07:43:48.321054,36,1,18.8,19.77
2026-02-26 08:43:48.321054,139,1,17.0,28.69
2026-02-26 09:43:48.321054,148,1,23.0,26.93
2026-02-26 10:43:48.321054,160,1,21.8,28.46
2026-02-26 11:43:48.321054,171,1,24.1,30.82
2026-02-26 12:43:48.321054,133,1,24.2,26.46
2026-02-26 13:43:48.321054,126,1,26.5,28.57
2026-02-26 14:43:48.321054,154,1,23.6,27.72
2026-02-26 15:43:48.321054,149,1,21.7,27.91
2026-02-26 16:43:48.321054,142,1,20.6,26.99
2026-02-26 17:43:48.321054,205,1,19.2,33.45
2026-02-26 18:43:48.321054,199,1,19.1,32.81
2026-02-26 19:43:48.321054,187,1,19.9,30.92
2026-02-26 20:43:48.321054,133,1,13.1,30.58
2026-02-26 21:43:48.321054,162,1,13.9,32.38
2026-02-26 22:43:48.321054,155,1,12.4,32.57
2026-02-26 23:43:48.321054,67,1,12.6,24.1
2026-02-27 00:43:48.321054,54,1,14.2,22.14
2026-02-27 01:43:48.321054,61,1,15.9,21.33
2026-02-27 02:43:48.321054,60,1,14.8,22.06
2026-02-27 03:43:48.321054,71,1,15.5,22.51
2026-02-27 04:43:48.321054,61,1,14.6,23.4
2026-02-27 05:43:48.321054,62,1,16.6,21.52
2026-02-27 06:43:48.321054,41,1,18.8,18.87
2026-02-27 07:43:48.321054,43,1,21.7,18.0
2026-02-27 08:43:48.321054,127,1,22.1,25.47
2026-02-27 09:43:48.321054,141,1,22.0,26.07
2026-02-27 10:43:48.321054,160,1,22.4,28.38
2026-02-27 11:43:48.321054,165,1,23.3,28.86
2026-02-27 12:43:48.321054,120,1,23.1,24.68
2026-02-27 13:43:48.321054,116,1,20.5,24.62
2026-02-27 14:43:48.321054,190,1,23.0,29.99
2026-02-27 15:43:48.321054,206,1,21.5,31.3
2026-02-27 16:43:48.321054,180,1,19.3,31.47
2026-02-27 17:43:48.321054,184,1,21.6,29.94
2026-02-27 18:43:48.321054,217,1,19.3,33.6
2026-02-27 19:43:48.321054,177,1,19.2,29.59
2026-02-27 20:43:48.321054,172,1,16.1,31.7
2026-02-27 21:43:48.321054,170,1,18.2,30.16
2026-02-27 22:43:48.321054,135,1,17.0,29.67
2026-02-27 23:43:48.321054,86,1,12.3,25.12
2026-02-28 00:43:48.321054,53,1,16.1,21.74
2026-02-28 01:43:48.321054,43,1,18.5,19.7
2026-02-28 02:43:48.321054,48,1,15.3,20.24
2026-02-28 03:43:48.321054,61,1,14.5,23.15
2026-02-28 04:43:48.321054,47,1,18.5,18.93
2026-02-28 05:43:48.321054,59,1,17.0,20.89
2026-02-28 06:43:48.321054,38,1,22.5,16.54
2026-02-28 07:43:48.321054,37,1,18.5,19.91
2026-02-28 08:43:48.321054,123,1,22.7,24.43
2026-02-28 09:43:48.321054,140,1,20.9,26.92
2026-02-28 10:43:48.321054,145,1,24.1,27.5
2026-02-28 11:43:48.321054,115,1,23.3,25.09
2026-02-28 12:43:48.321054,89,1,21.9,22.46
2026-02-28 13:43:48.321054,117,1,25.5,25.73
2026-02-28 14:43:48.321054,153,1,24.8,29.35
2026-02-28 15:43:48.321054,142,1,23.2,27.89
2026-02-28 16:43:48.321054,146,1,21.8,27.36
2026-02-28 17:43:48.321054,130,1,23.5,26.39
2026-02-28 18:43:48.321054,152,1,18.7,27.9
2026-02-28 19:43:48.321054,143,1,18.1,27.93
2026-02-28 20:43:48.321054,99,1,19.2,24.26
2026-02-28 21:43:48.321054,154,1,16.6,29.5
2026-02-28 22:43:48.321054,107,1,17.4,24.93
2026-02-28 23:43:48.321054,87,1,15.7,23.16
2026-03-01 00:43:48.321054,6,0,16.7,13.0
2026-03-01 01:43:48.321054,7,0,13.3,15.23
2026-03-01 02:43:48.321054,7,0,13.7,15.24
2026-03-01 03:43:48.321054,7,0,16.1,13.81
2026-03-01 04:43:48.321054,9,0,19.2,12.21
2026-03-01 05:43:48.321054,9,0,16.6,14.36
2026-03-01 06:43:48.321054,8,0,18.5,13.68
2026-03-01 07:43:48.321054,7,0,18.8,16.83
2026-03-01 08:43:48.321054,9,0,21.6,15.35
2026-03-01 09:43:48.321054,7,0,23.1,15.93
2026-03-01 10:43:48.321054,30,0,26.6,18.39
2026-03-01 11:43:48.321054,31,0,22.5,17.62
2026-03-01 12:43:48.321054,29,0,26.6,19.31
2026-03-01 13:43:48.321054,32,0,23.5,17.68
2026-03-01 14:43:48.321054,26,0,24.2,17.13
2026-03-01 15:43:48.321054,32,0,24.9,18.71
2026-03-01 16:43:48.321054,27,0,21.1,17.12
2026-03-01 17:43:48.321054,27,0,20.8,16.46
2026-03-01 18:43:48.321054,23,0,22.1,16.98
2026-03-01 19:43:48.321054,9,0,17.9,17.54
2026-03-01 20:43:48.321054,7,0,18.4,16.42
2026-03-01 21:43:48.321054,8,0,16.2,17.23
2026-03-01 22:43:48.321054,7,0,18.6,17.21
2026-03-01 23:43:48.321054,8,0,11.4,15.64
2026-03-02 00:43:48.321054,5,0,14.5,14.55
2026-03-02 01:43:48.321054,4,0,17.7,12.55
2026-03-02 02:43:48.321054,4,0,16.3,13.43
2026-03-02 03:43:48.321054,5,0,17.7,13.67
2026-03-02 04:43:48.321054,5,0,19.9,12.39
2026-03-02 05:43:48.321054,5,0,19.0,13.25
2026-03-02 06:43:48.321054,5,0,17.9,13.36
2026-03-02 07:43:48.321054,40,0,20.7,18.84
2026-03-02 08:43:48.321054,30,0,22.8,17.89
2026-03-02 09:43:48.321054,61,0,24.1,20.25
2026-03-02 10:43:48.321054,77,0,25.7,21.88
2026-03-02 11:43:48.321054,98,0,25.5,24.12
2026-03-02 12:43:48.321054,59,0,25.3,20.2
2026-03-02 13:43:48.321054,50,0,22.7,18.98
2026-03-02 14:43:48.321054,83,0,24.9,22.37
2026-03-02 15:43:48.321054,70,0,22.2,20.68
2026-03-02 16:43:48.321054,93,0,19.8,23.38
2026-03-02 17:43:48.321054,71,0,21.4,21.16
2026-03-02 18:43:48.321054,53,0,20.8,20.08
2026-03-02 19:43:48.321054,57,0,18.9,19.81
2026-03-02 20:43:48.321054,42,0,20.0,18.91
2026-03-02 21:43:48.321054,16,0,18.7,17.56
2026-03-02 22:43:48.321054,16,0,13.4,18.71
2026-03-02 23:43:48.321054,17,0,20.6,12.95
2026-03-03 00:43:48.321054,5,0,15.2,13.61
2026-03-03 01:43:48.321054,5,0,15.2,13.61
2026-03-03 02:43:48.321054,5,0,19.5,12.96
2026-03-03 03:43:48.321054,5,0,16.6,13.94
2026-03-03 04:43:48.321054,5,0,17.1,13.08
2026-03-03 05:43:48.321054,6,0,20.2,12.13
2026-03-03 06:43:48.321054,4,0,20.0,12.55
2026-03-03 07:43:48.321054,37,0,20.3,18.08
2026-03-03 08:43:48.321054,35,0,24.6,18.81
2026-03-03 09:43:48.321054,69,0,25.8,22.64
2026-03-03 10:43:48.321054,66,0,25.6,20.95
2026-03-03 11:43:48.321054,69,0,28.4,23.13
2026-03-03 12:43:48.321054,51,0,24.0,19.6
2026-03-03 13:43:48.321054,45,0,26.3,19.86
2026-03-03 14:43:48.321054,75,0,26.0,22.22
2026-03-03 15:43:48.321054,82,0,25.2,21.69
2026-03-03 16:43:48.321054,87,0,22.0,22.24
2026-03-03 17:43:48.321054,87,0,20.6,22.35
2026-03-03 18:43:48.321054,43,0,21.9,18.32
2026-03-03 19:43:48.321054,43,0,21.9,18.21
2026-03-03 20:43:48.321054,56,0,18.6,20.77
2026-03-03 21:43:48.321054,15,0,17.2,17.7
2026-03-03 22:43:48.321054,14,0,17.1,17.34
2026-03-03 23:43:48.321054,16,0,17.3,13.84
2026-03-04 00:43:48.321054,4,0,17.4,13.18
2026-03-04 01:43:48.321054,5,0,17.0,13.48
2026-03-04 02:43:48.321054,4,0,19.8,11.81
2026-03-04 03:43:48.321054,4,0,17.6,13.37
2026-03-04 04:43:48.321054,5,0,19.9,12.07
2026-03-04 05:43:48.321054,4,0,22.8,11.06
2026-03-04 06:43:48.321054,5,0,22.9,10.86
2026-03-04 07:43:48.321054,37,0,22.0,17.53
2026-03-04 08:43:48.321054,33,0,21.3,16.85
2026-03-04 09:43:48.321054,63,0,25.3,20.1
2026-03-04 10:43:48.321054,67,0,25.5,20.95
2026-03-04 11:43:48.321054,61,0,26.7,20.54
2026-03-04 12:43:48.321054,63,0,27.4,21.19
2026-03-04 13:43:48.321054,61,0,25.5,20.22
2026-03-04 14:43:48.321054,82,0,26.0,22.14
2026-03-04 15:43:48.321054,65,0,24.2,20.72
2026-03-04 16:43:48.321054,72,0,23.0,21.53
2026-03-04 17:43:48.321054,75,0,22.4,19.77
2026-03-04 18:43:48.321054,43,0,20.6,18.62
2026-03-04 19:43:48.321054,43,0,21.5,17.62
2026-03-04 20:43:48.321054,41,0,18.7,18.91
2026-03-04 21:43:48.321054,12,0,19.1,17.08
2026-03-04 22:43:48.321054,16,0,18.4,16.58
2026-03-04 23:43:48.321054,16,0,17.1,14.1
