timestamp,footfall,meal_period,is_weekend,temperature,electricity_kwh
2026-01-04 00:43:52.735536,5,0,1,16.9,20.07
2026-01-04 01:43:52.735536,4,0,1,19.4,21.0
2026-01-04 02:43:52.735536,5,0,1,19.8,18.73
2026-01-04 03:43:52.735536,5,0,1,20.5,18.94
2026-01-04 04:43:52.735536,4,0,1,23.6,16.52
2026-01-04 05:43:52.735536,4,0,1,23.0,17.89
2026-01-04 06:43:52.735536,4,0,1,26.6,21.83
2026-01-04 07:43:52.735536,44,1,1,26.4,31.5
2026-01-04 08:43:52.735536,39,1,1,28.3,31.38
2026-01-04 09:43:52.735536,37,1,1,29.1,29.28
2026-01-04 10:43:52.735536,5,0,1,29.8,22.35
2026-01-04 11:43:52.735536,108,2,1,30.3,44.54
2026-01-04 12:43:52.735536,99,2,1,28.2,43.12
2026-01-04 13:43:52.735536,96,2,1,31.5,44.87
2026-01-04 14:43:52.735536,109,2,1,30.6,45.86
2026-01-04 15:43:52.735536,32,3,1,28.1,27.06
2026-01-04 16:43:52.735536,38,3,1,28.8,26.83
2026-01-04 17:43:52.735536,35,3,1,28.1,27.7
2026-01-04 18:43:52.735536,5,0,1,24.8,20.51
2026-01-04 19:43:52.735536,94,4,1,24.1,36.46
2026-01-04 20:43:52.735536,109,4,1,22.7,37.47
2026-01-04 21:43:52.735536,91,4,1,21.0,39.24
2026-01-04 22:43:52.735536,5,0,1,19.0,21.77
2026-01-04 23:43:52.735536,4,0,1,17.3,19.31
2026-01-05 00:43:52.735536,5,0,0,19.2,18.4
2026-01-05 01:43:52.735536,5,0,0,17.7,20.55
2026-01-05 02:43:52.735536,4,0,0,20.3,17.72
2026-01-05 03:43:52.735536,5,0,0,21.0,17.18
2026-01-05 04:43:52.735536,5,0,0,21.5,19.04
2026-01-05 05:43:52.735536,5,0,0,23.6,17.66
2026-01-05 06:43:52.735536,4,0,0,22.0,19.45
2026-01-05 07:43:52.735536,55,1,0,27.8,30.8
2026-01-05 08:43:52.735536,85,1,0,27.6,32.08
2026-01-05 09:43:52.735536,56,1,0,30.9,31.2
2026-01-05 10:43:52.735536,4,0,0,31.3,21.96
2026-01-05 11:43:52.735536,154,2,0,32.0,46.78
2026-01-05 12:43:52.735536,177,2,0,32.0,47.07
2026-01-05 13:43:52.735536,194,2,0,31.9,46.41
2026-01-05 14:43:52.735536,143,2,0,31.4,45.83
2026-01-05 15:43:52.735536,55,3,0,31.6,28.22
2026-01-05 16:43:52.735536,62,3,0,29.0,28.84
2026-01-05 17:43:52.735536,55,3,0,28.6,28.81
2026-01-05 18:43:52.735536,4,0,0,24.7,20.63
2026-01-05 19:43:52.735536,105,4,0,26.9,38.22
2026-01-05 20:43:52.735536,147,4,0,21.9,38.5
2026-01-05 21:43:52.735536,117,4,0,20.4,38.91
2026-01-05 22:43:52.735536,4,0,0,21.9,22.27
2026-01-05 23:43:52.735536,4,0,0,19.8,19.1
2026-01-06 00:43:52.735536,5,0,0,18.5,17.24
2026-01-06 01:43:52.735536,5,0,0,19.5,18.87
2026-01-06 02:43:52.735536,4,0,0,22.4,17.66
2026-01-06 03:43:52.735536,4,0,0,23.0,17.04
2026-01-06 04:43:52.735536,3,0,0,23.4,16.98
2026-01-06 05:43:52.735536,5,0,0,24.7,18.04
2026-01-06 06:43:52.735536,4,0,0,24.4,20.69
2026-01-06 07:43:52.735536,55,1,0,26.1,30.66
2026-01-06 08:43:52.735536,85,1,0,30.2,31.71
2026-01-06 09:43:52.735536,60,1,0,29.1,32.19
2026-01-06 10:43:52.735536,5,0,0,30.8,21.95
2026-01-06 11:43:52.735536,155,2,0,32.7,47.35
2026-01-06 12:43:52.735536,177,2,0,32.7,47.22
2026-01-06 13:43:52.735536,209,2,0,31.5,48.13
2026-01-06 14:43:52.735536,146,2,0,31.3,44.93
2026-01-06 15:43:52.735536,53,3,0,31.0,28.55
2026-01-06 16:43:52.735536,60,3,0,27.5,27.59
2026-01-06 17:43:52.735536,55,3,0,27.3,26.38
2026-01-06 18:43:52.735536,4,0,0,24.9,20.0
2026-01-06 19:43:52.735536,88,4,0,26.4,38.88
2026-01-06 20:43:52.735536,163,4,0,22.8,39.06
2026-01-06 21:43:52.735536,141,4,0,23.9,38.25
2026-01-06 22:43:52.735536,4,0,0,22.2,21.5
2026-01-06 23:43:52.735536,5,0,0,21.0,19.17
2026-01-07 00:43:52.735536,5,0,0,22.1,19.14
2026-01-07 01:43:52.735536,5,0,0,19.1,18.39
2026-01-07 02:43:52.735536,4,0,0,22.4,17.17
2026-01-07 03:43:52.735536,4,0,0,23.0,16.2
2026-01-07 04:43:52.735536,5,0,0,23.9,16.53
2026-01-07 05:43:52.735536,4,0,0,26.5,16.29
2026-01-07 06:43:52.735536,4,0,0,26.8,22.0
2026-01-07 07:43:52.735536,56,1,0,27.6,31.08
2026-01-07 08:43:52.735536,75,1,0,30.9,32.82
2026-01-07 09:43:52.735536,58,1,0,31.0,31.93
2026-01-07 10:43:52.735536,5,0,0,32.4,23.57
2026-01-07 11:43:52.735536,179,2,0,33.2,46.21
2026-01-07 12:43:52.735536,294,2,0,34.0,49.32
2026-01-07 13:43:52.735536,236,2,0,32.8,48.43
2026-01-07 14:43:52.735536,189,2,0,31.8,47.76
2026-01-07 15:43:52.735536,61,3,0,32.3,29.33
2026-01-07 16:43:52.735536,55,3,0,27.3,29.58
2026-01-07 17:43:52.735536,71,3,0,31.2,29.52
2026-01-07 18:43:52.735536,4,0,0,27.3,21.14
2026-01-07 19:43:52.735536,113,4,0,23.1,37.51
2026-01-07 20:43:52.735536,188,4,0,22.2,39.08
2026-01-07 21:43:52.735536,115,4,0,21.5,38.97
2026-01-07 22:43:52.735536,4,0,0,23.1,21.0
2026-01-07 23:43:52.735536,5,0,0,20.7,18.61
2026-01-08 00:43:52.735536,4,0,0,23.3,17.54
2026-01-08 01:43:52.735536,5,0,0,22.3,16.6
2026-01-08 02:43:52.735536,5,0,0,21.0,19.42
2026-01-08 03:43:52.735536,4,0,0,24.3,16.53
2026-01-08 04:43:52.735536,5,0,0,23.8,17.59
2026-01-08 05:43:52.735536,4,0,0,24.9,17.69
2026-01-08 06:43:52.735536,5,0,0,29.6,21.45
2026-01-08 07:43:52.735536,53,1,0,29.8,31.15
2026-01-08 08:43:52.735536,74,1,0,28.7,35.06
2026-01-08 09:43:52.735536,59,1,0,29.9,32.52
2026-01-08 10:43:52.735536,5,0,0,34.7,23.19
2026-01-08 11:43:52.735536,143,2,0,32.5,46.29
2026-01-08 12:43:52.735536,224,2,0,35.5,49.37
2026-01-08 13:43:52.735536,161,2,0,32.5,46.06
2026-01-08 14:43:52.735536,156,2,0,31.9,46.6
2026-01-08 15:43:52.735536,54,3,0,30.8,27.98
2026-01-08 16:43:52.735536,58,3,0,30.8,26.42
2026-01-08 17:43:52.735536,72,3,0,28.9,26.97
2026-01-08 18:43:52.735536,5,0,0,27.8,21.14
2026-01-08 19:43:52.735536,119,4,0,26.2,38.8
2026-01-08 20:43:52.735536,173,4,0,25.3,40.14
2026-01-08 21:43:52.735536,121,4,0,23.1,38.13
2026-01-08 22:43:52.735536,4,0,0,22.2,20.86
2026-01-08 23:43:52.735536,4,0,0,22.6,17.93
2026-01-09 00:43:52.735536,5,0,0,21.9,17.48
2026-01-09 01:43:52.735536,4,0,0,24.4,17.68
2026-01-09 02:43:52.735536,4,0,0,22.6,16.57
2026-01-09 03:43:52.735536,5,0,0,24.3,17.16
2026-01-09 04:43:52.735536,4,0,0,25.1,15.69
2026-01-09 05:43:52.735536,4,0,0,25.5,17.12
2026-01-09 06:43:52.735536,5,0,0,26.6,21.13
2026-01-09 07:43:52.735536,53,1,0,29.7,31.65
2026-01-09 08:43:52.735536,72,1,0,32.9,33.76
2026-01-09 09:43:52.735536,63,1,0,33.6,34.3
2026-01-09 10:43:52.735536,4,0,0,32.4,22.54
2026-01-09 11:43:52.735536,128,2,0,35.1,47.84
2026-01-09 12:43:52.735536,188,2,0,34.7,47.48
2026-01-09 13:43:52.735536,206,2,0,31.3,46.0
2026-01-09 14:43:52.735536,146,2,0,32.4,46.14
2026-01-09 15:43:52.735536,61,3,0,32.4,28.47
2026-01-09 16:43:52.735536,53,3,0,30.7,28.2
2026-01-09 17:43:52.735536,49,3,0,28.9,28.11
2026-01-09 18:43:52.735536,5,0,0,27.5,21.9
2026-01-09 19:43:52.735536,145,4,0,25.6,39.29
2026-01-09 20:43:52.735536,159,4,0,26.9,40.99
2026-01-09 21:43:52.735536,95,4,0,22.9,37.74
2026-01-09 22:43:52.735536,5,0,0,24.2,19.97
2026-01-09 23:43:52.735536,5,0,0,20.7,18.97
2026-01-10 00:43:52.735536,4,0,1,22.8,16.68
2026-01-10 01:43:52.735536,4,0,1,23.1,18.22
2026-01-10 02:43:52.735536,4,0,1,21.1,18.57
2026-01-10 03:43:52.735536,4,0,1,25.5,19.27
2026-01-10 04:43:52.735536,4,0,1,24.7,17.55
2026-01-10 05:43:52.735536,4,0,1,29.2,18.59
2026-01-10 06:43:52.735536,4,0,1,29.9,20.57
2026-01-10 07:43:52.735536,34,1,1,30.1,30.46
2026-01-10 08:43:52.735536,37,1,1,30.3,30.69
2026-01-10 09:43:52.735536,40,1,1,32.5,32.17
2026-01-10 10:43:52.735536,5,0,1,32.8,22.87
2026-01-10 11:43:52.735536,101,2,1,32.6,46.0
2026-01-10 12:43:52.735536,94,2,1,33.4,46.4
2026-01-10 13:43:52.735536,97,2,1,35.4,46.18
2026-01-10 14:43:52.735536,110,2,1,33.0,45.47
2026-01-10 15:43:52.735536,32,3,1,32.4,27.75
2026-01-10 16:43:52.735536,31,3,1,31.9,29.14
2026-01-10 17:43:52.735536,37,3,1,29.4,28.24
2026-01-10 18:43:52.735536,4,0,1,29.8,21.82
2026-01-10 19:43:52.735536,87,4,1,27.7,40.46
2026-01-10 20:43:52.735536,95,4,1,27.2,38.9
2026-01-10 21:43:52.735536,94,4,1,23.2,37.45
2026-01-10 22:43:52.735536,5,0,1,22.0,21.54
2026-01-10 23:43:52.735536,5,0,1,22.7,17.67
2026-01-11 00:43:52.735536,4,0,1,23.8,14.96
2026-01-11 01:43:52.735536,5,0,1,24.5,17.67
2026-01-11 02:43:52.735536,5,0,1,24.1,16.8
2026-01-11 03:43:52.735536,5,0,1,26.4,18.47
2026-01-11 04:43:52.735536,4,0,1,26.7,18.51
2026-01-11 05:43:52.735536,4,0,1,27.4,17.04
2026-01-11 06:43:52.735536,5,0,1,29.5,21.44
2026-01-11 07:43:52.735536,40,1,1,31.6,32.66
2026-01-11 08:43:52.735536,38,1,1,35.5,32.72
2026-01-11 09:43:52.735536,49,1,1,31.7,32.81
2026-01-11 10:43:52.735536,4,0,1,34.8,23.13
2026-01-11 11:43:52.735536,115,2,1,34.7,47.46
2026-01-11 12:43:52.735536,107,2,1,35.3,47.29
2026-01-11 13:43:52.735536,95,2,1,34.9,45.95
2026-01-11 14:43:52.735536,83,2,1,35.2,46.71
2026-01-11 15:43:52.735536,38,3,1,34.1,30.43
2026-01-11 16:43:52.735536,34,3,1,31.5,27.98
2026-01-11 17:43:52.735536,37,3,1,33.1,27.86
2026-01-11 18:43:52.735536,4,0,1,29.2,21.17
2026-01-11 19:43:52.735536,96,4,1,27.9,36.68
2026-01-11 20:43:52.735536,97,4,1,26.3,39.22
2026-01-11 21:43:52.735536,103,4,1,23.8,37.7
2026-01-11 22:43:52.735536,4,0,1,23.7,20.09
2026-01-11 23:43:52.735536,5,0,1,23.7,18.57
2026-01-12 00:43:52.735536,5,0,0,22.9,18.41
2026-01-12 01:43:52.735536,5,0,0,24.7,17.69
2026-01-12 02:43:52.735536,4,0,0,25.3,18.54
2026-01-12 03:43:52.735536,4,0,0,26.4,18.49
2026-01-12 04:43:52.735536,3,0,0,28.0,18.59
2026-01-12 05:43:52.735536,5,0,0,27.9,19.93
2026-01-12 06:43:52.735536,4,0,0,30.0,22.24
2026-01-12 07:43:52.735536,48,1,0,30.7,32.63
2026-01-12 08:43:52.735536,94,1,0,31.1,34.16
2026-01-12 09:43:52.735536,52,1,0,31.7,31.58
2026-01-12 10:43:52.735536,4,0,0,34.8,24.86
2026-01-12 11:43:52.735536,133,2,0,35.5,45.99
2026-01-12 12:43:52.735536,205,2,0,36.1,49.79
2026-01-12 13:43:52.735536,198,2,0,35.6,50.17
2026-01-12 14:43:52.735536,143,2,0,33.0,45.21
2026-01-12 15:43:52.735536,64,3,0,36.0,30.01
2026-01-12 16:43:52.735536,62,3,0,30.6,29.21
2026-01-12 17:43:52.735536,56,3,0,32.7,28.79
2026-01-12 18:43:52.735536,4,0,0,31.6,20.57
2026-01-12 19:43:52.735536,128,4,0,27.4,39.77
2026-01-12 20:43:52.735536,149,4,0,25.0,38.52
2026-01-12 21:43:52.735536,115,4,0,27.7,39.24
2026-01-12 22:43:52.735536,4,0,0,22.1,20.74
2026-01-12 23:43:52.735536,4,0,0,23.0,17.62
2026-01-13 00:43:52.735536,4,0,0,23.7,17.03
2026-01-13 01:43:52.735536,5,0,0,25.7,17.18
2026-01-13 02:43:52.735536,5,0,0,25.1,16.17
2026-01-13 03:43:52.735536,4,0,0,25.5,18.9
2026-01-13 04:43:52.735536,5,0,0,26.0,17.51
2026-01-13 05:43:52.735536,4,0,0,27.1,17.86
2026-01-13 06:43:52.735536,5,0,0,29.1,22.53
2026-01-13 07:43:52.735536,49,1,0,30.1,32.31
2026-01-13 08:43:52.735536,78,1,0,32.9,32.5
2026-01-13 09:43:52.735536,61,1,0,34.9,34.65
2026-01-13 10:43:52.735536,4,0,0,34.7,23.97
2026-01-13 11:43:52.735536,136,2,0,35.8,49.27
2026-01-13 12:43:52.735536,226,2,0,35.2,50.1
2026-01-13 13:43:52.735536,213,2,0,35.2,49.57
2026-01-13 14:43:52.735536,144,2,0,35.4,48.18
2026-01-13 15:43:52.735536,61,3,0,34.4,30.09
2026-01-13 16:43:52.735536,55,3,0,33.2,29.6
2026-01-13 17:43:52.735536,57,3,0,31.7,28.5
2026-01-13 18:43:52.735536,5,0,0,29.5,20.05
2026-01-13 19:43:52.735536,116,4,0,27.4,39.33
2026-01-13 20:43:52.735536,180,4,0,24.6,38.88
2026-01-13 21:43:52.735536,108,4,0,24.1,36.41
2026-01-13 22:43:52.735536,4,0,0,23.8,20.59
2026-01-13 23:43:52.735536,4,0,0,26.2,18.56
2026-01-14 00:43:52.735536,4,0,0,22.6,17.56
2026-01-14 01:43:52.735536,5,0,0,27.2,18.68
2026-01-14 02:43:52.735536,4,0,0,24.3,16.66
2026-01-14 03:43:52.735536,5,0,0,28.1,18.51
2026-01-14 04:43:52.735536,4,0,0,29.3,18.56
2026-01-14 05:43:52.735536,4,0,0,29.4,18.26
2026-01-14 06:43:52.735536,3,0,0,28.8,19.54
2026-01-14 07:43:52.735536,57,1,0,31.3,33.0
2026-01-14 08:43:52.735536,67,1,0,34.9,34.12
2026-01-14 09:43:52.735536,49,1,0,34.8,34.07
2026-01-14 10:43:52.735536,4,0,0,34.8,24.18
2026-01-14 11:43:52.735536,191,2,0,35.0,48.08
2026-01-14 12:43:52.735536,212,2,0,36.4,48.2
2026-01-14 13:43:52.735536,264,2,0,33.9,49.17
2026-01-14 14:43:52.735536,214,2,0,35.3,50.36
2026-01-14 15:43:52.735536,55,3,0,35.5,29.77
2026-01-14 16:43:52.735536,54,3,0,32.2,28.52
2026-01-14 17:43:52.735536,53,3,0,32.6,28.15
2026-01-14 18:43:52.735536,4,0,0,30.7,22.37
2026-01-14 19:43:52.735536,107,4,0,29.2,39.02
2026-01-14 20:43:52.735536,114,4,0,28.6,40.05
2026-01-14 21:43:52.735536,134,4,0,26.2,40.03
2026-01-14 22:43:52.735536,5,0,0,27.3,19.68
2026-01-14 23:43:52.735536,3,0,0,24.4,16.79
2026-01-15 00:43:52.735536,5,0,0,26.0,17.24
2026-01-15 01:43:52.735536,4,0,0,24.0,16.06
2026-01-15 02:43:52.735536,3,0,0,25.0,17.73
2026-01-15 03:43:52.735536,5,0,0,25.2,17.77
2026-01-15 04:43:52.735536,4,0,0,27.3,17.32
2026-01-15 05:43:52.735536,4,0,0,26.9,16.96
2026-01-15 06:43:52.735536,5,0,0,30.4,22.29
2026-01-15 07:43:52.735536,61,1,0,32.2,33.02
2026-01-15 08:43:52.735536,81,1,0,31.7,33.42
2026-01-15 09:43:52.735536,51,1,0,33.3,33.58
2026-01-15 10:43:52.735536,4,0,0,36.3,24.77
2026-01-15 11:43:52.735536,148,2,0,36.4,48.57
2026-01-15 12:43:52.735536,162,2,0,35.5,48.6
2026-01-15 13:43:52.735536,193,2,0,36.7,49.11
2026-01-15 14:43:52.735536,149,2,0,36.2,48.8
2026-01-15 15:43:52.735536,50,3,0,37.0,30.95
2026-01-15 16:43:52.735536,55,3,0,34.5,29.45
2026-01-15 17:43:52.735536,55,3,0,31.0,28.12
2026-01-15 18:43:52.735536,5,0,0,31.7,21.91
2026-01-15 19:43:52.735536,120,4,0,29.0,39.13
2026-01-15 20:43:52.735536,156,4,0,28.0,42.09
2026-01-15 21:43:52.735536,108,4,0,27.0,38.78
2026-01-15 22:43:52.735536,4,0,0,25.1,20.97
2026-01-15 23:43:52.735536,4,0,0,26.1,17.96
2026-01-16 00:43:52.735536,4,0,0,24.2,16.91
2026-01-16 01:43:52.735536,5,0,0,25.8,18.03
2026-01-16 02:43:52.735536,5,0,0,24.1,17.89
2026-01-16 03:43:52.735536,5,0,0,26.7,18.34
2026-01-16 04:43:52.735536,5,0,0,28.5,18.66
2026-01-16 05:43:52.735536,5,0,0,28.9,17.72
2026-01-16 06:43:52.735536,5,0,0,32.0,21.76
2026-01-16 07:43:52.735536,59,1,0,31.0,32.22
2026-01-16 08:43:52.735536,86,1,0,33.8,33.49
2026-01-16 09:43:52.735536,50,1,0,35.1,33.59
2026-01-16 10:43:52.735536,5,0,0,36.4,24.52
2026-01-16 11:43:52.735536,152,2,0,36.6,48.63
2026-01-16 12:43:52.735536,238,2,0,38.5,51.41
2026-01-16 13:43:52.735536,165,2,0,35.6,47.52
2026-01-16 14:43:52.735536,133,2,0,36.8,47.86
2026-01-16 15:43:52.735536,56,3,0,34.3,29.97
2026-01-16 16:43:52.735536,63,3,0,34.7,29.02
2026-01-16 17:43:52.735536,67,3,0,33.0,28.04
2026-01-16 18:43:52.735536,5,0,0,29.3,21.65
2026-01-16 19:43:52.735536,119,4,0,28.8,41.1
2026-01-16 20:43:52.735536,170,4,0,26.9,38.86
2026-01-16 21:43:52.735536,112,4,0,26.8,39.54
2026-01-16 22:43:52.735536,4,0,0,25.7,20.95
2026-01-16 23:43:52.735536,4,0,0,26.4,17.97
2026-01-17 00:43:52.735536,5,0,1,24.4,17.06
2026-01-17 01:43:52.735536,5,0,1,25.8,17.38
2026-01-17 02:43:52.735536,4,0,1,26.1,18.66
2026-01-17 03:43:52.735536,4,0,1,28.4,19.23
2026-01-17 04:43:52.735536,4,0,1,27.7,19.28
2026-01-17 05:43:52.735536,4,0,1,29.7,19.72
2026-01-17 06:43:52.735536,5,0,1,30.9,22.45
2026-01-17 07:43:52.735536,44,1,1,33.5,33.37
2026-01-17 08:43:52.735536,44,1,1,34.4,33.95
2026-01-17 09:43:52.735536,39,1,1,33.7,32.67
2026-01-17 10:43:52.735536,4,0,1,35.1,23.43
2026-01-17 11:43:52.735536,101,2,1,36.9,46.97
2026-01-17 12:43:52.735536,107,2,1,38.0,48.65
2026-01-17 13:43:52.735536,106,2,1,37.4,48.34
2026-01-17 14:43:52.735536,107,2,1,36.6,50.6
2026-01-17 15:43:52.735536,34,3,1,35.5,28.79
2026-01-17 16:43:52.735536,32,3,1,35.0,31.01
2026-01-17 17:43:52.735536,35,3,1,32.3,29.01
2026-01-17 18:43:52.735536,5,0,1,31.0,23.03
2026-01-17 19:43:52.735536,103,4,1,27.5,39.33
2026-01-17 20:43:52.735536,85,4,1,26.6,38.89
2026-01-17 21:43:52.735536,105,4,1,29.0,40.46
2026-01-17 22:43:52.735536,4,0,1,25.5,19.57
2026-01-17 23:43:52.735536,5,0,1,24.3,18.27
2026-01-18 00:43:52.735536,5,0,1,25.7,17.77
2026-01-18 01:43:52.735536,5,0,1,27.3,18.92
2026-01-18 02:43:52.735536,5,0,1,27.1,17.56
2026-01-18 03:43:52.735536,3,0,1,28.8,19.3
2026-01-18 04:43:52.735536,5,0,1,28.2,18.85
2026-01-18 05:43:52.735536,5,0,1,28.7,20.13
2026-01-18 06:43:52.735536,5,0,1,28.2,22.22
2026-01-18 07:43:52.735536,38,1,1,32.6,32.26
2026-01-18 08:43:52.735536,44,1,1,32.0,31.97
2026-01-18 09:43:52.735536,44,1,1,36.5,34.3
2026-01-18 10:43:52.735536,4,0,1,35.1,23.3
2026-01-18 11:43:52.735536,94,2,1,36.7,47.92
2026-01-18 12:43:52.735536,96,2,1,37.6,48.67
2026-01-18 13:43:52.735536,80,2,1,37.5,46.36
2026-01-18 14:43:52.735536,92,2,1,34.4,48.0
2026-01-18 15:43:52.735536,32,3,1,33.6,27.91
2026-01-18 16:43:52.735536,36,3,1,33.0,29.14
2026-01-18 17:43:52.735536,34,3,1,33.6,29.72
2026-01-18 18:43:52.735536,4,0,1,31.4,24.09
2026-01-18 19:43:52.735536,79,4,1,28.3,39.16
2026-01-18 20:43:52.735536,82,4,1,28.0,39.18
2026-01-18 21:43:52.735536,79,4,1,25.7,39.12
2026-01-18 22:43:52.735536,4,0,1,28.8,21.16
2026-01-18 23:43:52.735536,4,0,1,24.2,17.79
2026-01-19 00:43:52.735536,3,0,0,24.5,17.75
2026-01-19 01:43:52.735536,4,0,0,25.6,17.69
2026-01-19 02:43:52.735536,4,0,0,26.1,18.69
2026-01-19 03:43:52.735536,5,0,0,26.3,18.88
2026-01-19 04:43:52.735536,4,0,0,28.3,17.31
2026-01-19 05:43:52.735536,4,0,0,29.1,19.37
2026-01-19 06:43:52.735536,5,0,0,29.8,22.89
2026-01-19 07:43:52.735536,44,1,0,32.0,33.62
2026-01-19 08:43:52.735536,78,1,0,32.3,34.0
2026-01-19 09:43:52.735536,61,1,0,37.5,34.96
2026-01-19 10:43:52.735536,4,0,0,36.2,24.69
2026-01-19 11:43:52.735536,144,2,0,34.7,48.14
2026-01-19 12:43:52.735536,179,2,0,38.9,49.41
2026-01-19 13:43:52.735536,204,2,0,38.0,49.82
2026-01-19 14:43:52.735536,125,2,0,37.0,47.94
2026-01-19 15:43:52.735536,63,3,0,37.0,30.83
2026-01-19 16:43:52.735536,58,3,0,35.7,31.8
2026-01-19 17:43:52.735536,59,3,0,32.8,28.18
2026-01-19 18:43:52.735536,4,0,0,29.6,21.69
2026-01-19 19:43:52.735536,117,4,0,29.3,40.1
2026-01-19 20:43:52.735536,169,4,0,26.6,39.61
2026-01-19 21:43:52.735536,113,4,0,24.9,39.19
2026-01-19 22:43:52.735536,4,0,0,26.7,20.32
2026-01-19 23:43:52.735536,5,0,0,23.8,18.22
2026-01-20 00:43:52.735536,5,0,0,25.8,18.1
2026-01-20 01:43:52.735536,4,0,0,25.1,17.66
2026-01-20 02:43:52.735536,4,0,0,25.0,18.7
2026-01-20 03:43:52.735536,4,0,0,25.9,18.6
2026-01-20 04:43:52.735536,4,0,0,29.0,18.51
2026-01-20 05:43:52.735536,4,0,0,30.5,20.1
2026-01-20 06:43:52.735536,4,0,0,29.9,22.01
2026-01-20 07:43:52.735536,43,1,0,32.7,31.87
2026-01-20 08:43:52.735536,83,1,0,35.8,34.57
2026-01-20 09:43:52.735536,53,1,0,35.2,32.7
2026-01-20 10:43:52.735536,4,0,0,37.2,24.47
2026-01-20 11:43:52.735536,160,2,0,37.4,49.01
2026-01-20 12:43:52.735536,187,2,0,37.2,49.53
2026-01-20 13:43:52.735536,186,2,0,37.4,49.07
2026-01-20 14:43:52.735536,140,2,0,37.5,49.8
2026-01-20 15:43:52.735536,61,3,0,32.6,28.79
2026-01-20 16:43:52.735536,67,3,0,35.4,29.68
2026-01-20 17:43:52.735536,53,3,0,32.2,29.17
2026-01-20 18:43:52.735536,4,0,0,31.2,20.86
2026-01-20 19:43:52.735536,128,4,0,29.3,40.2
2026-01-20 20:43:52.735536,115,4,0,28.6,39.85
2026-01-20 21:43:52.735536,117,4,0,26.5,39.9
2026-01-20 22:43:52.735536,4,0,0,27.3,21.61
2026-01-20 23:43:52.735536,5,0,0,25.7,17.22
2026-01-21 00:43:52.735536,5,0,0,24.2,17.17
2026-01-21 01:43:52.735536,5,0,0,25.4,17.52
2026-01-21 02:43:52.735536,5,0,0,27.3,19.06
2026-01-21 03:43:52.735536,5,0,0,26.1,18.59
2026-01-21 04:43:52.735536,4,0,0,28.6,18.83
2026-01-21 05:43:52.735536,4,0,0,28.3,17.29
2026-01-21 06:43:52.735536,5,0,0,30.4,21.56
2026-01-21 07:43:52.735536,57,1,0,28.7,31.41
2026-01-21 08:43:52.735536,95,1,0,33.0,34.82
2026-01-21 09:43:52.735536,61,1,0,36.5,33.35
2026-01-21 10:43:52.735536,5,0,0,33.7,22.41
2026-01-21 11:43:52.735536,157,2,0,38.3,50.23
2026-01-21 12:43:52.735536,253,2,0,37.2,50.29
2026-01-21 13:43:52.735536,234,2,0,39.0,51.97
2026-01-21 14:43:52.735536,167,2,0,36.5,49.33
2026-01-21 15:43:52.735536,54,3,0,35.6,29.39
2026-01-21 16:43:52.735536,60,3,0,32.2,27.53
2026-01-21 17:43:52.735536,65,3,0,34.2,29.14
2026-01-21 18:43:52.735536,4,0,0,33.0,22.79
2026-01-21 19:43:52.735536,145,4,0,30.3,41.02
2026-01-21 20:43:52.735536,168,4,0,29.6,40.96
2026-01-21 21:43:52.735536,102,4,0,26.6,38.93
2026-01-21 22:43:52.735536,4,0,0,25.1,20.71
2026-01-21 23:43:52.735536,5,0,0,25.1,18.2
2026-01-22 00:43:52.735536,5,0,0,24.3,15.86
2026-01-22 01:43:52.735536,5,0,0,26.0,17.8
2026-01-22 02:43:52.735536,5,0,0,23.9,17.08
2026-01-22 03:43:52.735536,4,0,0,26.9,18.09
2026-01-22 04:43:52.735536,4,0,0,29.4,18.97
2026-01-22 05:43:52.735536,4,0,0,27.6,16.33
2026-01-22 06:43:52.735536,4,0,0,31.3,21.93
2026-01-22 07:43:52.735536,54,1,0,31.9,33.23
2026-01-22 08:43:52.735536,73,1,0,35.6,34.91
2026-01-22 09:43:52.735536,55,1,0,34.6,33.74
2026-01-22 10:43:52.735536,5,0,0,36.6,23.34
2026-01-22 11:43:52.735536,146,2,0,36.4,48.11
2026-01-22 12:43:52.735536,221,2,0,36.2,49.06
2026-01-22 13:43:52.735536,180,2,0,35.8,49.45
2026-01-22 14:43:52.735536,166,2,0,33.6,47.63
2026-01-22 15:43:52.735536,65,3,0,36.0,30.99
2026-01-22 16:43:52.735536,51,3,0,33.1,29.24
2026-01-22 17:43:52.735536,62,3,0,33.5,29.35
2026-01-22 18:43:52.735536,5,0,0,30.6,21.53
2026-01-22 19:43:52.735536,120,4,0,29.9,39.13
2026-01-22 20:43:52.735536,204,4,0,29.7,40.97
2026-01-22 21:43:52.735536,118,4,0,24.8,38.53
2026-01-22 22:43:52.735536,5,0,0,27.6,22.08
2026-01-22 23:43:52.735536,5,0,0,25.5,18.24
2026-01-23 00:43:52.735536,5,0,0,26.4,17.94
2026-01-23 01:43:52.735536,4,0,0,24.9,17.75
2026-01-23 02:43:52.735536,4,0,0,25.7,17.53
2026-01-23 03:43:52.735536,5,0,0,25.7,18.72
2026-01-23 04:43:52.735536,5,0,0,28.3,18.34
2026-01-23 05:43:52.735536,5,0,0,28.7,19.61
2026-01-23 06:43:52.735536,4,0,0,28.7,23.58
2026-01-23 07:43:52.735536,64,1,0,31.3,32.22
2026-01-23 08:43:52.735536,88,1,0,31.8,33.47
2026-01-23 09:43:52.735536,60,1,0,36.0,34.6
2026-01-23 10:43:52.735536,5,0,0,36.8,24.52
2026-01-23 11:43:52.735536,145,2,0,36.8,46.45
2026-01-23 12:43:52.735536,141,2,0,34.8,47.9
2026-01-23 13:43:52.735536,180,2,0,36.4,49.03
2026-01-23 14:43:52.735536,119,2,0,35.8,48.45
2026-01-23 15:43:52.735536,67,3,0,34.9,28.98
2026-01-23 16:43:52.735536,62,3,0,32.9,28.0
2026-01-23 17:43:52.735536,58,3,0,30.7,29.38
2026-01-23 18:43:52.735536,6,0,0,32.0,23.19
2026-01-23 19:43:52.735536,108,4,0,28.8,39.78
2026-01-23 20:43:52.735536,174,4,0,28.4,40.9
2026-01-23 21:43:52.735536,97,4,0,25.4,37.33
2026-01-23 22:43:52.735536,5,0,0,25.3,20.12
2026-01-23 23:43:52.735536,4,0,0,25.0,18.07
2026-01-24 00:43:52.735536,5,0,1,23.7,16.18
2026-01-24 01:43:52.735536,5,0,1,27.3,18.8
2026-01-24 02:43:52.735536,5,0,1,25.5,18.53
2026-01-24 03:43:52.735536,6,0,1,24.6,17.47
2026-01-24 04:43:52.735536,4,0,1,26.8,18.34
2026-01-24 05:43:52.735536,4,0,1,26.3,18.86
2026-01-24 06:43:52.735536,5,0,1,31.1,21.7
2026-01-24 07:43:52.735536,37,1,1,32.1,33.19
2026-01-24 08:43:52.735536,35,1,1,31.9,31.34
2026-01-24 09:43:52.735536,41,1,1,34.8,33.26
2026-01-24 10:43:52.735536,5,0,1,34.2,22.74
2026-01-24 11:43:52.735536,100,2,1,36.0,48.18
2026-01-24 12:43:52.735536,97,2,1,37.3,46.34
2026-01-24 13:43:52.735536,90,2,1,36.3,47.32
2026-01-24 14:43:52.735536,107,2,1,35.7,46.63
2026-01-24 15:43:52.735536,37,3,1,32.8,28.39
2026-01-24 16:43:52.735536,38,3,1,33.9,29.06
2026-01-24 17:43:52.735536,37,3,1,30.4,27.29
2026-01-24 18:43:52.735536,5,0,1,31.3,21.67
2026-01-24 19:43:52.735536,90,4,1,29.6,40.03
2026-01-24 20:43:52.735536,66,4,1,29.0,41.52
2026-01-24 21:43:52.735536,94,4,1,23.1,36.65
2026-01-24 22:43:52.735536,5,0,1,24.7,19.77
2026-01-24 23:43:52.735536,5,0,1,25.7,17.62
2026-01-25 00:43:52.735536,4,0,1,23.0,16.97
2026-01-25 01:43:52.735536,4,0,1,22.4,18.45
2026-01-25 02:43:52.735536,4,0,1,23.2,18.59
2026-01-25 03:43:52.735536,3,0,1,24.3,17.06
2026-01-25 04:43:52.735536,4,0,1,24.6,14.91
2026-01-25 05:43:52.735536,4,0,1,28.8,19.02
2026-01-25 06:43:52.735536,5,0,1,30.0,21.64
2026-01-25 07:43:52.735536,41,1,1,31.3,31.54
2026-01-25 08:43:52.735536,31,1,1,32.7,31.96
2026-01-25 09:43:52.735536,43,1,1,33.6,33.32
2026-01-25 10:43:52.735536,5,0,1,37.7,25.57
2026-01-25 11:43:52.735536,88,2,1,35.4,46.29
2026-01-25 12:43:52.735536,106,2,1,37.2,46.67
2026-01-25 13:43:52.735536,94,2,1,35.6,48.25
2026-01-25 14:43:52.735536,93,2,1,34.8,45.86
2026-01-25 15:43:52.735536,36,3,1,32.6,26.97
2026-01-25 16:43:52.735536,38,3,1,31.8,29.52
2026-01-25 17:43:52.735536,32,3,1,31.9,27.88
2026-01-25 18:43:52.735536,4,0,1,31.3,21.83
2026-01-25 19:43:52.735536,106,4,1,27.5,38.9
2026-01-25 20:43:52.735536,97,4,1,28.1,39.9
2026-01-25 21:43:52.735536,90,4,1,24.6,36.99
2026-01-25 22:43:52.735536,5,0,1,23.7,20.89
2026-01-25 23:43:52.735536,4,0,1,23.0,16.5
2026-01-26 00:43:52.735536,4,0,0,24.0,16.6
2026-01-26 01:43:52.735536,4,0,0,23.8,18.05
2026-01-26 02:43:52.735536,4,0,0,25.7,17.61
2026-01-26 03:43:52.735536,5,0,0,25.5,17.17
2026-01-26 04:43:52.735536,5,0,0,27.3,18.1
2026-01-26 05:43:52.735536,4,0,0,27.6,18.84
2026-01-26 06:43:52.735536,5,0,0,30.4,23.45
2026-01-26 07:43:52.735536,50,1,0,31.6,33.26
2026-01-26 08:43:52.735536,64,1,0,30.3,33.03
2026-01-26 09:43:52.735536,64,1,0,32.7,34.95
2026-01-26 10:43:52.735536,4,0,0,33.7,22.03
2026-01-26 11:43:52.735536,138,2,0,33.9,47.0
2026-01-26 12:43:52.735536,209,2,0,34.2,49.04
2026-01-26 13:43:52.735536,203,2,0,36.5,50.8
2026-01-26 14:43:52.735536,145,2,0,35.7,48.41
2026-01-26 15:43:52.735536,52,3,0,33.8,28.96
2026-01-26 16:43:52.735536,55,3,0,32.6,28.8
2026-01-26 17:43:52.735536,65,3,0,30.6,27.01
2026-01-26 18:43:52.735536,5,0,0,30.6,22.07
2026-01-26 19:43:52.735536,126,4,0,27.6,39.35
2026-01-26 20:43:52.735536,140,4,0,26.4,39.77
2026-01-26 21:43:52.735536,138,4,0,23.8,37.78
2026-01-26 22:43:52.735536,5,0,0,25.0,22.62
2026-01-26 23:43:52.735536,4,0,0,24.2,16.23
2026-01-27 00:43:52.735536,5,0,0,22.7,17.38
2026-01-27 01:43:52.735536,5,0,0,24.7,17.72
2026-01-27 02:43:52.735536,5,0,0,23.3,15.5
2026-01-27 03:43:52.735536,5,0,0,23.3,17.8
2026-01-27 04:43:52.735536,4,0,0,27.7,17.68
2026-01-27 05:43:52.735536,4,0,0,26.0,17.12
2026-01-27 06:43:52.735536,5,0,0,28.1,22.66
2026-01-27 07:43:52.735536,58,1,0,32.0,33.23
2026-01-27 08:43:52.735536,80,1,0,33.5,33.7
2026-01-27 09:43:52.735536,55,1,0,33.7,33.64
2026-01-27 10:43:52.735536,4,0,0,32.2,23.34
2026-01-27 11:43:52.735536,149,2,0,32.3,46.36
2026-01-27 12:43:52.735536,206,2,0,35.2,50.04
2026-01-27 13:43:52.735536,231,2,0,34.4,48.33
2026-01-27 14:43:52.735536,148,2,0,34.8,47.7
2026-01-27 15:43:52.735536,57,3,0,32.2,29.32
2026-01-27 16:43:52.735536,61,3,0,33.8,31.3
2026-01-27 17:43:52.735536,54,3,0,29.7,26.84
2026-01-27 18:43:52.735536,5,0,0,31.0,22.83
2026-01-27 19:43:52.735536,122,4,0,25.9,39.05
2026-01-27 20:43:52.735536,156,4,0,25.7,38.65
2026-01-27 21:43:52.735536,119,4,0,22.6,36.83
2026-01-27 22:43:52.735536,5,0,0,25.4,20.42
2026-01-27 23:43:52.735536,4,0,0,24.2,17.06
2026-01-28 00:43:52.735536,4,0,0,23.3,17.94
2026-01-28 01:43:52.735536,4,0,0,23.3,16.98
2026-01-28 02:43:52.735536,4,0,0,22.6,16.81
2026-01-28 03:43:52.735536,5,0,0,22.3,17.74
2026-01-28 04:43:52.735536,5,0,0,25.5,17.99
2026-01-28 05:43:52.735536,4,0,0,27.2,18.07
2026-01-28 06:43:52.735536,4,0,0,30.0,21.44
2026-01-28 07:43:52.735536,62,1,0,31.5,33.61
2026-01-28 08:43:52.735536,84,1,0,32.2,32.44
2026-01-28 09:43:52.735536,46,1,0,33.2,33.83
2026-01-28 10:43:52.735536,4,0,0,32.6,21.1
2026-01-28 11:43:52.735536,193,2,0,34.1,47.74
2026-01-28 12:43:52.735536,249,2,0,35.6,49.07
2026-01-28 13:43:52.735536,271,2,0,33.1,50.42
2026-01-28 14:43:52.735536,182,2,0,34.1,46.95
2026-01-28 15:43:52.735536,66,3,0,35.1,30.45
2026-01-28 16:43:52.735536,61,3,0,31.2,29.07
2026-01-28 17:43:52.735536,51,3,0,29.8,27.5
2026-01-28 18:43:52.735536,5,0,0,29.3,22.98
2026-01-28 19:43:52.735536,123,4,0,27.1,39.04
2026-01-28 20:43:52.735536,166,4,0,22.6,39.4
2026-01-28 21:43:52.735536,137,4,0,23.4,39.54
2026-01-28 22:43:52.735536,4,0,0,23.5,18.88
2026-01-28 23:43:52.735536,4,0,0,22.5,17.44
2026-01-29 00:43:52.735536,4,0,0,24.7,16.59
2026-01-29 01:43:52.735536,4,0,0,20.7,17.72
2026-01-29 02:43:52.735536,4,0,0,22.5,18.06
2026-01-29 03:43:52.735536,5,0,0,22.4,17.1
2026-01-29 04:43:52.735536,4,0,0,24.8,18.51
2026-01-29 05:43:52.735536,4,0,0,23.7,16.05
2026-01-29 06:43:52.735536,5,0,0,28.2,20.6
2026-01-29 07:43:52.735536,60,1,0,28.7,32.44
2026-01-29 08:43:52.735536,87,1,0,31.1,33.84
2026-01-29 09:43:52.735536,61,1,0,30.1,31.67
2026-01-29 10:43:52.735536,4,0,0,32.5,22.33
2026-01-29 11:43:52.735536,161,2,0,32.7,47.46
2026-01-29 12:43:52.735536,200,2,0,33.5,47.72
2026-01-29 13:43:52.735536,195,2,0,34.3,47.77
2026-01-29 14:43:52.735536,159,2,0,31.7,46.38
2026-01-29 15:43:52.735536,64,3,0,32.5,29.37
2026-01-29 16:43:52.735536,67,3,0,30.3,28.99
2026-01-29 17:43:52.735536,57,3,0,28.1,27.75
2026-01-29 18:43:52.735536,5,0,0,27.8,20.58
2026-01-29 19:43:52.735536,121,4,0,25.4,37.52
2026-01-29 20:43:52.735536,141,4,0,24.6,38.12
2026-01-29 21:43:52.735536,108,4,0,24.1,38.53
2026-01-29 22:43:52.735536,5,0,0,23.9,19.34
2026-01-29 23:43:52.735536,5,0,0,23.4,18.19
2026-01-30 00:43:52.735536,5,0,0,23.6,18.1
2026-01-30 01:43:52.735536,4,0,0,21.8,17.68
2026-01-30 02:43:52.735536,4,0,0,24.2,17.07
2026-01-30 03:43:52.735536,4,0,0,25.3,17.16
2026-01-30 04:43:52.735536,4,0,0,24.4,18.25
2026-01-30 05:43:52.735536,4,0,0,23.2,17.0
2026-01-30 06:43:52.735536,5,0,0,25.7,19.99
2026-01-30 07:43:52.735536,57,1,0,29.9,33.65
2026-01-30 08:43:52.735536,69,1,0,32.4,32.65
2026-01-30 09:43:52.735536,52,1,0,32.9,31.95
2026-01-30 10:43:52.735536,5,0,0,34.1,22.53
2026-01-30 11:43:52.735536,137,2,0,33.6,47.1
2026-01-30 12:43:52.735536,164,2,0,32.7,46.83
2026-01-30 13:43:52.735536,212,2,0,32.4,47.2
2026-01-30 14:43:52.735536,156,2,0,32.3,46.21
2026-01-30 15:43:52.735536,66,3,0,34.1,29.58
2026-01-30 16:43:52.735536,59,3,0,30.0,27.73
2026-01-30 17:43:52.735536,53,3,0,27.5,26.4
2026-01-30 18:43:52.735536,5,0,0,29.5,22.8
2026-01-30 19:43:52.735536,111,4,0,25.3,37.91
2026-01-30 20:43:52.735536,145,4,0,23.5,38.67
2026-01-30 21:43:52.735536,104,4,0,23.2,35.66
2026-01-30 22:43:52.735536,5,0,0,23.1,20.78
2026-01-30 23:43:52.735536,4,0,0,20.3,17.9
2026-01-31 00:43:52.735536,5,0,1,21.5,17.09
2026-01-31 01:43:52.735536,4,0,1,22.0,17.5
2026-01-31 02:43:52.735536,5,0,1,22.8,16.72
2026-01-31 03:43:52.735536,4,0,1,22.5,17.56
2026-01-31 04:43:52.735536,5,0,1,22.4,18.26
2026-01-31 05:43:52.735536,5,0,1,26.2,18.22
2026-01-31 06:43:52.735536,4,0,1,28.6,21.06
2026-01-31 07:43:52.735536,41,1,1,29.1,31.09
2026-01-31 08:43:52.735536,40,1,1,27.9,30.88
2026-01-31 09:43:52.735536,41,1,1,31.1,31.67
2026-01-31 10:43:52.735536,5,0,1,33.2,22.87
2026-01-31 11:43:52.735536,87,2,1,30.4,44.3
2026-01-31 12:43:52.735536,116,2,1,31.1,43.46
2026-01-31 13:43:52.735536,100,2,1,31.7,44.96
2026-01-31 14:43:52.735536,91,2,1,32.6,44.49
2026-01-31 15:43:52.735536,34,3,1,30.1,28.68
2026-01-31 16:43:52.735536,42,3,1,29.0,27.47
2026-01-31 17:43:52.735536,34,3,1,28.6,27.51
2026-01-31 18:43:52.735536,4,0,1,27.3,21.63
2026-01-31 19:43:52.735536,86,4,1,25.5,39.2
2026-01-31 20:43:52.735536,99,4,1,23.9,36.78
2026-01-31 21:43:52.735536,102,4,1,21.5,38.71
2026-01-31 22:43:52.735536,5,0,1,21.6,21.5
2026-01-31 23:43:52.735536,5,0,1,20.5,19.15
2026-02-01 00:43:52.735536,4,0,1,20.6,17.4
2026-02-01 01:43:52.735536,4,0,1,18.4,17.71
2026-02-01 02:43:52.735536,4,0,1,21.0,19.12
2026-02-01 03:43:52.735536,4,0,1,19.7,17.74
2026-02-01 04:43:52.735536,4,0,1,26.4,17.34
2026-02-01 05:43:52.735536,4,0,1,25.1,15.99
2026-02-01 06:43:52.735536,4,0,1,26.3,21.66
2026-02-01 07:43:52.735536,33,1,1,27.7,32.48
2026-02-01 08:43:52.735536,43,1,1,30.6,31.09
2026-02-01 09:43:52.735536,39,1,1,28.9,32.57
2026-02-01 10:43:52.735536,4,0,1,30.9,23.48
2026-02-01 11:43:52.735536,87,2,1,33.9,45.94
2026-02-01 12:43:52.735536,97,2,1,32.4,46.19
2026-02-01 13:43:52.735536,98,2,1,32.2,45.65
2026-02-01 14:43:52.735536,92,2,1,34.4,47.37
2026-02-01 15:43:52.735536,30,3,1,30.4,28.16
2026-02-01 16:43:52.735536,37,3,1,30.7,28.44
2026-02-01 17:43:52.735536,33,3,1,27.7,27.62
2026-02-01 18:43:52.735536,5,0,1,26.4,21.12
2026-02-01 19:43:52.735536,93,4,1,24.5,37.46
2026-02-01 20:43:52.735536,77,4,1,25.3,36.57
2026-02-01 21:43:52.735536,80,4,1,22.0,38.65
2026-02-01 22:43:52.735536,5,0,1,21.2,21.63
2026-02-01 23:43:52.735536,4,0,1,20.8,18.01
2026-02-02 00:43:52.735536,4,0,0,19.0,20.07
2026-02-02 01:43:52.735536,3,0,0,18.5,20.01
2026-02-02 02:43:52.735536,5,0,0,21.1,18.61
2026-02-02 03:43:52.735536,4,0,0,21.8,16.68
2026-02-02 04:43:52.735536,5,0,0,24.1,16.44
2026-02-02 05:43:52.735536,6,0,0,25.4,17.47
2026-02-02 06:43:52.735536,5,0,0,25.6,18.97
2026-02-02 07:43:52.735536,50,1,0,26.8,30.48
2026-02-02 08:43:52.735536,85,1,0,29.8,33.95
2026-02-02 09:43:52.735536,47,1,0,30.3,30.76
2026-02-02 10:43:52.735536,4,0,0,31.7,21.59
2026-02-02 11:43:52.735536,127,2,0,31.2,45.27
2026-02-02 12:43:52.735536,207,2,0,33.2,48.43
2026-02-02 13:43:52.735536,179,2,0,29.9,45.4
2026-02-02 14:43:52.735536,111,2,0,32.1,45.07
2026-02-02 15:43:52.735536,60,3,0,29.3,27.06
2026-02-02 16:43:52.735536,60,3,0,28.8,26.5
2026-02-02 17:43:52.735536,57,3,0,27.3,27.41
2026-02-02 18:43:52.735536,4,0,0,26.3,20.19
2026-02-02 19:43:52.735536,113,4,0,22.4,37.5
2026-02-02 20:43:52.735536,178,4,0,22.2,39.45
2026-02-02 21:43:52.735536,107,4,0,19.3,39.02
2026-02-02 22:43:52.735536,4,0,0,19.0,20.72
2026-02-02 23:43:52.735536,4,0,0,18.9,17.37
2026-02-03 00:43:52.735536,5,0,0,19.0,19.28
2026-02-03 01:43:52.735536,4,0,0,19.2,17.95
2026-02-03 02:43:52.735536,6,0,0,19.7,18.95
2026-02-03 03:43:52.735536,5,0,0,22.1,18.87
2026-02-03 04:43:52.735536,4,0,0,23.5,18.19
2026-02-03 05:43:52.735536,4,0,0,22.4,16.86
2026-02-03 06:43:52.735536,4,0,0,25.7,20.56
2026-02-03 07:43:52.735536,61,1,0,27.2,30.95
2026-02-03 08:43:52.735536,80,1,0,29.0,32.76
2026-02-03 09:43:52.735536,50,1,0,29.9,32.23
2026-02-03 10:43:52.735536,4,0,0,29.1,21.24
2026-02-03 11:43:52.735536,130,2,0,28.5,43.43
2026-02-03 12:43:52.735536,214,2,0,31.4,47.97
2026-02-03 13:43:52.735536,157,2,0,30.0,45.84
2026-02-03 14:43:52.735536,127,2,0,30.9,45.52
2026-02-03 15:43:52.735536,60,3,0,25.9,27.54
2026-02-03 16:43:52.735536,57,3,0,24.7,26.1
2026-02-03 17:43:52.735536,65,3,0,27.0,27.62
2026-02-03 18:43:52.735536,4,0,0,25.9,20.6
2026-02-03 19:43:52.735536,113,4,0,25.6,38.02
2026-02-03 20:43:52.735536,158,4,0,21.3,39.41
2026-02-03 21:43:52.735536,119,4,0,22.1,38.93
2026-02-03 22:43:52.735536,4,0,0,18.7,22.22
2026-02-03 23:43:52.735536,5,0,0,19.8,19.18
2026-02-04 00:43:52.735536,4,0,0,16.4,18.81
2026-02-04 01:43:52.735536,4,0,0,16.0,21.63
2026-02-04 02:43:52.735536,4,0,0,20.4,16.27
2026-02-04 03:43:52.735536,5,0,0,18.6,18.12
2026-02-04 04:43:52.735536,4,0,0,23.4,16.77
2026-02-04 05:43:52.735536,4,0,0,23.6,17.34
2026-02-04 06:43:52.735536,5,0,0,23.4,19.85
2026-02-04 07:43:52.735536,55,1,0,26.8,29.6
2026-02-04 08:43:52.735536,83,1,0,27.7,31.16
2026-02-04 09:43:52.735536,57,1,0,27.1,31.13
2026-02-04 10:43:52.735536,4,0,0,29.7,21.22
2026-02-04 11:43:52.735536,152,2,0,30.1,44.87
2026-02-04 12:43:52.735536,231,2,0,30.1,46.39
2026-02-04 13:43:52.735536,235,2,0,28.9,46.35
2026-02-04 14:43:52.735536,177,2,0,28.6,45.56
2026-02-04 15:43:52.735536,44,3,0,29.3,27.67
2026-02-04 16:43:52.735536,61,3,0,28.3,26.79
2026-02-04 17:43:52.735536,60,3,0,24.3,25.8
2026-02-04 18:43:52.735536,4,0,0,24.1,19.24
2026-02-04 19:43:52.735536,113,4,0,20.3,39.46
2026-02-04 20:43:52.735536,160,4,0,19.6,40.8
2026-02-04 21:43:52.735536,116,4,0,19.1,39.62
2026-02-04 22:43:52.735536,5,0,0,18.0,22.76
2026-02-04 23:43:52.735536,4,0,0,18.3,18.4
2026-02-05 00:43:52.735536,4,0,0,19.2,19.0
2026-02-05 01:43:52.735536,5,0,0,20.3,18.71
2026-02-05 02:43:52.735536,5,0,0,19.9,20.13
2026-02-05 03:43:52.735536,4,0,0,22.6,17.74
2026-02-05 04:43:52.735536,5,0,0,20.0,20.08
2026-02-05 05:43:52.735536,5,0,0,20.1,18.07
2026-02-05 06:43:52.735536,6,0,0,24.9,20.35
2026-02-05 07:43:52.735536,56,1,0,23.2,29.85
2026-02-05 08:43:52.735536,71,1,0,27.7,31.46
2026-02-05 09:43:52.735536,57,1,0,28.6,32.24
2026-02-05 10:43:52.735536,5,0,0,32.2,23.6
2026-02-05 11:43:52.735536,141,2,0,30.0,43.53
2026-02-05 12:43:52.735536,181,2,0,29.6,46.59
2026-02-05 13:43:52.735536,207,2,0,29.2,47.03
2026-02-05 14:43:52.735536,140,2,0,29.2,44.16
2026-02-05 15:43:52.735536,65,3,0,29.6,28.91
2026-02-05 16:43:52.735536,54,3,0,27.4,27.11
2026-02-05 17:43:52.735536,67,3,0,24.9,26.53
2026-02-05 18:43:52.735536,4,0,0,23.0,18.8
2026-02-05 19:43:52.735536,108,4,0,20.4,40.61
2026-02-05 20:43:52.735536,130,4,0,20.8,40.6
2026-02-05 21:43:52.735536,130,4,0,19.9,40.49
2026-02-05 22:43:52.735536,4,0,0,19.0,20.45
2026-02-05 23:43:52.735536,4,0,0,16.6,20.25
2026-02-06 00:43:52.735536,4,0,0,16.5,20.3
2026-02-06 01:43:52.735536,5,0,0,18.4,17.48
2026-02-06 02:43:52.735536,4,0,0,18.9,19.52
2026-02-06 03:43:52.735536,5,0,0,18.3,18.52
2026-02-06 04:43:52.735536,4,0,0,19.5,19.53
2026-02-06 05:43:52.735536,4,0,0,22.8,17.12
2026-02-06 06:43:52.735536,5,0,0,24.8,19.21
2026-02-06 07:43:52.735536,52,1,0,27.5,30.73
2026-02-06 08:43:52.735536,72,1,0,27.0,32.37
2026-02-06 09:43:52.735536,47,1,0,28.6,31.56
2026-02-06 10:43:52.735536,4,0,0,27.2,21.17
2026-02-06 11:43:52.735536,141,2,0,31.5,46.74
2026-02-06 12:43:52.735536,170,2,0,27.7,44.87
2026-02-06 13:43:52.735536,211,2,0,28.2,46.11
2026-02-06 14:43:52.735536,141,2,0,33.0,45.98
2026-02-06 15:43:52.735536,61,3,0,26.8,26.1
2026-02-06 16:43:52.735536,67,3,0,26.4,26.83
2026-02-06 17:43:52.735536,74,3,0,23.8,25.56
2026-02-06 18:43:52.735536,4,0,0,23.1,20.87
2026-02-06 19:43:52.735536,101,4,0,19.7,39.6
2026-02-06 20:43:52.735536,159,4,0,20.7,39.24
2026-02-06 21:43:52.735536,138,4,0,21.6,39.76
2026-02-06 22:43:52.735536,5,0,0,18.1,20.93
2026-02-06 23:43:52.735536,5,0,0,17.9,19.62
2026-02-07 00:43:52.735536,4,0,1,16.7,19.49
2026-02-07 01:43:52.735536,4,0,1,17.8,18.95
2026-02-07 02:43:52.735536,4,0,1,19.4,20.48
2026-02-07 03:43:52.735536,5,0,1,18.4,18.45
2026-02-07 04:43:52.735536,5,0,1,18.2,19.11
2026-02-07 05:43:52.735536,5,0,1,18.5,18.98
2026-02-07 06:43:52.735536,5,0,1,22.2,19.7
2026-02-07 07:43:52.735536,39,1,1,24.8,29.54
2026-02-07 08:43:52.735536,43,1,1,26.6,31.19
2026-02-07 09:43:52.735536,49,1,1,28.4,31.65
2026-02-07 10:43:52.735536,4,0,1,28.6,21.81
2026-02-07 11:43:52.735536,79,2,1,31.1,44.39
2026-02-07 12:43:52.735536,123,2,1,28.7,44.23
2026-02-07 13:43:52.735536,89,2,1,29.3,43.11
2026-02-07 14:43:52.735536,106,2,1,26.4,43.17
2026-02-07 15:43:52.735536,33,3,1,25.8,27.18
2026-02-07 16:43:52.735536,34,3,1,27.4,27.03
2026-02-07 17:43:52.735536,34,3,1,22.8,26.03
2026-02-07 18:43:52.735536,5,0,1,21.4,19.35
2026-02-07 19:43:52.735536,96,4,1,21.7,38.43
2026-02-07 20:43:52.735536,97,4,1,20.2,39.0
2026-02-07 21:43:52.735536,104,4,1,18.5,41.48
2026-02-07 22:43:52.735536,4,0,1,19.4,21.79
2026-02-07 23:43:52.735536,5,0,1,16.2,21.27
2026-02-08 00:43:52.735536,5,0,1,14.0,20.14
2026-02-08 01:43:52.735536,5,0,1,15.8,18.48
2026-02-08 02:43:52.735536,5,0,1,17.2,19.03
2026-02-08 03:43:52.735536,4,0,1,17.8,19.04
2026-02-08 04:43:52.735536,4,0,1,19.3,17.75
2026-02-08 05:43:52.735536,4,0,1,18.2,17.8
2026-02-08 06:43:52.735536,5,0,1,24.0,19.15
2026-02-08 07:43:52.735536,38,1,1,23.4,29.06
2026-02-08 08:43:52.735536,43,1,1,28.3,30.0
2026-02-08 09:43:52.735536,41,1,1,25.4,30.7
2026-02-08 10:43:52.735536,4,0,1,28.2,21.38
2026-02-08 11:43:52.735536,105,2,1,28.2,43.59
2026-02-08 12:43:52.735536,114,2,1,29.3,45.5
2026-02-08 13:43:52.735536,99,2,1,28.1,41.0
2026-02-08 14:43:52.735536,103,2,1,26.8,42.61
2026-02-08 15:43:52.735536,40,3,1,25.9,24.64
2026-02-08 16:43:52.735536,37,3,1,25.6,25.95
2026-02-08 17:43:52.735536,35,3,1,24.3,24.42
2026-02-08 18:43:52.735536,6,0,1,24.0,19.53
2026-02-08 19:43:52.735536,93,4,1,20.5,37.93
2026-02-08 20:43:52.735536,69,4,1,19.9,39.3
2026-02-08 21:43:52.735536,84,4,1,16.3,42.31
2026-02-08 22:43:52.735536,5,0,1,17.5,21.25
2026-02-08 23:43:52.735536,4,0,1,15.4,19.14
2026-02-09 00:43:52.735536,4,0,0,15.8,20.49
2026-02-09 01:43:52.735536,4,0,0,15.4,21.84
2026-02-09 02:43:52.735536,5,0,0,16.2,18.77
2026-02-09 03:43:52.735536,5,0,0,17.2,19.22
2026-02-09 04:43:52.735536,5,0,0,20.8,18.24
2026-02-09 05:43:52.735536,5,0,0,21.6,18.78
2026-02-09 06:43:52.735536,5,0,0,21.0,20.21
2026-02-09 07:43:52.735536,56,1,0,20.1,33.76
2026-02-09 08:43:52.735536,69,1,0,25.0,30.12
2026-02-09 09:43:52.735536,49,1,0,27.2,29.77
2026-02-09 10:43:52.735536,4,0,0,25.1,20.4
2026-02-09 11:43:52.735536,148,2,0,28.1,45.24
2026-02-09 12:43:52.735536,200,2,0,27.2,44.99
2026-02-09 13:43:52.735536,202,2,0,27.8,44.36
2026-02-09 14:43:52.735536,110,2,0,27.1,43.11
2026-02-09 15:43:52.735536,60,3,0,27.0,26.65
2026-02-09 16:43:52.735536,54,3,0,23.0,25.88
2026-02-09 17:43:52.735536,65,3,0,22.1,26.84
2026-02-09 18:43:52.735536,6,0,0,19.8,20.42
2026-02-09 19:43:52.735536,123,4,0,22.1,39.47
2026-02-09 20:43:52.735536,167,4,0,19.8,41.27
2026-02-09 21:43:52.735536,127,4,0,16.9,40.96
2026-02-09 22:43:52.735536,4,0,0,15.5,21.06
2026-02-09 23:43:52.735536,5,0,0,15.7,20.46
2026-02-10 00:43:52.735536,4,0,0,13.6,20.74
2026-02-10 01:43:52.735536,5,0,0,14.3,20.54
2026-02-10 02:43:52.735536,5,0,0,16.1,20.27
2026-02-10 03:43:52.735536,4,0,0,14.6,19.55
2026-02-10 04:43:52.735536,4,0,0,18.5,20.09
2026-02-10 05:43:52.735536,5,0,0,19.6,18.16
2026-02-10 06:43:52.735536,4,0,0,20.2,20.1
2026-02-10 07:43:52.735536,53,1,0,20.8,31.57
2026-02-10 08:43:52.735536,98,1,0,24.4,31.5
2026-02-10 09:43:52.735536,46,1,0,28.1,31.16
2026-02-10 10:43:52.735536,4,0,0,26.1,20.82
2026-02-10 11:43:52.735536,134,2,0,25.7,41.65
2026-02-10 12:43:52.735536,230,2,0,27.6,44.46
2026-02-10 13:43:52.735536,172,2,0,26.1,42.22
2026-02-10 14:43:52.735536,128,2,0,26.4,42.61
2026-02-10 15:43:52.735536,51,3,0,26.0,26.63
2026-02-10 16:43:52.735536,66,3,0,22.7,26.75
2026-02-10 17:43:52.735536,51,3,0,22.7,27.59
2026-02-10 18:43:52.735536,5,0,0,21.3,22.37
2026-02-10 19:43:52.735536,128,4,0,17.2,41.26
2026-02-10 20:43:52.735536,161,4,0,18.6,41.14
2026-02-10 21:43:52.735536,117,4,0,19.2,39.72
2026-02-10 22:43:52.735536,5,0,0,15.8,22.77
2026-02-10 23:43:52.735536,4,0,0,15.3,20.31
2026-02-11 00:43:52.735536,5,0,0,15.9,20.1
2026-02-11 01:43:52.735536,4,0,0,15.3,20.81
2026-02-11 02:43:52.735536,4,0,0,15.8,19.68
2026-02-11 03:43:52.735536,3,0,0,14.2,19.83
2026-02-11 04:43:52.735536,5,0,0,14.9,20.49
2026-02-11 05:43:52.735536,5,0,0,19.1,18.19
2026-02-11 06:43:52.735536,4,0,0,20.5,20.73
2026-02-11 07:43:52.735536,62,1,0,22.5,30.16
2026-02-11 08:43:52.735536,89,1,0,23.2,30.33
2026-02-11 09:43:52.735536,57,1,0,24.8,31.31
2026-02-11 10:43:52.735536,5,0,0,27.6,21.73
2026-02-11 11:43:52.735536,183,2,0,26.9,43.64
2026-02-11 12:43:52.735536,249,2,0,26.7,45.89
2026-02-11 13:43:52.735536,278,2,0,23.6,45.2
2026-02-11 14:43:52.735536,163,2,0,26.6,44.18
2026-02-11 15:43:52.735536,61,3,0,26.5,27.14
2026-02-11 16:43:52.735536,66,3,0,23.3,26.78
2026-02-11 17:43:52.735536,51,3,0,21.5,26.23
2026-02-11 18:43:52.735536,5,0,0,18.1,21.19
2026-02-11 19:43:52.735536,134,4,0,18.9,40.5
2026-02-11 20:43:52.735536,150,4,0,16.1,41.21
2026-02-11 21:43:52.735536,118,4,0,14.2,43.57
2026-02-11 22:43:52.735536,4,0,0,14.6,24.32
2026-02-11 23:43:52.735536,5,0,0,14.4,20.65
2026-02-12 00:43:52.735536,6,0,0,13.2,22.6
2026-02-12 01:43:52.735536,5,0,0,14.4,21.73
2026-02-12 02:43:52.735536,5,0,0,16.3,18.72
2026-02-12 03:43:52.735536,4,0,0,14.5,19.02
2026-02-12 04:43:52.735536,4,0,0,17.1,18.81
2026-02-12 05:43:52.735536,5,0,0,18.1,20.76
2026-02-12 06:43:52.735536,5,0,0,20.9,21.95
2026-02-12 07:43:52.735536,56,1,0,21.3,30.72
2026-02-12 08:43:52.735536,68,1,0,21.8,31.9
2026-02-12 09:43:52.735536,53,1,0,24.0,29.09
2026-02-12 10:43:52.735536,4,0,0,24.1,20.04
2026-02-12 11:43:52.735536,130,2,0,26.4,43.17
2026-02-12 12:43:52.735536,219,2,0,25.5,42.95
2026-02-12 13:43:52.735536,224,2,0,23.1,44.58
2026-02-12 14:43:52.735536,135,2,0,25.6,43.2
2026-02-12 15:43:52.735536,62,3,0,25.6,27.65
2026-02-12 16:43:52.735536,57,3,0,24.4,27.27
2026-02-12 17:43:52.735536,63,3,0,20.0,27.72
2026-02-12 18:43:52.735536,4,0,0,19.5,21.47
2026-02-12 19:43:52.735536,126,4,0,20.2,39.45
2026-02-12 20:43:52.735536,194,4,0,17.8,41.53
2026-02-12 21:43:52.735536,103,4,0,16.5,40.3
2026-02-12 22:43:52.735536,5,0,0,15.7,22.02
2026-02-12 23:43:52.735536,5,0,0,16.9,18.27
2026-02-13 00:43:52.735536,4,0,0,12.5,20.35
2026-02-13 01:43:52.735536,5,0,0,12.5,22.88
2026-02-13 02:43:52.735536,5,0,0,13.0,19.91
2026-02-13 03:43:52.735536,5,0,0,13.5,21.42
2026-02-13 04:43:52.735536,5,0,0,17.9,20.37
2026-02-13 05:43:52.735536,3,0,0,17.5,18.59
2026-02-13 06:43:52.735536,5,0,0,19.7,22.41
2026-02-13 07:43:52.735536,58,1,0,19.9,31.31
2026-02-13 08:43:52.735536,76,1,0,23.1,31.65
2026-02-13 09:43:52.735536,68,1,0,24.0,30.73
2026-02-13 10:43:52.735536,4,0,0,23.2,20.81
2026-02-13 11:43:52.735536,139,2,0,25.9,42.59
2026-02-13 12:43:52.735536,228,2,0,25.3,44.24
2026-02-13 13:43:52.735536,167,2,0,26.4,43.43
2026-02-13 14:43:52.735536,136,2,0,25.0,41.13
2026-02-13 15:43:52.735536,54,3,0,22.3,27.97
2026-02-13 16:43:52.735536,49,3,0,22.4,25.87
2026-02-13 17:43:52.735536,71,3,0,21.2,29.05
2026-02-13 18:43:52.735536,5,0,0,20.9,20.36
2026-02-13 19:43:52.735536,129,4,0,17.2,41.43
2026-02-13 20:43:52.735536,161,4,0,17.2,40.77
2026-02-13 21:43:52.735536,110,4,0,16.0,40.72
2026-02-13 22:43:52.735536,4,0,0,13.3,23.84
2026-02-13 23:43:52.735536,5,0,0,13.7,21.67
2026-02-14 00:43:52.735536,5,0,1,12.8,20.72
2026-02-14 01:43:52.735536,3,0,1,13.2,22.17
2026-02-14 02:43:52.735536,4,0,1,11.5,20.39
2026-02-14 03:43:52.735536,5,0,1,15.4,19.69
2026-02-14 04:43:52.735536,4,0,1,14.4,20.75
2026-02-14 05:43:52.735536,5,0,1,17.8,19.87
2026-02-14 06:43:52.735536,4,0,1,19.6,21.38
2026-02-14 07:43:52.735536,38,1,1,19.9,30.65
2026-02-14 08:43:52.735536,35,1,1,23.9,29.45
2026-02-14 09:43:52.735536,43,1,1,23.8,28.5
2026-02-14 10:43:52.735536,4,0,1,25.1,20.85
2026-02-14 11:43:52.735536,89,2,1,26.7,41.49
2026-02-14 12:43:52.735536,94,2,1,23.7,41.27
2026-02-14 13:43:52.735536,98,2,1,24.7,41.63
2026-02-14 14:43:52.735536,94,2,1,25.6,42.84
2026-02-14 15:43:52.735536,31,3,1,24.5,26.07
2026-02-14 16:43:52.735536,29,3,1,23.8,25.21
2026-02-14 17:43:52.735536,35,3,1,19.5,28.48
2026-02-14 18:43:52.735536,5,0,1,21.6,21.44
2026-02-14 19:43:52.735536,95,4,1,17.9,40.21
2026-02-14 20:43:52.735536,84,4,1,16.4,40.64
2026-02-14 21:43:52.735536,85,4,1,14.3,42.66
2026-02-14 22:43:52.735536,4,0,1,14.8,22.24
2026-02-14 23:43:52.735536,4,0,1,11.6,21.43
2026-02-15 00:43:52.735536,3,0,1,14.1,21.8
2026-02-15 01:43:52.735536,4,0,1,13.8,21.72
2026-02-15 02:43:52.735536,5,0,1,14.2,22.04
2026-02-15 03:43:52.735536,4,0,1,15.1,20.24
2026-02-15 04:43:52.735536,5,0,1,17.7,20.81
2026-02-15 05:43:52.735536,4,0,1,17.0,19.31
2026-02-15 06:43:52.735536,5,0,1,18.8,21.84
2026-02-15 07:43:52.735536,28,1,1,20.2,30.43
2026-02-15 08:43:52.735536,40,1,1,21.6,30.85
2026-02-15 09:43:52.735536,40,1,1,23.2,30.47
2026-02-15 10:43:52.735536,5,0,1,24.2,20.04
2026-02-15 11:43:52.735536,109,2,1,25.6,41.69
2026-02-15 12:43:52.735536,116,2,1,25.8,43.06
2026-02-15 13:43:52.735536,107,2,1,26.9,42.94
2026-02-15 14:43:52.735536,96,2,1,24.2,41.66
2026-02-15 15:43:52.735536,38,3,1,23.0,26.33
2026-02-15 16:43:52.735536,37,3,1,22.6,25.84
2026-02-15 17:43:52.735536,36,3,1,20.2,27.47
2026-02-15 18:43:52.735536,4,0,1,18.6,22.4
2026-02-15 19:43:52.735536,88,4,1,18.3,38.69
2026-02-15 20:43:52.735536,95,4,1,15.8,40.72
2026-02-15 21:43:52.735536,100,4,1,16.7,40.3
2026-02-15 22:43:52.735536,5,0,1,12.6,25.04
2026-02-15 23:43:52.735536,4,0,1,12.5,21.79
2026-02-16 00:43:52.735536,4,0,0,12.3,22.6
2026-02-16 01:43:52.735536,4,0,0,12.1,20.53
2026-02-16 02:43:52.735536,5,0,0,14.2,20.78
2026-02-16 03:43:52.735536,5,0,0,14.9,20.75
2026-02-16 04:43:52.735536,5,0,0,16.3,19.51
2026-02-16 05:43:52.735536,5,0,0,18.8,19.45
2026-02-16 06:43:52.735536,4,0,0,18.5,21.64
2026-02-16 07:43:52.735536,53,1,0,22.4,30.1
2026-02-16 08:43:52.735536,88,1,0,24.3,30.19
2026-02-16 09:43:52.735536,59,1,0,24.0,29.19
2026-02-16 10:43:52.735536,4,0,0,25.0,20.9
2026-02-16 11:43:52.735536,116,2,0,23.0,42.87
2026-02-16 12:43:52.735536,213,2,0,24.6,44.15
2026-02-16 13:43:52.735536,215,2,0,22.7,43.05
2026-02-16 14:43:52.735536,145,2,0,24.2,41.38
2026-02-16 15:43:52.735536,63,3,0,23.1,27.01
2026-02-16 16:43:52.735536,60,3,0,22.9,27.11
2026-02-16 17:43:52.735536,49,3,0,19.4,27.62
2026-02-16 18:43:52.735536,4,0,0,19.0,21.15
2026-02-16 19:43:52.735536,105,4,0,17.8,40.96
2026-02-16 20:43:52.735536,168,4,0,16.8,42.94
2026-02-16 21:43:52.735536,128,4,0,14.5,41.22
2026-02-16 22:43:52.735536,5,0,0,15.2,22.93
2026-02-16 23:43:52.735536,4,0,0,11.5,20.85
2026-02-17 00:43:52.735536,5,0,0,13.0,21.65
2026-02-17 01:43:52.735536,5,0,0,12.1,20.28
2026-02-17 02:43:52.735536,4,0,0,14.5,19.62
2026-02-17 03:43:52.735536,4,0,0,13.8,20.47
2026-02-17 04:43:52.735536,5,0,0,16.3,19.55
2026-02-17 05:43:52.735536,4,0,0,16.6,20.0
2026-02-17 06:43:52.735536,5,0,0,19.5,21.28
2026-02-17 07:43:52.735536,50,1,0,19.5,31.62
2026-02-17 08:43:52.735536,73,1,0,21.5,31.14
2026-02-17 09:43:52.735536,57,1,0,24.3,29.69
2026-02-17 10:43:52.735536,4,0,0,26.3,20.56
2026-02-17 11:43:52.735536,139,2,0,24.8,42.47
2026-02-17 12:43:52.735536,186,2,0,25.9,44.88
2026-02-17 13:43:52.735536,227,2,0,22.5,42.8
2026-02-17 14:43:52.735536,137,2,0,24.5,42.29
2026-02-17 15:43:52.735536,61,3,0,22.5,27.87
2026-02-17 16:43:52.735536,61,3,0,21.3,27.87
2026-02-17 17:43:52.735536,63,3,0,21.2,26.27
2026-02-17 18:43:52.735536,4,0,0,17.8,22.47
2026-02-17 19:43:52.735536,97,4,0,16.8,40.53
2026-02-17 20:43:52.735536,182,4,0,16.0,43.63
2026-02-17 21:43:52.735536,120,4,0,15.1,42.09
2026-02-17 22:43:52.735536,5,0,0,15.9,22.13
2026-02-17 23:43:52.735536,4,0,0,12.2,20.01
2026-02-18 00:43:52.735536,4,0,0,12.2,22.35
2026-02-18 01:43:52.735536,5,0,0,15.1,19.62
2026-02-18 02:43:52.735536,4,0,0,15.4,21.1
2026-02-18 03:43:52.735536,4,0,0,15.1,19.71
2026-02-18 04:43:52.735536,5,0,0,16.9,20.14
2026-02-18 05:43:52.735536,4,0,0,19.0,18.99
2026-02-18 06:43:52.735536,5,0,0,18.1,22.74
2026-02-18 07:43:52.735536,59,1,0,21.5,31.11
2026-02-18 08:43:52.735536,78,1,0,21.1,31.05
2026-02-18 09:43:52.735536,51,1,0,23.4,30.07
2026-02-18 10:43:52.735536,4,0,0,23.1,19.8
2026-02-18 11:43:52.735536,194,2,0,24.1,43.53
2026-02-18 12:43:52.735536,228,2,0,25.3,44.87
2026-02-18 13:43:52.735536,237,2,0,25.8,44.08
2026-02-18 14:43:52.735536,158,2,0,22.1,43.61
2026-02-18 15:43:52.735536,69,3,0,24.1,26.46
2026-02-18 16:43:52.735536,45,3,0,21.8,26.06
2026-02-18 17:43:52.735536,57,3,0,18.9,27.85
2026-02-18 18:43:52.735536,3,0,0,16.8,21.07
2026-02-18 19:43:52.735536,113,4,0,18.3,40.34
2026-02-18 20:43:52.735536,156,4,0,14.2,42.99
2026-02-18 21:43:52.735536,96,4,0,15.5,41.72
2026-02-18 22:43:52.735536,3,0,0,15.0,21.97
2026-02-18 23:43:52.735536,5,0,0,14.2,21.2
2026-02-19 00:43:52.735536,5,0,0,10.9,22.36
2026-02-19 01:43:52.735536,5,0,0,11.7,22.36
2026-02-19 02:43:52.735536,4,0,0,15.1,19.34
2026-02-19 03:43:52.735536,5,0,0,15.7,18.41
2026-02-19 04:43:52.735536,5,0,0,15.6,21.02
2026-02-19 05:43:52.735536,5,0,0,19.5,19.32
2026-02-19 06:43:52.735536,5,0,0,19.7,20.5
2026-02-19 07:43:52.735536,52,1,0,21.5,29.91
2026-02-19 08:43:52.735536,89,1,0,22.5,31.66
2026-02-19 09:43:52.735536,49,1,0,24.5,30.5
2026-02-19 10:43:52.735536,4,0,0,24.6,20.88
2026-02-19 11:43:52.735536,139,2,0,23.3,42.08
2026-02-19 12:43:52.735536,242,2,0,23.8,44.7
2026-02-19 13:43:52.735536,196,2,0,26.5,44.12
2026-02-19 14:43:52.735536,138,2,0,23.5,42.36
2026-02-19 15:43:52.735536,47,3,0,23.4,25.75
2026-02-19 16:43:52.735536,63,3,0,22.1,26.61
2026-02-19 17:43:52.735536,59,3,0,21.1,28.24
2026-02-19 18:43:52.735536,5,0,0,20.6,20.39
2026-02-19 19:43:52.735536,114,4,0,17.4,40.21
2026-02-19 20:43:52.735536,159,4,0,15.5,42.73
2026-02-19 21:43:52.735536,132,4,0,15.9,41.99
2026-02-19 22:43:52.735536,5,0,0,12.9,24.11
2026-02-19 23:43:52.735536,5,0,0,14.3,21.51
2026-02-20 00:43:52.735536,4,0,0,15.1,20.72
2026-02-20 01:43:52.735536,5,0,0,12.6,21.92
2026-02-20 02:43:52.735536,4,0,0,16.1,19.9
2026-02-20 03:43:52.735536,4,0,0,13.8,20.6
2026-02-20 04:43:52.735536,4,0,0,16.8,20.31
2026-02-20 05:43:52.735536,5,0,0,17.7,19.57
2026-02-20 06:43:52.735536,5,0,0,20.9,21.91
2026-02-20 07:43:52.735536,48,1,0,20.3,30.5
2026-02-20 08:43:52.735536,75,1,0,21.9,31.15
2026-02-20 09:43:52.735536,54,1,0,23.7,29.61
2026-02-20 10:43:52.735536,4,0,0,24.3,21.35
2026-02-20 11:43:52.735536,120,2,0,26.7,41.55
2026-02-20 12:43:52.735536,243,2,0,25.7,45.8
2026-02-20 13:43:52.735536,194,2,0,23.1,44.0
2026-02-20 14:43:52.735536,137,2,0,22.9,42.31
2026-02-20 15:43:52.735536,63,3,0,24.3,25.1
2026-02-20 16:43:52.735536,59,3,0,24.2,26.94
2026-02-20 17:43:52.735536,62,3,0,20.0,26.82
2026-02-20 18:43:52.735536,4,0,0,19.2,22.68
2026-02-20 19:43:52.735536,128,4,0,19.3,39.32
2026-02-20 20:43:52.735536,150,4,0,14.7,43.15
2026-02-20 21:43:52.735536,101,4,0,14.8,42.05
2026-02-20 22:43:52.735536,5,0,0,13.4,24.29
2026-02-20 23:43:52.735536,4,0,0,13.6,20.57
2026-02-21 00:43:52.735536,4,0,1,13.7,20.5
2026-02-21 01:43:52.735536,4,0,1,15.0,20.98
2026-02-21 02:43:52.735536,4,0,1,12.6,21.92
2026-02-21 03:43:52.735536,4,0,1,15.0,19.48
2026-02-21 04:43:52.735536,4,0,1,16.8,19.64
2026-02-21 05:43:52.735536,4,0,1,20.4,18.13
2026-02-21 06:43:52.735536,4,0,1,21.6,21.95
2026-02-21 07:43:52.735536,46,1,1,20.9,31.18
2026-02-21 08:43:52.735536,44,1,1,23.7,31.27
2026-02-21 09:43:52.735536,41,1,1,22.5,30.42
2026-02-21 10:43:52.735536,5,0,1,24.6,19.69
2026-02-21 11:43:52.735536,93,2,1,26.4,42.36
2026-02-21 12:43:52.735536,98,2,1,24.5,40.02
2026-02-21 13:43:52.735536,99,2,1,24.1,42.92
2026-02-21 14:43:52.735536,98,2,1,25.8,43.01
2026-02-21 15:43:52.735536,34,3,1,23.3,27.03
2026-02-21 16:43:52.735536,38,3,1,23.1,24.87
2026-02-21 17:43:52.735536,38,3,1,20.3,26.73
2026-02-21 18:43:52.735536,4,0,1,20.0,21.3
2026-02-21 19:43:52.735536,103,4,1,17.4,40.28
2026-02-21 20:43:52.735536,85,4,1,15.5,41.14
2026-02-21 21:43:52.735536,83,4,1,15.0,39.9
2026-02-21 22:43:52.735536,5,0,1,14.6,24.16
2026-02-21 23:43:52.735536,5,0,1,13.2,22.57
2026-02-22 00:43:52.735536,3,0,1,13.1,21.99
2026-02-22 01:43:52.735536,4,0,1,13.4,20.75
2026-02-22 02:43:52.735536,5,0,1,14.9,19.6
2026-02-22 03:43:52.735536,5,0,1,12.8,21.14
2026-02-22 04:43:52.735536,5,0,1,15.5,20.58
2026-02-22 05:43:52.735536,4,0,1,16.9,19.8
2026-02-22 06:43:52.735536,4,0,1,22.5,20.07
2026-02-22 07:43:52.735536,29,1,1,20.9,32.39
2026-02-22 08:43:52.735536,41,1,1,23.5,29.4
2026-02-22 09:43:52.735536,34,1,1,22.9,29.46
2026-02-22 10:43:52.735536,4,0,1,23.2,21.32
2026-02-22 11:43:52.735536,101,2,1,25.0,40.77
2026-02-22 12:43:52.735536,90,2,1,26.0,41.7
2026-02-22 13:43:52.735536,114,2,1,25.4,43.46
2026-02-22 14:43:52.735536,110,2,1,23.3,42.34
2026-02-22 15:43:52.735536,35,3,1,22.6,25.3
2026-02-22 16:43:52.735536,38,3,1,22.2,26.47
2026-02-22 17:43:52.735536,31,3,1,23.6,25.62
2026-02-22 18:43:52.735536,4,0,1,20.6,20.25
2026-02-22 19:43:52.735536,89,4,1,18.8,39.52
2026-02-22 20:43:52.735536,96,4,1,16.4,40.65
2026-02-22 21:43:52.735536,95,4,1,15.1,41.77
2026-02-22 22:43:52.735536,4,0,1,12.4,23.65
2026-02-22 23:43:52.735536,4,0,1,13.5,21.3
2026-02-23 00:43:52.735536,5,0,0,10.5,22.74
2026-02-23 01:43:52.735536,5,0,0,13.5,21.14
2026-02-23 02:43:52.735536,4,0,0,14.7,20.72
2026-02-23 03:43:52.735536,5,0,0,13.9,19.87
2026-02-23 04:43:52.735536,4,0,0,16.6,18.54
2026-02-23 05:43:52.735536,4,0,0,15.8,20.57
2026-02-23 06:43:52.735536,5,0,0,22.2,22.16
2026-02-23 07:43:52.735536,50,1,0,21.6,29.94
2026-02-23 08:43:52.735536,74,1,0,21.0,32.64
2026-02-23 09:43:52.735536,60,1,0,23.3,31.18
2026-02-23 10:43:52.735536,4,0,0,26.0,20.62
2026-02-23 11:43:52.735536,126,2,0,25.5,42.58
2026-02-23 12:43:52.735536,193,2,0,25.7,43.99
2026-02-23 13:43:52.735536,176,2,0,28.0,43.38
2026-02-23 14:43:52.735536,122,2,0,25.0,40.29
2026-02-23 15:43:52.735536,59,3,0,24.1,24.96
2026-02-23 16:43:52.735536,56,3,0,24.7,25.32
2026-02-23 17:43:52.735536,66,3,0,23.5,28.08
2026-02-23 18:43:52.735536,5,0,0,20.7,19.44
2026-02-23 19:43:52.735536,102,4,0,16.4,41.06
2026-02-23 20:43:52.735536,143,4,0,16.8,43.1
2026-02-23 21:43:52.735536,133,4,0,15.4,42.89
2026-02-23 22:43:52.735536,5,0,0,14.9,23.59
2026-02-23 23:43:52.735536,4,0,0,14.8,21.55
2026-02-24 00:43:52.735536,4,0,0,14.9,21.82
2026-02-24 01:43:52.735536,5,0,0,13.6,20.6
2026-02-24 02:43:52.735536,4,0,0,12.5,20.6
2026-02-24 03:43:52.735536,4,0,0,15.4,20.33
2026-02-24 04:43:52.735536,5,0,0,17.4,18.8
2026-02-24 05:43:52.735536,5,0,0,18.9,18.92
2026-02-24 06:43:52.735536,4,0,0,19.7,21.75
2026-02-24 07:43:52.735536,50,1,0,19.4,32.31
2026-02-24 08:43:52.735536,78,1,0,21.6,32.38
2026-02-24 09:43:52.735536,57,1,0,25.8,30.63
2026-02-24 10:43:52.735536,5,0,0,27.0,21.2
2026-02-24 11:43:52.735536,121,2,0,28.1,43.39
2026-02-24 12:43:52.735536,200,2,0,24.7,43.1
2026-02-24 13:43:52.735536,215,2,0,26.0,45.58
2026-02-24 14:43:52.735536,130,2,0,25.6,43.56
2026-02-24 15:43:52.735536,57,3,0,24.0,25.44
2026-02-24 16:43:52.735536,68,3,0,23.9,25.68
2026-02-24 17:43:52.735536,65,3,0,20.7,27.65
2026-02-24 18:43:52.735536,5,0,0,20.1,21.92
2026-02-24 19:43:52.735536,117,4,0,19.5,37.95
2026-02-24 20:43:52.735536,163,4,0,17.0,43.23
2026-02-24 21:43:52.735536,136,4,0,17.3,41.18
2026-02-24 22:43:52.735536,5,0,0,16.1,22.11
2026-02-24 23:43:52.735536,5,0,0,13.3,21.11
2026-02-25 00:43:52.735536,4,0,0,12.5,20.6
2026-02-25 01:43:52.735536,5,0,0,14.0,19.09
2026-02-25 02:43:52.735536,4,0,0,14.5,21.02
2026-02-25 03:43:52.735536,5,0,0,15.6,20.61
2026-02-25 04:43:52.735536,5,0,0,16.6,19.6
2026-02-25 05:43:52.735536,5,0,0,18.3,17.91
2026-02-25 06:43:52.735536,4,0,0,23.4,19.97
2026-02-25 07:43:52.735536,55,1,0,21.7,30.16
2026-02-25 08:43:52.735536,80,1,0,25.1,30.79
2026-02-25 09:43:52.735536,52,1,0,24.5,30.47
2026-02-25 10:43:52.735536,5,0,0,23.5,19.92
2026-02-25 11:43:52.735536,212,2,0,23.2,44.89
2026-02-25 12:43:52.735536,210,2,0,27.8,46.4
2026-02-25 13:43:52.735536,226,2,0,29.1,45.22
2026-02-25 14:43:52.735536,170,2,0,27.3,44.07
2026-02-25 15:43:52.735536,56,3,0,25.6,27.22
2026-02-25 16:43:52.735536,60,3,0,24.9,27.94
2026-02-25 17:43:52.735536,49,3,0,20.4,26.41
2026-02-25 18:43:52.735536,5,0,0,19.9,22.36
2026-02-25 19:43:52.735536,113,4,0,20.4,40.28
2026-02-25 20:43:52.735536,160,4,0,17.7,41.14
2026-02-25 21:43:52.735536,108,4,0,16.5,43.22
2026-02-25 22:43:52.735536,4,0,0,17.3,22.27
2026-02-25 23:43:52.735536,4,0,0,13.0,21.98
2026-02-26 00:43:52.735536,4,0,0,14.8,19.04
2026-02-26 01:43:52.735536,5,0,0,14.3,20.27
2026-02-26 02:43:52.735536,4,0,0,16.1,20.11
2026-02-26 03:43:52.735536,4,0,0,16.3,20.87
2026-02-26 04:43:52.735536,5,0,0,16.6,20.03
2026-02-26 05:43:52.735536,5,0,0,19.8,19.96
2026-02-26 06:43:52.735536,5,0,0,21.5,21.77
2026-02-26 07:43:52.735536,61,1,0,22.1,29.8
2026-02-26 08:43:52.735536,74,1,0,23.4,30.31
2026-02-26 09:43:52.735536,49,1,0,23.5,29.38
2026-02-26 10:43:52.735536,4,0,0,27.7,19.78
2026-02-26 11:43:52.735536,136,2,0,26.0,43.01
2026-02-26 12:43:52.735536,205,2,0,28.9,45.28
2026-02-26 13:43:52.735536,195,2,0,25.4,44.86
2026-02-26 14:43:52.735536,139,2,0,26.5,43.82
2026-02-26 15:43:52.735536,64,3,0,27.7,26.82
2026-02-26 16:43:52.735536,64,3,0,23.8,27.23
2026-02-26 17:43:52.735536,63,3,0,22.6,27.9
2026-02-26 18:43:52.735536,4,0,0,20.9,19.44
2026-02-26 19:43:52.735536,120,4,0,18.5,40.87
2026-02-26 20:43:52.735536,146,4,0,17.6,40.88
2026-02-26 21:43:52.735536,121,4,0,16.9,41.16
2026-02-26 22:43:52.735536,4,0,0,15.1,23.13
2026-02-26 23:43:52.735536,5,0,0,17.2,19.86
2026-02-27 00:43:52.735536,5,0,0,12.8,20.95
2026-02-27 01:43:52.735536,5,0,0,17.1,19.57
2026-02-27 02:43:52.735536,4,0,0,14.9,21.87
2026-02-27 03:43:52.735536,4,0,0,17.0,21.48
2026-02-27 04:43:52.735536,6,0,0,18.1,19.58
2026-02-27 05:43:52.735536,5,0,0,19.8,17.71
2026-02-27 06:43:52.735536,5,0,0,21.9,19.44
2026-02-27 07:43:52.735536,51,1,0,22.8,31.28
2026-02-27 08:43:52.735536,85,1,0,23.1,30.79
2026-02-27 09:43:52.735536,50,1,0,26.2,29.14
2026-02-27 10:43:52.735536,5,0,0,27.8,20.02
2026-02-27 11:43:52.735536,145,2,0,27.4,44.23
2026-02-27 12:43:52.735536,194,2,0,26.5,43.06
2026-02-27 13:43:52.735536,201,2,0,27.0,45.15
2026-02-27 14:43:52.735536,118,2,0,27.4,42.97
2026-02-27 15:43:52.735536,63,3,0,25.7,27.18
2026-02-27 16:43:52.735536,53,3,0,25.3,27.05
2026-02-27 17:43:52.735536,57,3,0,21.6,27.18
2026-02-27 18:43:52.735536,4,0,0,22.3,20.65
2026-02-27 19:43:52.735536,106,4,0,20.4,39.86
2026-02-27 20:43:52.735536,185,4,0,18.9,42.93
2026-02-27 21:43:52.735536,104,4,0,15.7,42.9
2026-02-27 22:43:52.735536,4,0,0,18.1,22.54
2026-02-27 23:43:52.735536,5,0,0,17.4,20.38
2026-02-28 00:43:52.735536,5,0,1,15.5,19.53
2026-02-28 01:43:52.735536,5,0,1,15.0,19.45
2026-02-28 02:43:52.735536,4,0,1,17.7,18.63
2026-02-28 03:43:52.735536,5,0,1,17.8,19.39
2026-02-28 04:43:52.735536,4,0,1,20.1,18.76
2026-02-28 05:43:52.735536,5,0,1,19.5,18.86
2026-02-28 06:43:52.735536,4,0,1,21.8,20.62
2026-02-28 07:43:52.735536,40,1,1,22.9,30.71
2026-02-28 08:43:52.735536,37,1,1,25.2,30.61
2026-02-28 09:43:52.735536,35,1,1,25.4,30.06
2026-02-28 10:43:52.735536,4,0,1,27.6,21.56
2026-02-28 11:43:52.735536,99,2,1,26.8,42.62
2026-02-28 12:43:52.735536,100,2,1,26.8,42.85
2026-02-28 13:43:52.735536,102,2,1,26.5,40.68
2026-02-28 14:43:52.735536,110,2,1,27.8,43.87
2026-02-28 15:43:52.735536,32,3,1,26.2,26.27
2026-02-28 16:43:52.735536,31,3,1,25.9,26.57
2026-02-28 17:43:52.735536,41,3,1,21.8,27.77
2026-02-28 18:43:52.735536,5,0,1,22.9,19.72
2026-02-28 19:43:52.735536,83,4,1,19.0,39.44
2026-02-28 20:43:52.735536,84,4,1,17.6,41.44
2026-02-28 21:43:52.735536,94,4,1,18.2,40.4
2026-02-28 22:43:52.735536,4,0,1,15.7,24.11
2026-02-28 23:43:52.735536,4,0,1,15.2,21.33
2026-03-01 00:43:52.735536,4,0,1,15.4,20.72
2026-03-01 01:43:52.735536,5,0,1,16.0,20.41
2026-03-01 02:43:52.735536,4,0,1,17.3,17.72
2026-03-01 03:43:52.735536,4,0,1,18.4,19.27
2026-03-01 04:43:52.735536,4,0,1,20.7,17.67
2026-03-01 05:43:52.735536,4,0,1,22.8,17.51
2026-03-01 06:43:52.735536,5,0,1,23.8,18.67
2026-03-01 07:43:52.735536,35,1,1,23.9,28.77
2026-03-01 08:43:52.735536,48,1,1,25.9,30.89
2026-03-01 09:43:52.735536,33,1,1,26.6,31.46
2026-03-01 10:43:52.735536,5,0,1,27.3,21.24
2026-03-01 11:43:52.735536,111,2,1,28.4,44.67
2026-03-01 12:43:52.735536,101,2,1,28.3,41.53
2026-03-01 13:43:52.735536,101,2,1,30.4,44.42
2026-03-01 14:43:52.735536,105,2,1,28.1,43.09
2026-03-01 15:43:52.735536,33,3,1,25.8,25.65
2026-03-01 16:43:52.735536,37,3,1,25.9,26.77
2026-03-01 17:43:52.735536,36,3,1,23.0,25.81
2026-03-01 18:43:52.735536,4,0,1,21.1,21.88
2026-03-01 19:43:52.735536,84,4,1,22.1,38.5
2026-03-01 20:43:52.735536,81,4,1,20.4,36.03
2026-03-01 21:43:52.735536,87,4,1,19.4,38.17
2026-03-01 22:43:52.735536,6,0,1,17.9,22.66
2026-03-01 23:43:52.735536,4,0,1,15.3,19.89
2026-03-02 00:43:52.735536,4,0,0,18.4,20.09
2026-03-02 01:43:52.735536,5,0,0,18.2,18.76
2026-03-02 02:43:52.735536,5,0,0,16.6,19.46
2026-03-02 03:43:52.735536,4,0,0,17.8,18.7
2026-03-02 04:43:52.735536,4,0,0,19.4,17.9
2026-03-02 05:43:52.735536,5,0,0,20.5,18.28
2026-03-02 06:43:52.735536,6,0,0,23.1,20.49
2026-03-02 07:43:52.735536,62,1,0,23.4,29.68
2026-03-02 08:43:52.735536,74,1,0,25.2,29.45
2026-03-02 09:43:52.735536,65,1,0,28.4,31.8
2026-03-02 10:43:52.735536,6,0,0,29.0,20.41
2026-03-02 11:43:52.735536,142,2,0,30.4,46.37
2026-03-02 12:43:52.735536,215,2,0,29.5,45.83
2026-03-02 13:43:52.735536,190,2,0,29.4,47.54
2026-03-02 14:43:52.735536,146,2,0,29.0,44.56
2026-03-02 15:43:52.735536,50,3,0,29.1,27.13
2026-03-02 16:43:52.735536,61,3,0,26.5,28.09
2026-03-02 17:43:52.735536,61,3,0,24.8,28.01
2026-03-02 18:43:52.735536,4,0,0,24.8,19.93
2026-03-02 19:43:52.735536,112,4,0,24.0,37.65
2026-03-02 20:43:52.735536,184,4,0,19.1,40.93
2026-03-02 21:43:52.735536,133,4,0,19.2,40.43
2026-03-02 22:43:52.735536,5,0,0,19.5,21.63
2026-03-02 23:43:52.735536,5,0,0,19.3,18.77
2026-03-03 00:43:52.735536,5,0,0,15.4,18.42
2026-03-03 01:43:52.735536,4,0,0,18.0,18.82
2026-03-03 02:43:52.735536,5,0,0,17.2,19.48
2026-03-03 03:43:52.735536,4,0,0,20.9,17.6
2026-03-03 04:43:52.735536,5,0,0,19.5,19.07
2026-03-03 05:43:52.735536,4,0,0,21.0,18.78
2026-03-03 06:43:52.735536,5,0,0,21.8,20.88
2026-03-03 07:43:52.735536,46,1,0,25.3,31.14
2026-03-03 08:43:52.735536,80,1,0,26.6,31.68
2026-03-03 09:43:52.735536,59,1,0,27.5,30.48
2026-03-03 10:43:52.735536,4,0,0,31.5,22.82
2026-03-03 11:43:52.735536,148,2,0,31.1,44.54
2026-03-03 12:43:52.735536,239,2,0,29.6,46.01
2026-03-03 13:43:52.735536,224,2,0,29.3,47.13
2026-03-03 14:43:52.735536,148,2,0,30.2,44.77
2026-03-03 15:43:52.735536,60,3,0,28.8,29.03
2026-03-03 16:43:52.735536,66,3,0,26.0,26.8
2026-03-03 17:43:52.735536,71,3,0,25.0,26.11
2026-03-03 18:43:52.735536,4,0,0,22.9,20.02
2026-03-03 19:43:52.735536,132,4,0,20.6,38.45
2026-03-03 20:43:52.735536,121,4,0,20.1,40.43
2026-03-03 21:43:52.735536,134,4,0,19.7,40.04
2026-03-03 22:43:52.735536,4,0,0,19.1,21.57
2026-03-03 23:43:52.735536,5,0,0,18.5,18.91
2026-03-04 00:43:52.735536,4,0,0,19.4,19.07
2026-03-04 01:43:52.735536,4,0,0,19.1,19.05
2026-03-04 02:43:52.735536,4,0,0,19.8,18.31
2026-03-04 03:43:52.735536,4,0,0,20.4,19.15
2026-03-04 04:43:52.735536,5,0,0,20.2,17.75
2026-03-04 05:43:52.735536,5,0,0,24.5,16.62
2026-03-04 06:43:52.735536,4,0,0,21.5,20.74
2026-03-04 07:43:52.735536,63,1,0,25.3,30.22
2026-03-04 08:43:52.735536,73,1,0,28.7,31.24
2026-03-04 09:43:52.735536,55,1,0,28.7,31.91
2026-03-04 10:43:52.735536,4,0,0,29.3,20.34
2026-03-04 11:43:52.735536,167,2,0,28.0,43.2
2026-03-04 12:43:52.735536,292,2,0,32.4,49.67
2026-03-04 13:43:52.735536,236,2,0,28.5,45.4
2026-03-04 14:43:52.735536,137,2,0,29.4,44.94
2026-03-04 15:43:52.735536,64,3,0,28.0,27.04
2026-03-04 16:43:52.735536,55,3,0,28.5,28.19
2026-03-04 17:43:52.735536,59,3,0,24.4,26.82
2026-03-04 18:43:52.735536,5,0,0,25.6,19.55
2026-03-04 19:43:52.735536,135,4,0,23.8,37.66
2026-03-04 20:43:52.735536,159,4,0,21.1,41.0
2026-03-04 21:43:52.735536,117,4,0,19.7,40.03
2026-03-04 22:43:52.735536,5,0,0,19.3,22.27
2026-03-04 23:43:52.735536,4,0,0,17.0,20.01
